size,repetition,timed_iter,start_time,start_memory,end_memory,start_decrypt,end_decrypt,end_init,end_load,end_instantiate
1,0,0,1783074543796363,1783074543812321,1783074543813033,1783074543813040,1783074543846504,1783074543869402,1783074544289812,1783074544347396
1,0,1,1783074544464247,1783074544480197,1783074544480910,1783074544480918,1783074544514419,1783074544537317,1783074544957710,1783074545015294
1,0,2,1783074545131996,1783074545148609,1783074545149498,1783074545149517,1783074545183044,1783074545205951,1783074545626414,1783074545684006
1,0,3,1783074545800564,1783074545816537,1783074545817251,1783074545817259,1783074545850727,1783074545873642,1783074546294151,1783074546351997
1,0,4,1783074546468558,1783074546484524,1783074546485238,1783074546485245,1783074546518719,1783074546541630,1783074546962089,1783074547019677
1,0,5,1783074547136204,1783074547152168,1783074547152881,1783074547152888,1783074547186344,1783074547209245,1783074547629701,1783074547687303
1,0,6,1783074547804124,1783074547820091,1783074547820803,1783074547820810,1783074547854289,1783074547877197,1783074548297644,1783074548355231
1,0,7,1783074548471748,1783074548487708,1783074548488423,1783074548488432,1783074548521914,1783074548544826,1783074548965265,1783074549022860
1,0,8,1783074549139384,1783074549155341,1783074549156053,1783074549156061,1783074549189566,1783074549212473,1783074549632930,1783074549690518
1,0,9,1783074549807348,1783074549823306,1783074549824017,1783074549824025,1783074549857489,1783074549880396,1783074550300876,1783074550358466
1,0,10,1783074550475311,1783074550491284,1783074550491997,1783074550492005,1783074550525487,1783074550548421,1783074550968861,1783074551026453
1,0,11,1783074551143304,1783074551159265,1783074551159976,1783074551159983,1783074551193491,1783074551216390,1783074551636856,1783074551694444
1,0,12,1783074551811268,1783074551827218,1783074551827946,1783074551827953,1783074551861452,1783074551884345,1783074552304776,1783074552362367
1,0,13,1783074552479196,1783074552495160,1783074552495885,1783074552495893,1783074552529331,1783074552552250,1783074552972696,1783074553030279
1,0,14,1783074553147114,1783074553163073,1783074553163801,1783074553163808,1783074553197280,1783074553220176,1783074553640655,1783074553698242
1,0,15,1783074553814759,1783074553830722,1783074553831451,1783074553831458,1783074553864929,1783074553887833,1783074554308275,1783074554365859
1,0,16,1783074554482705,1783074554498656,1783074554499368,1783074554499374,1783074554532901,1783074554555805,1783074554976281,1783074555033860
1,0,17,1783074555150679,1783074555166642,1783074555167355,1783074555167362,1783074555200836,1783074555223739,1783074555644168,1783074555701749
1,0,18,1783074555818580,1783074555834530,1783074555835245,1783074555835253,1783074555868716,1783074555891607,1783074556312052,1783074556369645
1,0,19,1783074556486175,1783074556502135,1783074556502849,1783074556502856,1783074556536319,1783074556559234,1783074556979669,1783074557037252
1,0,20,1783074557154080,1783074557170059,1783074557170781,1783074557170789,1783074557204262,1783074557227153,1783074557647631,1783074557705218
1,0,21,1783074557822051,1783074557838023,1783074557838747,1783074557838754,1783074557872235,1783074557895127,1783074558315553,1783074558373142
1,0,22,1783074558489970,1783074558505923,1783074558506644,1783074558506652,1783074558540146,1783074558563044,1783074558983470,1783074559041049
1,0,23,1783074559157917,1783074559173876,1783074559174598,1783074559174606,1783074559207998,1783074559230900,1783074559651332,1783074559708921
1,0,24,1783074559825746,1783074559841715,1783074559842437,1783074559842445,1783074559875917,1783074559898821,1783074560319297,1783074560376879
1,0,25,1783074560493721,1783074560509676,1783074560510396,1783074560510404,1783074560543882,1783074560566783,1783074560987198,1783074561044777
1,0,26,1783074561161612,1783074561177578,1783074561178300,1783074561178307,1783074561211798,1783074561234700,1783074561655149,1783074561712732
1,0,27,1783074561829577,1783074561845531,1783074561846253,1783074561846260,1783074561879740,1783074561902644,1783074562323109,1783074562380693
1,0,28,1783074562497517,1783074562513480,1783074562514200,1783074562514208,1783074562547621,1783074562570533,1783074562990953,1783074563048531
1,0,29,1783074563165358,1783074563181338,1783074563182052,1783074563182059,1783074563215500,1783074563238406,1783074563658864,1783074563716449
1,0,30,1783074563833271,1783074563849226,1783074563849936,1783074563849944,1783074563883365,1783074563906261,1783074564326694,1783074564384281
1,0,31,1783074564501121,1783074564517081,1783074564517794,1783074564517802,1783074564551250,1783074564574150,1783074564994571,1783074565052150
1,0,32,1783074565168980,1783074565184937,1783074565185649,1783074565185656,1783074565219121,1783074565242029,1783074565662473,1783074565720060
1,0,33,1783074565836597,1783074565852549,1783074565853262,1783074565853269,1783074565886748,1783074565909647,1783074566330073,1783074566387657
1,0,34,1783074566504482,1783074566520437,1783074566521149,1783074566521156,1783074566554656,1783074566577555,1783074566997987,1783074567055574
1,0,35,1783074567172428,1783074567188394,1783074567189106,1783074567189113,1783074567222535,1783074567245431,1783074567665913,1783074567723500
1,0,36,1783074567840330,1783074567856297,1783074567857010,1783074567857017,1783074567890473,1783074567913369,1783074568333829,1783074568391417
1,0,37,1783074568508257,1783074568524213,1783074568524926,1783074568524933,1783074568558417,1783074568581316,1783074569001760,1783074569059343
1,0,38,1783074569176201,1783074569192155,1783074569192868,1783074569192875,1783074569226355,1783074569249250,1783074569669702,1783074569727298
1,0,39,1783074569844120,1783074569860080,1783074569860793,1783074569860801,1783074569894272,1783074569917186,1783074570337619,1783074570395200
1,0,40,1783074570511731,1783074570527698,1783074570528411,1783074570528418,1783074570561878,1783074570584773,1783074571005219,1783074571062811
1,0,41,1783074571179658,1783074571195613,1783074571196326,1783074571196332,1783074571229758,1783074571252652,1783074571673085,1783074571730666
1,0,42,1783074571847485,1783074571863439,1783074571864151,1783074571864159,1783074571897612,1783074571920504,1783074572340935,1783074572398520
1,0,43,1783074572515346,1783074572531310,1783074572532022,1783074572532030,1783074572565548,1783074572588446,1783074573008889,1783074573066472
1,0,44,1783074573183298,1783074573199271,1783074573199985,1783074573199993,1783074573233489,1783074573256394,1783074573676844,1783074573734442
1,0,45,1783074573851294,1783074573867252,1783074573867967,1783074573867975,1783074573901405,1783074573924299,1783074574344724,1783074574402310
1,0,46,1783074574519135,1783074574535106,1783074574535831,1783074574535839,1783074574569311,1783074574592212,1783074575012652,1783074575070237
1,0,47,1783074575187087,1783074575203041,1783074575203752,1783074575203759,1783074575237173,1783074575260068,1783074575680510,1783074575738095
1,0,48,1783074575854922,1783074575870883,1783074575871596,1783074575871604,1783074575905098,1783074575927997,1783074576348462,1783074576406047
1,0,49,1783074576522902,1783074576538855,1783074576539570,1783074576539578,1783074576573083,1783074576595983,1783074577016444,1783074577074034
1,1,0,1783074577190857,1783074577206828,1783074577207540,1783074577207547,1783074577241015,1783074577263911,1783074577684387,1783074577741969
1,1,1,1783074577858486,1783074577874441,1783074577875154,1783074577875160,1783074577908648,1783074577931552,1783074578351957,1783074578409552
1,1,2,1783074578526407,1783074578542368,1783074578543081,1783074578543088,1783074578576500,1783074578599397,1783074579019840,1783074579077423
1,1,3,1783074579194251,1783074579210225,1783074579210941,1783074579210948,1783074579244416,1783074579267313,1783074579687755,1783074579745339
1,1,4,1783074579862166,1783074579878110,1783074579878822,1783074579878829,1783074579912284,1783074579935178,1783074580355642,1783074580413226
1,1,5,1783074580530048,1783074580546036,1783074580546760,1783074580546767,1783074580580265,1783074580603166,1783074581023571,1783074581081154
1,1,6,1783074581197990,1783074581213958,1783074581214679,1783074581214686,1783074581248190,1783074581271090,1783074581691513,1783074581749089
1,1,7,1783074581865906,1783074581881863,1783074581882585,1783074581882592,1783074581916062,1783074581938963,1783074582359390,1783074582416973
1,1,8,1783074582533520,1783074582549470,1783074582550190,1783074582550197,1783074582583679,1783074582606577,1783074583027003,1783074583084585
1,1,9,1783074583201436,1783074583217386,1783074583218107,1783074583218114,1783074583251602,1783074583274508,1783074583694937,1783074583752523
1,1,10,1783074583869344,1783074583885313,1783074583886026,1783074583886034,1783074583919501,1783074583942399,1783074584362831,1783074584420415
1,1,11,1783074584537239,1783074584553228,1783074584553969,1783074584553976,1783074584587453,1783074584610350,1783074585030771,1783074585088363
1,1,12,1783074585205194,1783074585221156,1783074585221869,1783074585221876,1783074585255343,1783074585278246,1783074585698688,1783074585756273
1,1,13,1783074585873089,1783074585889050,1783074585889763,1783074585889771,1783074585923256,1783074585946163,1783074586366595,1783074586424179
1,1,14,1783074586541040,1783074586557003,1783074586557717,1783074586557724,1783074586591199,1783074586614103,1783074587034531,1783074587092116
1,1,15,1783074587208946,1783074587224898,1783074587225611,1783074587225619,1783074587259114,1783074587282011,1783074587702428,1783074587760008
1,1,16,1783074587876836,1783074587892791,1783074587893504,1783074587893512,1783074587927006,1783074587949915,1783074588370335,1783074588427921
1,1,17,1783074588544802,1783074588560775,1783074588561489,1783074588561497,1783074588594972,1783074588617864,1783074589038293,1783074589095883
1,1,18,1783074589212417,1783074589228380,1783074589229094,1783074589229101,1783074589262530,1783074589285427,1783074589705918,1783074589763540
1,1,19,1783074589880364,1783074589896316,1783074589897028,1783074589897035,1783074589930413,1783074589953308,1783074590373767,1783074590431351
1,1,20,1783074590548194,1783074590564155,1783074590564867,1783074590564874,1783074590598364,1783074590621269,1783074591041709,1783074591099288
1,1,21,1783074591215798,1783074591231745,1783074591232456,1783074591232463,1783074591265963,1783074591288857,1783074591709346,1783074591766940
1,1,22,1783074591883459,1783074591899427,1783074591900139,1783074591900146,1783074591933630,1783074591956530,1783074592376973,1783074592434558
1,1,23,1783074592551397,1783074592567347,1783074592568058,1783074592568065,1783074592601544,1783074592624440,1783074593044866,1783074593102455
1,1,24,1783074593219283,1783074593235232,1783074593235945,1783074593235952,1783074593269411,1783074593292305,1783074593712749,1783074593770336
1,1,25,1783074593887177,1783074593903126,1783074593903840,1783074593903847,1783074593937356,1783074593960256,1783074594380709,1783074594438293
1,1,26,1783074594555129,1783074594571087,1783074594571798,1783074594571805,1783074594605252,1783074594628150,1783074595048576,1783074595106169
1,1,27,1783074595222684,1783074595238643,1783074595239359,1783074595239366,1783074595272856,1783074595295762,1783074595716215,1783074595773801
1,1,28,1783074595890620,1783074595906584,1783074595907301,1783074595907308,1783074595940781,1783074595963685,1783074596384121,1783074596441709
1,1,29,1783074596558551,1783074596574502,1783074596575213,1783074596575220,1783074596608710,1783074596631605,1783074597052061,1783074597109651
1,1,30,1783074597226479,1783074597242448,1783074597243161,1783074597243169,1783074597276653,1783074597299554,1783074597720007,1783074597777595
1,1,31,1783074597894416,1783074597910370,1783074597911082,1783074597911089,1783074597944582,1783074597967481,1783074598387907,1783074598445493
1,1,32,1783074598562053,1783074598578014,1783074598578734,1783074598578741,1783074598612213,1783074598635113,1783074599055571,1783074599113150
1,1,33,1783074599229975,1783074599245939,1783074599246660,1783074599246667,1783074599280111,1783074599303009,1783074599723451,1783074599781031
1,1,34,1783074599897882,1783074599913834,1783074599914559,1783074599914566,1783074599948076,1783074599970983,1783074600391436,1783074600449019
1,1,35,1783074600565862,1783074600581818,1783074600582556,1783074600582564,1783074600615970,1783074600638865,1783074601059290,1783074601116870
1,1,36,1783074601233705,1783074601249666,1783074601250401,1783074601250408,1783074601283864,1783074601306772,1783074601727229,1783074601784812
1,1,37,1783074601901637,1783074601917586,1783074601918309,1783074601918316,1783074601951822,1783074601974731,1783074602395183,1783074602452768
1,1,38,1783074602569307,1783074602585273,1783074602585986,1783074602585995,1783074602619482,1783074602642376,1783074603062823,1783074603120412
1,1,39,1783074603237256,1783074603253215,1783074603253929,1783074603253936,1783074603287438,1783074603310344,1783074603730801,1783074603788392
1,1,40,1783074603904939,1783074603920896,1783074603921608,1783074603921616,1783074603955048,1783074603977950,1783074604398413,1783074604456000
1,1,41,1783074604572860,1783074604588811,1783074604589537,1783074604589545,1783074604623033,1783074604645928,1783074605066340,1783074605123929
1,1,42,1783074605240760,1783074605256723,1783074605257455,1783074605257462,1783074605290953,1783074605313854,1783074605734326,1783074605791909
1,1,43,1783074605908739,1783074605924686,1783074605925415,1783074605925422,1783074605958927,1783074605981833,1783074606402254,1783074606459840
1,1,44,1783074606576697,1783074606592667,1783074606593386,1783074606593392,1783074606626880,1783074606649774,1783074607070246,1783074607127833
1,1,45,1783074607244665,1783074607260636,1783074607261364,1783074607261371,1783074607294764,1783074607317668,1783074607738113,1783074607795703
1,1,46,1783074607912528,1783074607928477,1783074607929188,1783074607929194,1783074607962604,1783074607985499,1783074608405921,1783074608463505
1,1,47,1783074608580353,1783074608596326,1783074608597040,1783074608597047,1783074608630527,1783074608653430,1783074609073854,1783074609131431
1,1,48,1783074609248249,1783074609264207,1783074609264946,1783074609264953,1783074609298398,1783074609321303,1783074609741757,1783074609799346
1,1,49,1783074609915868,1783074609931817,1783074609932533,1783074609932540,1783074609966013,1783074609988910,1783074610409347,1783074610466934
1,2,0,1783074610583489,1783074610599445,1783074610600157,1783074610600164,1783074610633645,1783074610656549,1783074611076999,1783074611134581
1,2,1,1783074611251401,1783074611267366,1783074611268091,1783074611268098,1783074611301541,1783074611324433,1783074611744874,1783074611802458
1,2,2,1783074611919319,1783074611935283,1783074611936009,1783074611936016,1783074611969441,1783074611992332,1783074612412806,1783074612470401
1,2,3,1783074612587248,1783074612603220,1783074612603933,1783074612603940,1783074612637428,1783074612660327,1783074613080755,1783074613138337
1,2,4,1783074613255156,1783074613271120,1783074613271844,1783074613271852,1783074613305296,1783074613328191,1783074613748648,1783074613806236
1,2,5,1783074613923060,1783074613939013,1783074613939738,1783074613939745,1783074613973238,1783074613996132,1783074614416591,1783074614474175
1,2,6,1783074614591033,1783074614606991,1783074614607720,1783074614607728,1783074614641209,1783074614664111,1783074615084552,1783074615142136
1,2,7,1783074615258958,1783074615274929,1783074615275644,1783074615275651,1783074615309097,1783074615331995,1783074615752462,1783074615810049
1,2,8,1783074615926577,1783074615942532,1783074615943252,1783074615943259,1783074615976750,1783074615999644,1783074616420118,1783074616477705
1,2,9,1783074616594554,1783074616610509,1783074616611223,1783074616611229,1783074616644740,1783074616667637,1783074617088101,1783074617145690
1,2,10,1783074617262525,1783074617278478,1783074617279194,1783074617279201,1783074617312669,1783074617335567,1783074617755991,1783074617813585
1,2,11,1783074617930431,1783074617946397,1783074617947110,1783074617947119,1783074617980600,1783074618003499,1783074618423962,1783074618481547
1,2,12,1783074618598390,1783074618614357,1783074618615077,1783074618615084,1783074618648552,1783074618671457,1783074619091911,1783074619149796
1,2,13,1783074619266627,1783074619282586,1783074619283297,1783074619283304,1783074619316767,1783074619339672,1783074619760116,1783074619817700
1,2,14,1783074619934533,1783074619950484,1783074619951198,1783074619951205,1783074619984702,1783074620007597,1783074620428048,1783074620485635
1,2,15,1783074620602488,1783074620618436,1783074620619148,1783074620619156,1783074620652639,1783074620675534,1783074621095989,1783074621153569
1,2,16,1783074621270399,1783074621286361,1783074621287074,1783074621287081,1783074621320583,1783074621343486,1783074621763972,1783074621821552
1,2,17,1783074621938384,1783074621954335,1783074621955056,1783074621955063,1783074621988553,1783074622011445,1783074622431846,1783074622489435
1,2,18,1783074622606266,1783074622622229,1783074622622948,1783074622622955,1783074622656440,1783074622679344,1783074623099791,1783074623157373
1,2,19,1783074623274208,1783074623290176,1783074623290888,1783074623290895,1783074623324333,1783074623347232,1783074623767683,1783074623825268
1,2,20,1783074623942108,1783074623958079,1783074623958817,1783074623958825,1783074623992304,1783074624015201,1783074624435648,1783074624493234
1,2,21,1783074624610050,1783074624626018,1783074624626756,1783074624626764,1783074624660191,1783074624683087,1783074625103506,1783074625161100
1,2,22,1783074625277930,1783074625293905,1783074625294650,1783074625294657,1783074625328118,1783074625351021,1783074625771511,1783074625829102
1,2,23,1783074625945916,1783074625961887,1783074625962605,1783074625962612,1783074625996118,1783074626019027,1783074626439469,1783074626497060
1,2,24,1783074626613900,1783074626629877,1783074626630604,1783074626630612,1783074626664110,1783074626687017,1783074627107479,1783074627165064
1,2,25,1783074627281887,1783074627297847,1783074627298581,1783074627298589,1783074627332060,1783074627354969,1783074627775432,1783074627833017
1,2,26,1783074627949833,1783074627965791,1783074627966530,1783074627966538,1783074627999945,1783074628022847,1783074628443306,1783074628500886
1,2,27,1783074628617712,1783074628633666,1783074628634387,1783074628634393,1783074628667801,1783074628690702,1783074629111142,1783074629168726
1,2,28,1783074629285572,1783074629301524,1783074629302256,1783074629302263,1783074629335708,1783074629358611,1783074629779106,1783074629836694
1,2,29,1783074629953523,1783074629969480,1783074629970202,1783074629970209,1783074630003697,1783074630026602,1783074630447051,1783074630504630
1,2,30,1783074630621456,1783074630637406,1783074630638128,1783074630638135,1783074630671614,1783074630694525,1783074631114995,1783074631172580
1,2,31,1783074631289405,1783074631305357,1783074631306071,1783074631306079,1783074631339542,1783074631362440,1783074631782912,1783074631840800
1,2,32,1783074631957620,1783074631973594,1783074631974330,1783074631974337,1783074632007821,1783074632030726,1783074632451176,1783074632508762
1,2,33,1783074632625590,1783074632641549,1783074632642271,1783074632642278,1783074632675769,1783074632698673,1783074633119083,1783074633176667
1,2,34,1783074633293508,1783074633309477,1783074633310200,1783074633310207,1783074633343699,1783074633366608,1783074633787083,1783074633844669
1,2,35,1783074633961234,1783074633977209,1783074633977923,1783074633977930,1783074634011359,1783074634034265,1783074634454707,1783074634512290
1,2,36,1783074634629128,1783074634645072,1783074634645801,1783074634645808,1783074634679287,1783074634702183,1783074635122656,1783074635180247
1,2,37,1783074635297093,1783074635313042,1783074635313772,1783074635313779,1783074635347245,1783074635370149,1783074635790616,1783074635848199
1,2,38,1783074635965025,1783074635980987,1783074635981716,1783074635981723,1783074636015203,1783074636038102,1783074636458583,1783074636516186
1,2,39,1783074636633029,1783074636648976,1783074636649696,1783074636649703,1783074636683204,1783074636706124,1783074637126569,1783074637184158
1,2,40,1783074637300683,1783074637316656,1783074637317387,1783074637317395,1783074637350840,1783074637373738,1783074637794221,1783074637851802
1,2,41,1783074637968619,1783074637984575,1783074637985289,1783074637985297,1783074638018753,1783074638041659,1783074638462086,1783074638519670
1,2,42,1783074638636508,1783074638652467,1783074638653196,1783074638653204,1783074638686677,1783074638709570,1783074639130049,1783074639187643
1,2,43,1783074639304487,1783074639320436,1783074639321174,1783074639321181,1783074639354606,1783074639377509,1783074639797955,1783074639855539
1,2,44,1783074639972399,1783074639988362,1783074639989091,1783074639989098,1783074640022501,1783074640045400,1783074640465891,1783074640523476
1,2,45,1783074640640300,1783074640656246,1783074640656976,1783074640656984,1783074640690398,1783074640713293,1783074641133713,1783074641191301
1,2,46,1783074641308126,1783074641324072,1783074641324783,1783074641324789,1783074641358264,1783074641381170,1783074641801654,1783074641859239
1,2,47,1783074641976070,1783074641992024,1783074641992751,1783074641992759,1783074642026242,1783074642049146,1783074642469620,1783074642527206
1,2,48,1783074642644053,1783074642660014,1783074642660730,1783074642660737,1783074642694237,1783074642717133,1783074643137580,1783074643195160
1,2,49,1783074643311711,1783074643327666,1783074643328378,1783074643328387,1783074643361886,1783074643384783,1783074643805248,1783074643862837
1,3,0,1783074643979667,1783074643995628,1783074643996358,1783074643996365,1783074644029796,1783074644052690,1783074644473142,1783074644530725
1,3,1,1783074644647575,1783074644663537,1783074644664255,1783074644664262,1783074644697752,1783074644720651,1783074645141075,1783074645198669
1,3,2,1783074645315533,1783074645331484,1783074645332218,1783074645332225,1783074645365672,1783074645388570,1783074645809057,1783074645866643
1,3,3,1783074645983465,1783074645999437,1783074646000150,1783074646000158,1783074646033662,1783074646056558,1783074646477013,1783074646534597
1,3,4,1783074646651446,1783074646667430,1783074646668146,1783074646668153,1783074646701644,1783074646724539,1783074647145003,1783074647202580
1,3,5,1783074647319437,1783074647335410,1783074647336149,1783074647336156,1783074647369627,1783074647392528,1783074647812997,1783074647870585
1,3,6,1783074647987439,1783074648003427,1783074648004141,1783074648004149,1783074648037581,1783074648060486,1783074648480964,1783074648538550
1,3,7,1783074648655386,1783074648671342,1783074648672055,1783074648672063,1783074648705527,1783074648728431,1783074649148872,1783074649206452
1,3,8,1783074649323269,1783074649339229,1783074649339943,1783074649339949,1783074649373416,1783074649396321,1783074649816805,1783074649874391
1,3,9,1783074649991217,1783074650007180,1783074650007891,1783074650007898,1783074650041337,1783074650064230,1783074650484647,1783074650542241
1,3,10,1783074650659114,1783074650675060,1783074650675772,1783074650675780,1783074650709254,1783074650732153,1783074651152610,1783074651210193
1,3,11,1783074651326743,1783074651342697,1783074651343409,1783074651343416,1783074651376887,1783074651399781,1783074651820233,1783074651878124
1,3,12,1783074651994949,1783074652010909,1783074652011620,1783074652011627,1783074652045076,1783074652067971,1783074652488434,1783074652546021
1,3,13,1783074652662565,1783074652678513,1783074652679227,1783074652679234,1783074652712733,1783074652735631,1783074653156050,1783074653213640
1,3,14,1783074653330178,1783074653346150,1783074653346863,1783074653346870,1783074653380298,1783074653403198,1783074653823668,1783074653881252
1,3,15,1783074653998089,1783074654014052,1783074654014773,1783074654014781,1783074654048278,1783074654071174,1783074654491599,1783074654549186
1,3,16,1783074654665726,1783074654681679,1783074654682400,1783074654682408,1783074654715887,1783074654738793,1783074655159245,1783074655216821
1,3,17,1783074655333673,1783074655349629,1783074655350352,1783074655350360,1783074655383826,1783074655406738,1783074655827206,1783074655884791
1,3,18,1783074656001624,1783074656017587,1783074656018309,1783074656018317,1783074656051786,1783074656074685,1783074656495141,1783074656552727
1,3,19,1783074656669553,1783074656685518,1783074656686239,1783074656686247,1783074656719739,1783074656742645,1783074657163106,1783074657220684
1,3,20,1783074657337512,1783074657353478,1783074657354213,1783074657354221,1783074657387697,1783074657410609,1783074657831066,1783074657888663
1,3,21,1783074658005497,1783074658021451,1783074658022172,1783074658022178,1783074658055648,1783074658078550,1783074658498989,1783074658556571
1,3,22,1783074658673399,1783074658689353,1783074658690066,1783074658690074,1783074658723547,1783074658746451,1783074659166900,1783074659224495
1,3,23,1783074659341307,1783074659357261,1783074659357983,1783074659357990,1783074659391503,1783074659414407,1783074659834865,1783074659892450
1,3,24,1783074660008988,1783074660024943,1783074660025663,1783074660025670,1783074660059080,1783074660081977,1783074660502425,1783074660560015
1,3,25,1783074660676552,1783074660692505,1783074660693219,1783074660693226,1783074660726615,1783074660749510,1783074661169925,1783074661227812
1,3,26,1783074661344645,1783074661360609,1783074661361338,1783074661361346,1783074661394837,1783074661417731,1783074661838210,1783074661895812
1,3,27,1783074662012652,1783074662028607,1783074662029320,1783074662029327,1783074662062804,1783074662085705,1783074662506135,1783074662563720
1,3,28,1783074662680570,1783074662696534,1783074662697246,1783074662697254,1783074662730728,1783074662753626,1783074663174101,1783074663231687
1,3,29,1783074663348506,1783074663364465,1783074663365177,1783074663365185,1783074663398638,1783074663421544,1783074663842016,1783074663899602
1,3,30,1783074664016423,1783074664032373,1783074664033085,1783074664033092,1783074664066572,1783074664089465,1783074664509913,1783074664567499
1,3,31,1783074664684335,1783074664700313,1783074664701025,1783074664701032,1783074664734533,1783074664757429,1783074665177872,1783074665235456
1,3,32,1783074665352305,1783074665368263,1783074665368992,1783074665368999,1783074665402498,1783074665425394,1783074665845878,1783074665903462
1,3,33,1783074666020288,1783074666036250,1783074666036988,1783074666036996,1783074666070468,1783074666093364,1783074666513790,1783074666571374
1,3,34,1783074666688201,1783074666704166,1783074666704882,1783074666704889,1783074666738346,1783074666761248,1783074667181699,1783074667239282
1,3,35,1783074667356122,1783074667372074,1783074667372787,1783074667372795,1783074667406303,1783074667429201,1783074667849648,1783074667907233
1,3,36,1783074668024067,1783074668040044,1783074668040757,1783074668040765,1783074668074233,1783074668097128,1783074668517599,1783074668575181
1,3,37,1783074668692027,1783074668707981,1783074668708693,1783074668708701,1783074668742143,1783074668765045,1783074669185480,1783074669243063
1,3,38,1783074669359896,1783074669375844,1783074669376571,1783074669376578,1783074669410087,1783074669432982,1783074669853447,1783074669911029
1,3,39,1783074670027851,1783074670043821,1783074670044534,1783074670044543,1783074670078013,1783074670100908,1783074670521324,1783074670578914
1,3,40,1783074670695786,1783074670711745,1783074670712467,1783074670712474,1783074670745941,1783074670768843,1783074671189306,1783074671246893
1,3,41,1783074671363435,1783074671379386,1783074671380098,1783074671380106,1783074671413576,1783074671436472,1783074671856905,1783074671914491
1,3,42,1783074672031317,1783074672047268,1783074672047981,1783074672047988,1783074672081442,1783074672104340,1783074672524782,1783074672582366
1,3,43,1783074672699190,1783074672715143,1783074672715856,1783074672715864,1783074672749284,1783074672772188,1783074673192632,1783074673250216
1,3,44,1783074673366751,1783074673382702,1783074673383414,1783074673383422,1783074673416884,1783074673439780,1783074673860266,1783074673917869
1,3,45,1783074674034692,1783074674050663,1783074674051378,1783074674051385,1783074674084860,1783074674107758,1783074674528193,1783074674585784
1,3,46,1783074674702615,1783074674718567,1783074674719279,1783074674719287,1783074674752769,1783074674775675,1783074675196135,1783074675253719
1,3,47,1783074675370572,1783074675386522,1783074675387236,1783074675387243,1783074675420736,1783074675443642,1783074675864071,1783074675921654
1,3,48,1783074676038485,1783074676054441,1783074676055155,1783074676055163,1783074676088552,1783074676111447,1783074676531912,1783074676589495
1,3,49,1783074676706353,1783074676722324,1783074676723049,1783074676723057,1783074676756521,1783074676779427,1783074677199850,1783074677257435
1,4,0,1783074677374285,1783074677390257,1783074677390969,1783074677390976,1783074677424467,1783074677447369,1783074677867878,1783074677925456
1,4,1,1783074678042311,1783074678058283,1783074678058996,1783074678059004,1783074678092497,1783074678115398,1783074678535855,1783074678593439
1,4,2,1783074678709968,1783074678725927,1783074678726651,1783074678726658,1783074678760129,1783074678783024,1783074679203450,1783074679261036
1,4,3,1783074679377857,1783074679393828,1783074679394562,1783074679394570,1783074679428044,1783074679450959,1783074679871389,1783074679928974
1,4,4,1783074680045799,1783074680061748,1783074680062486,1783074680062493,1783074680095969,1783074680118874,1783074680539332,1783074680596918
1,4,5,1783074680713742,1783074680729703,1783074680730438,1783074680730446,1783074680763938,1783074680786839,1783074681207300,1783074681264884
1,4,6,1783074681381412,1783074681397375,1783074681398088,1783074681398103,1783074681431568,1783074681454468,1783074681874958,1783074681932544
1,4,7,1783074682049074,1783074682065057,1783074682065768,1783074682065776,1783074682099263,1783074682122163,1783074682542594,1783074682600180
1,4,8,1783074682716706,1783074682732657,1783074682733378,1783074682733385,1783074682766869,1783074682789766,1783074683210228,1783074683267818
1,4,9,1783074683384648,1783074683400601,1783074683401314,1783074683401321,1783074683434798,1783074683457697,1783074683878166,1783074683936053
1,4,10,1783074684052603,1783074684068552,1783074684069265,1783074684069272,1783074684102738,1783074684125640,1783074684546126,1783074684604009
1,4,11,1783074684720835,1783074684736784,1783074684737496,1783074684737503,1783074684770947,1783074684793847,1783074685214261,1783074685271840
1,4,12,1783074685388658,1783074685404617,1783074685405328,1783074685405335,1783074685438817,1783074685461715,1783074685882229,1783074685939813
1,4,13,1783074686056637,1783074686072586,1783074686073298,1783074686073305,1783074686106699,1783074686129594,1783074686550004,1783074686607587
1,4,14,1783074686724417,1783074686740372,1783074686741089,1783074686741097,1783074686774584,1783074686797481,1783074687217906,1783074687275500
1,4,15,1783074687392342,1783074687408295,1783074687409029,1783074687409037,1783074687442486,1783074687465384,1783074687885805,1783074687943395
1,4,16,1783074688060220,1783074688076176,1783074688076906,1783074688076913,1783074688110363,1783074688133260,1783074688553730,1783074688611317
1,4,17,1783074688728165,1783074688744109,1783074688744829,1783074688744836,1783074688778297,1783074688801187,1783074689221655,1783074689279246
1,4,18,1783074689395777,1783074689411743,1783074689412461,1783074689412468,1783074689445938,1783074689468835,1783074689889288,1783074689946882
1,4,19,1783074690063695,1783074690079659,1783074690080373,1783074690080382,1783074690113861,1783074690136757,1783074690557208,1783074690614795
1,4,20,1783074690731643,1783074690747591,1783074690748303,1783074690748309,1783074690781803,1783074690804698,1783074691225160,1783074691282764
1,4,21,1783074691399605,1783074691415559,1783074691416272,1783074691416279,1783074691449773,1783074691472672,1783074691893123,1783074691950708
1,4,22,1783074692067558,1783074692083515,1783074692084228,1783074692084235,1783074692117709,1783074692140602,1783074692561055,1783074692618645
1,4,23,1783074692735466,1783074692751419,1783074692752132,1783074692752140,1783074692785574,1783074692808480,1783074693228944,1783074693286523
1,4,24,1783074693403365,1783074693419333,1783074693420044,1783074693420051,1783074693453555,1783074693476453,1783074693896936,1783074693954519
1,4,25,1783074694071339,1783074694087298,1783074694088010,1783074694088017,1783074694121523,1783074694144418,1783074694564848,1783074694622439
1,4,26,1783074694738959,1783074694754931,1783074694755658,1783074694755666,1783074694789151,1783074694812056,1783074695232492,1783074695290074
1,4,27,1783074695406900,1783074695422861,1783074695423588,1783074695423595,1783074695457085,1783074695479980,1783074695900457,1783074695958046
1,4,28,1783074696074884,1783074696090840,1783074696091559,1783074696091566,1783074696125051,1783074696147943,1783074696568362,1783074696625951
1,4,29,1783074696742778,1783074696758730,1783074696759441,1783074696759448,1783074696792857,1783074696815756,1783074697236189,1783074697293772
1,4,30,1783074697410585,1783074697426541,1783074697427255,1783074697427262,1783074697460685,1783074697483582,1783074697904059,1783074697961643
1,4,31,1783074698078469,1783074698094414,1783074698095135,1783074698095142,1783074698128602,1783074698151496,1783074698571946,1783074698629537
1,4,32,1783074698746376,1783074698762343,1783074698763069,1783074698763077,1783074698796491,1783074698819395,1783074699239838,1783074699297417
1,4,33,1783074699414255,1783074699430211,1783074699430937,1783074699430944,1783074699464409,1783074699487313,1783074699907754,1783074699965350
1,4,34,1783074700082179,1783074700098122,1783074700098843,1783074700098850,1783074700132318,1783074700155221,1783074700575684,1783074700633280
1,4,35,1783074700750092,1783074700766053,1783074700766774,1783074700766781,1783074700800234,1783074700823125,1783074701243547,1783074701301128
1,4,36,1783074701417973,1783074701433926,1783074701434646,1783074701434653,1783074701468117,1783074701491019,1783074701911499,1783074701969085
1,4,37,1783074702084717,1783074702100670,1783074702101385,1783074702101393,1783074702134873,1783074702157771,1783074702578209,1783074702635790
1,4,38,1783074702752632,1783074702768583,1783074702769298,1783074702769304,1783074702802782,1783074702825686,1783074703246134,1783074703303714
1,4,39,1783074703420556,1783074703436520,1783074703437234,1783074703437241,1783074703470679,1783074703493586,1783074703914057,1783074703971643
1,4,40,1783074704088467,1783074704104415,1783074704105133,1783074704105140,1783074704138545,1783074704161439,1783074704581893,1783074704639482
1,4,41,1783074704756304,1783074704772258,1783074704772975,1783074704772982,1783074704806480,1783074704829370,1783074705249819,1783074705307408
1,4,42,1783074705424231,1783074705440177,1783074705440892,1783074705440899,1783074705474390,1783074705497285,1783074705917768,1783074705975355
1,4,43,1783074706092177,1783074706108129,1783074706108841,1783074706108848,1783074706142324,1783074706165227,1783074706585651,1783074706643228
1,4,44,1783074706760074,1783074706776040,1783074706776760,1783074706776768,1783074706810245,1783074706833145,1783074707253604,1783074707311187
1,4,45,1783074707428018,1783074707443978,1783074707444697,1783074707444704,1783074707478150,1783074707501052,1783074707921543,1783074707979140
1,4,46,1783074708095669,1783074708111626,1783074708112343,1783074708112351,1783074708145825,1783074708168725,1783074708589182,1783074708646771
1,4,47,1783074708763310,1783074708779256,1783074708779982,1783074708779989,1783074708813503,1783074708836401,1783074709256863,1783074709314446
1,4,48,1783074709431293,1783074709447265,1783074709447979,1783074709447986,1783074709481487,1783074709504384,1783074709924897,1783074709982486
1,4,49,1783074710099307,1783074710115258,1783074710115981,1783074710115988,1783074710149395,1783074710172297,1783074710592724,1783074710650303
1,5,0,1783074710767135,1783074710783092,1783074710783804,1783074710783811,1783074710817329,1783074710840231,1783074711260700,1783074711318294
1,5,1,1783074711435127,1783074711451078,1783074711451803,1783074711451810,1783074711485277,1783074711508179,1783074711928641,1783074711986237
1,5,2,1783074712103081,1783074712119027,1783074712119755,1783074712119762,1783074712153191,1783074712176082,1783074712596518,1783074712654109
1,5,3,1783074712770931,1783074712786891,1783074712787618,1783074712787625,1783074712821078,1783074712843977,1783074713264401,1783074713321986
1,5,4,1783074713438803,1783074713454759,1783074713455480,1783074713455487,1783074713488891,1783074713511788,1783074713932265,1783074713989849
1,5,5,1783074714106677,1783074714122624,1783074714123339,1783074714123348,1783074714156836,1783074714179737,1783074714600176,1783074714657757
1,5,6,1783074714774604,1783074714790555,1783074714791266,1783074714791272,1783074714824730,1783074714847632,1783074715268086,1783074715325679
1,5,7,1783074715442510,1783074715458464,1783074715459178,1783074715459186,1783074715492622,1783074715515525,1783074715935964,1783074715993545
1,5,8,1783074716110378,1783074716126330,1783074716127042,1783074716127049,1783074716160471,1783074716183364,1783074716603787,1783074716661376
1,5,9,1783074716778224,1783074716794197,1783074716794922,1783074716794929,1783074716828392,1783074716851288,1783074717271723,1783074717329320
1,5,10,1783074717446159,1783074717462116,1783074717462846,1783074717462853,1783074717496327,1783074717519222,1783074717939680,1783074717997274
1,5,11,1783074718114113,1783074718130065,1783074718130787,1783074718130796,1783074718164253,1783074718187163,1783074718607607,1783074718665187
1,5,12,1783074718782026,1783074718797984,1783074718798705,1783074718798713,1783074718832181,1783074718855074,1783074719275509,1783074719333095
1,5,13,1783074719449920,1783074719465894,1783074719466615,1783074719466622,1783074719500091,1783074719523024,1783074719943462,1783074720001049
1,5,14,1783074720117874,1783074720133842,1783074720134562,1783074720134570,1783074720168027,1783074720190924,1783074720611401,1783074720668986
1,5,15,1783074720785794,1783074720801749,1783074720802468,1783074720802474,1783074720835999,1783074720858909,1783074721279358,1783074721336942
1,5,16,1783074721453780,1783074721469733,1783074721470485,1783074721470493,1783074721503962,1783074721526869,1783074721947325,1783074722004906
1,5,17,1783074722121741,1783074722137721,1783074722138443,1783074722138450,1783074722171942,1783074722194849,1783074722615286,1783074722672872
1,5,18,1783074722789697,1783074722805654,1783074722806375,1783074722806382,1783074722839859,1783074722862764,1783074723283223,1783074723340808
1,5,19,1783074723457339,1783074723473293,1783074723474005,1783074723474012,1783074723507470,1783074723530380,1783074723950830,1783074724008714
1,5,20,1783074724125561,1783074724141519,1783074724142238,1783074724142245,1783074724175707,1783074724198616,1783074724619082,1783074724676669
1,5,21,1783074724793509,1783074724809464,1783074724810205,1783074724810212,1783074724843696,1783074724866605,1783074725287036,1783074725344619
1,5,22,1783074725461450,1783074725477431,1783074725478154,1783074725478162,1783074725511625,1783074725534561,1783074725955018,1783074726012599
1,5,23,1783074726129426,1783074726145382,1783074726146102,1783074726146110,1783074726179569,1783074726202477,1783074726622933,1783074726680518
1,5,24,1783074726797352,1783074726813312,1783074726814024,1783074726814032,1783074726847521,1783074726870417,1783074727290876,1783074727348464
1,5,25,1783074727465302,1783074727481280,1783074727482011,1783074727482018,1783074727515451,1783074727538371,1783074727958807,1783074728016391
1,5,26,1783074728133214,1783074728149180,1783074728149904,1783074728149910,1783074728183385,1783074728206286,1783074728626751,1783074728684334
1,5,27,1783074728801163,1783074728817126,1783074728817840,1783074728817846,1783074728851314,1783074728874220,1783074729294671,1783074729352250
1,5,28,1783074729469082,1783074729485033,1783074729485747,1783074729485754,1783074729519232,1783074729542161,1783074729962655,1783074730020235
1,5,29,1783074730137076,1783074730153047,1783074730153772,1783074730153780,1783074730187277,1783074730210183,1783074730630629,1783074730688214
1,5,30,1783074730805052,1783074730821011,1783074730821749,1783074730821757,1783074730855242,1783074730878146,1783074731298597,1783074731356479
1,5,31,1783074731473320,1783074731489274,1783074731489991,1783074731489997,1783074731523483,1783074731546379,1783074731966800,1783074732024381
1,5,32,1783074732141199,1783074732157149,1783074732157864,1783074732157871,1783074732191368,1783074732214269,1783074732634727,1783074732692332
1,5,33,1783074732809158,1783074732825113,1783074732825825,1783074732825832,1783074732859303,1783074732882206,1783074733302681,1783074733360261
1,5,34,1783074733477086,1783074733493045,1783074733493760,1783074733493767,1783074733527240,1783074733550168,1783074733970603,1783074734028195
1,5,35,1783074734145021,1783074734160969,1783074734161696,1783074734161703,1783074734195170,1783074734218065,1783074734638555,1783074734696140
1,5,36,1783074734812973,1783074734828924,1783074734829652,1783074734829659,1783074734863141,1783074734886049,1783074735306494,1783074735364076
1,5,37,1783074735480922,1783074735496880,1783074735497608,1783074735497615,1783074735531054,1783074735553949,1783074735974366,1783074736031958
1,5,38,1783074736148779,1783074736164744,1783074736165468,1783074736165475,1783074736198894,1783074736221798,1783074736642268,1783074736699853
1,5,39,1783074736816696,1783074736832648,1783074736833359,1783074736833367,1783074736866843,1783074736889741,1783074737310172,1783074737367754
1,5,40,1783074737484585,1783074737500542,1783074737501261,1783074737501269,1783074737534737,1783074737557633,1783074737978066,1783074738035650
1,5,41,1783074738152465,1783074738168418,1783074738169133,1783074738169140,1783074738202601,1783074738225495,1783074738645935,1783074738703528
1,5,42,1783074738820366,1783074738836323,1783074738837034,1783074738837042,1783074738870495,1783074738893400,1783074739313856,1783074739371438
1,5,43,1783074739487968,1783074739503943,1783074739504656,1783074739504662,1783074739538172,1783074739561081,1783074739981537,1783074740039123
1,5,44,1783074740155966,1783074740171915,1783074740172643,1783074740172651,1783074740206054,1783074740228952,1783074740649407,1783074740706998
1,5,45,1783074740823820,1783074740839788,1783074740840499,1783074740840507,1783074740873971,1783074740896867,1783074741317270,1783074741374853
1,5,46,1783074741491687,1783074741507651,1783074741508379,1783074741508386,1783074741541826,1783074741564728,1783074741985169,1783074742042755
1,5,47,1783074742159578,1783074742175544,1783074742176262,1783074742176268,1783074742209678,1783074742232573,1783074742653012,1783074742710601
1,5,48,1783074742827123,1783074742843078,1783074742843794,1783074742843801,1783074742877248,1783074742900149,1783074743320612,1783074743378191
1,5,49,1783074743495024,1783074743511009,1783074743511720,1783074743511727,1783074743545140,1783074743568038,1783074743988467,1783074744046049
1,6,0,1783074744162876,1783074744178829,1783074744179540,1783074744179547,1783074744213002,1783074744235894,1783074744656340,1783074744713932
1,6,1,1783074744830478,1783074744846428,1783074744847141,1783074744847148,1783074744880619,1783074744903513,1783074745323944,1783074745381522
1,6,2,1783074745498350,1783074745514305,1783074745515018,1783074745515026,1783074745548545,1783074745571440,1783074745991879,1783074746049471
1,6,3,1783074746166294,1783074746182262,1783074746182977,1783074746182984,1783074746216438,1783074746239333,1783074746659787,1783074746717367
1,6,4,1783074746834199,1783074746850158,1783074746850886,1783074746850893,1783074746884360,1783074746907265,1783074747327693,1783074747385275
1,6,5,1783074747502115,1783074747518064,1783074747518826,1783074747518834,1783074747552301,1783074747575195,1783074747995621,1783074748053206
1,6,6,1783074748170028,1783074748186003,1783074748186726,1783074748186734,1783074748220162,1783074748243059,1783074748663544,1783074748721130
1,6,7,1783074748837954,1783074748853905,1783074748854629,1783074748854637,1783074748888101,1783074748911011,1783074749331444,1783074749389025
1,6,8,1783074749505552,1783074749521508,1783074749522229,1783074749522237,1783074749555753,1783074749578652,1783074749999109,1783074750056705
1,6,9,1783074750173531,1783074750189500,1783074750190228,1783074750190235,1783074750223687,1783074750246582,1783074750667029,1783074750724609
1,6,10,1783074750841462,1783074750857414,1783074750858143,1783074750858151,1783074750891609,1783074750914504,1783074751334975,1783074751392554
1,6,11,1783074751509412,1783074751525385,1783074751526133,1783074751526141,1783074751559599,1783074751582499,1783074752002922,1783074752060508
1,6,12,1783074752177332,1783074752193287,1783074752194016,1783074752194023,1783074752227478,1783074752250371,1783074752670836,1783074752728442
1,6,13,1783074752845267,1783074752861223,1783074752861952,1783074752861959,1783074752895445,1783074752918345,1783074753338777,1783074753396362
1,6,14,1783074753513210,1783074753529173,1783074753529901,1783074753529908,1783074753563398,1783074753586302,1783074754006762,1783074754064345
1,6,15,1783074754181156,1783074754197111,1783074754197826,1783074754197833,1783074754231312,1783074754254210,1783074754674627,1783074754732213
1,6,16,1783074754849045,1783074754864995,1783074754865718,1783074754865725,1783074754899184,1783074754922083,1783074755342558,1783074755400447
1,6,17,1783074755517275,1783074755533271,1783074755533983,1783074755533990,1783074755567412,1783074755590317,1783074756010748,1783074756068332
1,6,18,1783074756185151,1783074756201109,1783074756201825,1783074756201833,1783074756235268,1783074756258165,1783074756678597,1783074756736193
1,6,19,1783074756853019,1783074756868972,1783074756869699,1783074756869706,1783074756903171,1783074756926076,1783074757346519,1783074757404103
1,6,20,1783074757520928,1783074757536905,1783074757537626,1783074757537633,1783074757571115,1783074757594010,1783074758014457,1783074758072040
1,6,21,1783074758188864,1783074758204826,1783074758205554,1783074758205561,1783074758239031,1783074758261928,1783074758682380,1783074758739961
1,6,22,1783074758856780,1783074758872729,1783074758873456,1783074758873463,1783074758906919,1783074758929819,1783074759350248,1783074759407835
1,6,23,1783074759524682,1783074759540634,1783074759541362,1783074759541369,1783074759574837,1783074759597732,1783074760018146,1783074760075733
1,6,24,1783074760192557,1783074760208501,1783074760209222,1783074760209228,1783074760242676,1783074760265569,1783074760686042,1783074760743633
1,6,25,1783074760860466,1783074760876430,1783074760877151,1783074760877158,1783074760910602,1783074760933501,1783074761353924,1783074761411508
1,6,26,1783074761528349,1783074761544324,1783074761545063,1783074761545070,1783074761578560,1783074761601450,1783074762021892,1783074762079468
1,6,27,1783074762196305,1783074762212253,1783074762212983,1783074762212990,1783074762246454,1783074762269351,1783074762689803,1783074762747390
1,6,28,1783074762864228,1783074762880182,1783074762880908,1783074762880915,1783074762914376,1783074762937279,1783074763357713,1783074763415296
1,6,29,1783074763532143,1783074763548105,1783074763548830,1783074763548838,1783074763582332,1783074763605235,1783074764025661,1783074764083247
1,6,30,1783074764200074,1783074764216022,1783074764216740,1783074764216748,1783074764250174,1783074764273070,1783074764693515,1783074764751111
1,6,31,1783074764867937,1783074764883897,1783074764884619,1783074764884627,1783074764918070,1783074764940965,1783074765361413,1783074765418999
1,6,32,1783074765535860,1783074765551815,1783074765552543,1783074765552551,1783074765586031,1783074765608927,1783074766029344,1783074766086934
1,6,33,1783074766203778,1783074766219740,1783074766220455,1783074766220463,1783074766253942,1783074766276845,1783074766697307,1783074766754897
1,6,34,1783074766871422,1783074766887371,1783074766888095,1783074766888103,1783074766921582,1783074766944479,1783074767364921,1783074767422510
1,6,35,1783074767539362,1783074767555325,1783074767556060,1783074767556067,1783074767589446,1783074767612338,1783074768032781,1783074768090387
1,6,36,1783074768207216,1783074768223172,1783074768223890,1783074768223896,1783074768257403,1783074768280302,1783074768700784,1783074768758368
1,6,37,1783074768875224,1783074768891191,1783074768891905,1783074768891912,1783074768925338,1783074768948243,1783074769368726,1783074769426313
1,6,38,1783074769543157,1783074769559115,1783074769559835,1783074769559842,1783074769593327,1783074769616220,1783074770036651,1783074770094231
1,6,39,1783074770211102,1783074770227075,1783074770227804,1783074770227812,1783074770261274,1783074770284169,1783074770704666,1783074770763750
1,6,40,1783074770880374,1783074770896356,1783074770897069,1783074770897076,1783074770930531,1783074770953456,1783074771373905,1783074771431496
1,6,41,1783074771548032,1783074771563998,1783074771564711,1783074771564719,1783074771598176,1783074771621088,1783074772041522,1783074772099114
1,6,42,1783074772215642,1783074772231601,1783074772232322,1783074772232329,1783074772265724,1783074772288625,1783074772709060,1783074772766646
1,6,43,1783074772883198,1783074772899158,1783074772899871,1783074772899878,1783074772933345,1783074772956253,1783074773376638,1783074773434518
1,6,44,1783074773551049,1783074773567010,1783074773567721,1783074773567728,1783074773601217,1783074773624125,1783074774044570,1783074774102152
1,6,45,1783074774218982,1783074774234939,1783074774235651,1783074774235658,1783074774269097,1783074774291998,1783074774712425,1783074774770011
1,6,46,1783074774886840,1783074774902797,1783074774903511,1783074774903518,1783074774936946,1783074774959853,1783074775380256,1783074775437835
1,6,47,1783074775554388,1783074775570359,1783074775571072,1783074775571080,1783074775604594,1783074775627497,1783074776047908,1783074776105489
1,6,48,1783074776222321,1783074776238270,1783074776239000,1783074776239007,1783074776272497,1783074776295399,1783074776715834,1783074776773726
1,6,49,1783074776890573,1783074776906536,1783074776907263,1783074776907270,1783074776940771,1783074776963669,1783074777384096,1783074777441981
1,7,0,1783074777558527,1783074777574487,1783074777575218,1783074777575225,1783074777608697,1783074777631603,1783074778052008,1783074778109588
1,7,1,1783074778226417,1783074778242376,1783074778243101,1783074778243109,1783074778276583,1783074778299488,1783074778719931,1783074778777519
1,7,2,1783074778894332,1783074778910285,1783074778911004,1783074778911012,1783074778944479,1783074778967385,1783074779387804,1783074779445384
1,7,3,1783074779562231,1783074779578194,1783074779578904,1783074779578910,1783074779612406,1783074779635309,1783074780055730,1783074780113318
1,7,4,1783074780229867,1783074780245815,1783074780246535,1783074780246542,1783074780280007,1783074780302916,1783074780723328,1783074780780914
1,7,5,1783074780897765,1783074780913732,1783074780914471,1783074780914478,1783074780947941,1783074780970852,1783074781391274,1783074781449154
1,7,6,1783074781565975,1783074781581932,1783074781582660,1783074781582668,1783074781616113,1783074781639011,1783074782059424,1783074782117005
1,7,7,1783074782233829,1783074782249784,1783074782250518,1783074782250525,1783074782283910,1783074782306821,1783074782727243,1783074782784826
1,7,8,1783074782901653,1783074782917625,1783074782918348,1783074782918355,1783074782951844,1783074782974747,1783074783395172,1783074783452751
1,7,9,1783074783569295,1783074783585260,1783074783585988,1783074783585995,1783074783619410,1783074783642315,1783074784062728,1783074784120312
1,7,10,1783074784236838,1783074784252791,1783074784253504,1783074784253513,1783074784286911,1783074784309812,1783074784730287,1783074784787878
1,7,11,1783074784904698,1783074784920657,1783074784921385,1783074784921393,1783074784954826,1783074784977726,1783074785398136,1783074785455715
1,7,12,1783074785572553,1783074785588509,1783074785589232,1783074785589240,1783074785622695,1783074785645600,1783074786066035,1783074786123618
1,7,13,1783074786240459,1783074786256408,1783074786257125,1783074786257132,1783074786290612,1783074786313512,1783074786733928,1783074786791517
1,7,14,1783074786908355,1783074786924314,1783074786925047,1783074786925055,1783074786958452,1783074786981350,1783074787401759,1783074787459340
1,7,15,1783074787576145,1783074787592106,1783074787592816,1783074787592823,1783074787626244,1783074787649140,1783074788069569,1783074788127155
1,7,16,1783074788243982,1783074788259932,1783074788260643,1783074788260650,1783074788294168,1783074788317072,1783074788737536,1783074788795137
1,7,17,1783074788911967,1783074788927931,1783074788928644,1783074788928650,1783074788962060,1783074788984962,1783074789405376,1783074789462957
1,7,18,1783074789579790,1783074789595746,1783074789596458,1783074789596466,1783074789629907,1783074789652812,1783074790073280,1783074790130861
1,7,19,1783074790247701,1783074790263670,1783074790264382,1783074790264390,1783074790297892,1783074790320785,1783074790741212,1783074790799106
1,7,20,1783074790915948,1783074790931911,1783074790932641,1783074790932649,1783074790966141,1783074790989049,1783074791409462,1783074791467043
1,7,21,1783074791583875,1783074791599834,1783074791600547,1783074791600555,1783074791634045,1783074791656941,1783074792077367,1783074792134952
1,7,22,1783074792251778,1783074792267746,1783074792268476,1783074792268483,1783074792301988,1783074792324891,1783074792745317,1783074792803193
1,7,23,1783074792920025,1783074792935985,1783074792936724,1783074792936731,1783074792970177,1783074792993080,1783074793413491,1783074793471372
1,7,24,1783074793588191,1783074793604162,1783074793604883,1783074793604891,1783074793638334,1783074793661230,1783074794081689,1783074794139273
1,7,25,1783074794256116,1783074794272083,1783074794272816,1783074794272823,1783074794306291,1783074794329196,1783074794749639,1783074794807218
1,7,26,1783074794924047,1783074794940001,1783074794940721,1783074794940728,1783074794974190,1783074794997086,1783074795417531,1783074795475110
1,7,27,1783074795591958,1783074795607916,1783074795608645,1783074795608652,1783074795642147,1783074795665052,1783074796085493,1783074796143079
1,7,28,1783074796259605,1783074796275591,1783074796276322,1783074796276329,1783074796309796,1783074796332701,1783074796753149,1783074796810728
1,7,29,1783074796927551,1783074796943501,1783074796944230,1783074796944236,1783074796977693,1783074797000595,1783074797421015,1783074797478607
1,7,30,1783074797595145,1783074797611101,1783074797611826,1783074797611833,1783074797645338,1783074797668243,1783074798088668,1783074798146250
1,7,31,1783074798263082,1783074798279036,1783074798279765,1783074798279773,1783074798313251,1783074798336145,1783074798756612,1783074798814494
1,7,32,1783074798931313,1783074798947267,1783074798947985,1783074798947992,1783074798981457,1783074799004365,1783074799424767,1783074799482362
1,7,33,1783074799598892,1783074799614848,1783074799615567,1783074799615574,1783074799648998,1783074799671901,1783074800092316,1783074800149900
1,7,34,1783074800266731,1783074800282694,1783074800283423,1783074800283430,1783074800316890,1783074800339792,1783074800760248,1783074800817825
1,7,35,1783074800934638,1783074800950595,1783074800951307,1783074800951314,1783074800984794,1783074801007697,1783074801428097,1783074801485689
1,7,36,1783074801602520,1783074801618490,1783074801619220,1783074801619227,1783074801652688,1783074801675594,1783074802096028,1783074802153611
1,7,37,1783074802270442,1783074802286416,1783074802287144,1783074802287151,1783074802320574,1783074802343480,1783074802763908,1783074802821485
1,7,38,1783074802938308,1783074802954269,1783074802954997,1783074802955004,1783074802988493,1783074803011388,1783074803431814,1783074803489399
1,7,39,1783074803605936,1783074803621908,1783074803622643,1783074803622650,1783074803656090,1783074803678996,1783074804099416,1783074804157000
1,7,40,1783074804273826,1783074804289796,1783074804290532,1783074804290539,1783074804323989,1783074804346894,1783074804767316,1783074804825198
1,7,41,1783074804942027,1783074804958008,1783074804958748,1783074804958755,1783074804992232,1783074805015165,1783074805435578,1783074805493160
1,7,42,1783074805609988,1783074805625958,1783074805626699,1783074805626707,1783074805660168,1783074805683068,1783074806103462,1783074806161043
1,7,43,1783074806277899,1783074806293862,1783074806294601,1783074806294609,1783074806328023,1783074806350924,1783074806771349,1783074806828927
1,7,44,1783074806945744,1783074806961709,1783074806962442,1783074806962449,1783074806995947,1783074807018859,1783074807439262,1783074807496847
1,7,45,1783074807613689,1783074807629644,1783074807630383,1783074807630391,1783074807663831,1783074807686737,1783074808107143,1783074808164727
1,7,46,1783074808281275,1783074808297243,1783074808297972,1783074808297979,1783074808331459,1783074808354360,1783074808774809,1783074808832402
1,7,47,1783074808949229,1783074808965181,1783074808965911,1783074808965918,1783074808999402,1783074809022305,1783074809442738,1783074809500324
1,7,48,1783074809617171,1783074809633126,1783074809633856,1783074809633863,1783074809667302,1783074809690212,1783074810110644,1783074810168227
1,7,49,1783074810285062,1783074810301024,1783074810301736,1783074810301743,1783074810335217,1783074810358115,1783074810778563,1783074810836154
1,8,0,1783074810952976,1783074810968932,1783074810969656,1783074810969664,1783074811003130,1783074811026026,1783074811446454,1783074811504037
1,8,1,1783074811620859,1783074811636811,1783074811637542,1783074811637550,1783074811671054,1783074811693956,1783074812114351,1783074812171935
1,8,2,1783074812288786,1783074812304751,1783074812305478,1783074812305486,1783074812338949,1783074812361847,1783074812782271,1783074812839858
1,8,3,1783074812956713,1783074812972681,1783074812973397,1783074812973404,1783074813006894,1783074813029798,1783074813450220,1783074813507803
1,8,4,1783074813624627,1783074813640601,1783074813641317,1783074813641324,1783074813674800,1783074813697707,1783074814118148,1783074814175729
1,8,5,1783074814292260,1783074814308213,1783074814308931,1783074814308939,1783074814342419,1783074814365329,1783074814785752,1783074814843338
1,8,6,1783074814959857,1783074814975811,1783074814976544,1783074814976551,1783074815010052,1783074815032949,1783074815453370,1783074815510952
1,8,7,1783074815627473,1783074815643431,1783074815644161,1783074815644169,1783074815677637,1783074815700534,1783074816120957,1783074816178541
1,8,8,1783074816295061,1783074816311011,1783074816311739,1783074816311747,1783074816345220,1783074816368114,1783074816788580,1783074816846174
1,8,9,1783074816962995,1783074816978949,1783074816979660,1783074816979667,1783074817013053,1783074817035956,1783074817456353,1783074817513936
1,8,10,1783074817630465,1783074817646429,1783074817647144,1783074817647151,1783074817680634,1783074817703539,1783074818123947,1783074818181527
1,8,11,1783074818298349,1783074818314310,1783074818315040,1783074818315048,1783074818348489,1783074818371384,1783074818791833,1783074818849417
1,8,12,1783074818966275,1783074818982231,1783074818982964,1783074818982973,1783074819016386,1783074819039289,1783074819459667,1783074819517255
1,8,13,1783074819633791,1783074819649746,1783074819650469,1783074819650476,1783074819683944,1783074819706844,1783074820127241,1783074820185124
1,8,14,1783074820301979,1783074820317949,1783074820318691,1783074820318699,1783074820352185,1783074820375087,1783074820795520,1783074820853116
1,8,15,1783074820969951,1783074820985922,1783074820986644,1783074820986652,1783074821020080,1783074821042982,1783074821463402,1783074821520982
1,8,16,1783074821637804,1783074821653765,1783074821654501,1783074821654508,1783074821687916,1783074821710830,1783074822131235,1783074822188817
1,8,17,1783074822305636,1783074822321604,1783074822322324,1783074822322331,1783074822355796,1783074822378704,1783074822799112,1783074822856698
1,8,18,1783074822973524,1783074822989476,1783074822990218,1783074822990225,1783074823023686,1783074823046587,1783074823466992,1783074823524873
1,8,19,1783074823641692,1783074823657650,1783074823658367,1783074823658374,1783074823691805,1783074823714712,1783074824135138,1783074824192716
1,8,20,1783074824309545,1783074824325497,1783074824326234,1783074824326242,1783074824359693,1783074824382592,1783074824803021,1783074824860607
1,8,21,1783074824977453,1783074824993429,1783074824994157,1783074824994164,1783074825027636,1783074825050546,1783074825470955,1783074825528834
1,8,22,1783074825645678,1783074825661633,1783074825662357,1783074825662364,1783074825695851,1783074825718760,1783074826139185,1783074826197069
1,8,23,1783074826313910,1783074826329870,1783074826330607,1783074826330614,1783074826364084,1783074826386992,1783074826807423,1783074826865009
1,8,24,1783074826981833,1783074826997795,1783074826998513,1783074826998519,1783074827032035,1783074827054945,1783074827475399,1783074827532978
1,8,25,1783074827649801,1783074827665774,1783074827666517,1783074827666524,1783074827699964,1783074827722858,1783074828143294,1783074828200877
1,8,26,1783074828317701,1783074828333661,1783074828334408,1783074828334416,1783074828367863,1783074828390772,1783074828811212,1783074828868797
1,8,27,1783074828985619,1783074829001573,1783074829002317,1783074829002324,1783074829035799,1783074829058710,1783074829479109,1783074829536688
1,8,28,1783074829653531,1783074829669494,1783074829670215,1783074829670222,1783074829703633,1783074829726543,1783074830146976,1783074830204556
1,8,29,1783074830321084,1783074830337046,1783074830337784,1783074830337792,1783074830371264,1783074830394171,1783074830814616,1783074830872200
1,8,30,1783074830989023,1783074831004978,1783074831005707,1783074831005714,1783074831039184,1783074831062080,1783074831482532,1783074831540113
1,8,31,1783074831656945,1783074831672904,1783074831673632,1783074831673639,1783074831707117,1783074831730016,1783074832150476,1783074832208057
1,8,32,1783074832324883,1783074832340843,1783074832341558,1783074832341565,1783074832374994,1783074832397895,1783074832818354,1783074832875943
1,8,33,1783074832992766,1783074833008729,1783074833009443,1783074833009453,1783074833042946,1783074833065844,1783074833486269,1783074833543858
1,8,34,1783074833660684,1783074833676662,1783074833677389,1783074833677396,1783074833710898,1783074833733803,1783074834154244,1783074834211827
1,8,35,1783074834328370,1783074834344328,1783074834345057,1783074834345064,1783074834378561,1783074834401458,1783074834821901,1783074834879494
1,8,36,1783074834996315,1783074835012276,1783074835013004,1783074835013011,1783074835046498,1783074835069404,1783074835489841,1783074835547722
1,8,37,1783074835664539,1783074835680494,1783074835681207,1783074835681216,1783074835714691,1783074835737589,1783074836158008,1783074836215591
1,8,38,1783074836332432,1783074836348404,1783074836349123,1783074836349129,1783074836382595,1783074836405498,1783074836825907,1783074836883496
1,8,39,1783074837000325,1783074837016290,1783074837017004,1783074837017011,1783074837050471,1783074837073378,1783074837493793,1783074837551373
1,8,40,1783074837668203,1783074837684158,1783074837684884,1783074837684892,1783074837718289,1783074837741193,1783074838161599,1783074838219184
1,8,41,1783074838336035,1783074838351994,1783074838352722,1783074838352729,1783074838386212,1783074838409108,1783074838829531,1783074838887124
1,8,42,1783074839003964,1783074839019930,1783074839020669,1783074839020678,1783074839054117,1783074839077012,1783074839497405,1783074839555286
1,8,43,1783074839672111,1783074839688074,1783074839688804,1783074839688811,1783074839722257,1783074839745161,1783074840165578,1783074840223163
1,8,44,1783074840340005,1783074840355974,1783074840356704,1783074840356711,1783074840390182,1783074840413089,1783074840833570,1783074840891152
1,8,45,1783074841007676,1783074841023632,1783074841024347,1783074841024353,1783074841057799,1783074841080697,1783074841501117,1783074841558999
1,8,46,1783074841675529,1783074841691487,1783074841692215,1783074841692222,1783074841725623,1783074841748528,1783074842168941,1783074842226524
1,8,47,1783074842343361,1783074842359310,1783074842360043,1783074842360050,1783074842393538,1783074842416432,1783074842836878,1783074842894468
1,8,48,1783074843011295,1783074843027253,1783074843027977,1783074843027984,1783074843061457,1783074843084361,1783074843504787,1783074843562667
1,8,49,1783074843679513,1783074843695478,1783074843696204,1783074843696211,1783074843729699,1783074843752601,1783074844173013,1783074844230596
1,9,0,1783074844347427,1783074844363385,1783074844364112,1783074844364119,1783074844397576,1783074844420478,1783074844840933,1783074844898514
1,9,1,1783074845015355,1783074845031313,1783074845032038,1783074845032045,1783074845065486,1783074845088394,1783074845508814,1783074845566396
1,9,2,1783074845682937,1783074845698901,1783074845699632,1783074845699639,1783074845733133,1783074845756030,1783074846176446,1783074846234033
1,9,3,1783074846350857,1783074846366808,1783074846367542,1783074846367550,1783074846400966,1783074846423863,1783074846844298,1783074846901889
1,9,4,1783074847018732,1783074847034692,1783074847035420,1783074847035428,1783074847068897,1783074847091803,1783074847512224,1783074847569807
1,9,5,1783074847686648,1783074847702608,1783074847703337,1783074847703344,1783074847736774,1783074847759678,1783074848180093,1783074848237675
1,9,6,1783074848354512,1783074848370465,1783074848371190,1783074848371197,1783074848404692,1783074848427598,1783074848848035,1783074848905618
1,9,7,1783074849022458,1783074849038430,1783074849039142,1783074849039149,1783074849072617,1783074849095521,1783074849515981,1783074849573564
1,9,8,1783074849690397,1783074849706357,1783074849707090,1783074849707097,1783074849740584,1783074849763484,1783074850183917,1783074850241504
1,9,9,1783074850358049,1783074850374021,1783074850374760,1783074850374768,1783074850408276,1783074850431166,1783074850851550,1783074850909131
1,9,10,1783074851025957,1783074851041919,1783074851042641,1783074851042649,1783074851076126,1783074851099033,1783074851519457,1783074851577041
1,9,11,1783074851693869,1783074851709829,1783074851710564,1783074851710571,1783074851743972,1783074851766879,1783074852187293,1783074852244872
1,9,12,1783074852361700,1783074852377657,1783074852378406,1783074852378414,1783074852411802,1783074852434715,1783074852855145,1783074852912724
1,9,13,1783074853029534,1783074853045492,1783074853046222,1783074853046229,1783074853079698,1783074853102609,1783074853522987,1783074853580572
1,9,14,1783074853697418,1783074853713377,1783074853714123,1783074853714131,1783074853747618,1783074853770513,1783074854190907,1783074854248490
1,9,15,1783074854365320,1783074854381280,1783074854381997,1783074854382005,1783074854415482,1783074854438391,1783074854858830,1783074854916424
1,9,16,1783074855032979,1783074855048932,1783074855049669,1783074855049676,1783074855083178,1783074855106072,1783074855526511,1783074855584097
1,9,17,1783074855700940,1783074855716912,1783074855717642,1783074855717650,1783074855751040,1783074855773943,1783074856194365,1783074856251949
1,9,18,1783074856368496,1783074856384461,1783074856385194,1783074856385201,1783074856418638,1783074856441539,1783074856861984,1783074856919878
1,9,19,1783074857036702,1783074857052657,1783074857053383,1783074857053390,1783074857086881,1783074857109785,1783074857530230,1783074857587815
1,9,20,1783074857704643,1783074857720603,1783074857721325,1783074857721332,1783074857754836,1783074857777743,1783074858198186,1783074858255769
1,9,21,1783074858372582,1783074858388545,1783074858389271,1783074858389279,1783074858422749,1783074858445647,1783074858866082,1783074858923662
1,9,22,1783074859040504,1783074859056477,1783074859057199,1783074859057206,1783074859090693,1783074859113598,1783074859534021,1783074859591607
1,9,23,1783074859708435,1783074859724390,1783074859725120,1783074859725128,1783074859758615,1783074859781525,1783074860201956,1783074860259545
1,9,24,1783074860376379,1783074860392338,1783074860393067,1783074860393074,1783074860426579,1783074860449486,1783074860869917,1783074860927502
1,9,25,1783074861044323,1783074861060273,1783074861060985,1783074861060992,1783074861094453,1783074861117362,1783074861537774,1783074861595355
1,9,26,1783074861712193,1783074861728151,1783074861728876,1783074861728883,1783074861762295,1783074861785200,1783074862205649,1783074862263232
1,9,27,1783074862380066,1783074862396023,1783074862396736,1783074862396742,1783074862430167,1783074862453073,1783074862873533,1783074862931124
1,9,28,1783074863047955,1783074863063914,1783074863064626,1783074863064633,1783074863098128,1783074863121026,1783074863541464,1783074863599050
1,9,29,1783074863715589,1783074863731547,1783074863732261,1783074863732269,1783074863765775,1783074863788677,1783074864209093,1783074864266685
1,9,30,1783074864383527,1783074864399496,1783074864400225,1783074864400233,1783074864433649,1783074864456556,1783074864877007,1783074864934594
1,9,31,1783074865051451,1783074865067409,1783074865068136,1783074865068143,1783074865101633,1783074865124539,1783074865544961,1783074865602544
1,9,32,1783074865719391,1783074865735347,1783074865736074,1783074865736082,1783074865769550,1783074865792454,1783074866212939,1783074866270522
1,9,33,1783074866387352,1783074866403314,1783074866404044,1783074866404051,1783074866437562,1783074866460458,1783074866880872,1783074866938759
1,9,34,1783074867055599,1783074867071562,1783074867072292,1783074867072299,1783074867105685,1783074867128588,1783074867549033,1783074867606610
1,9,35,1783074867723450,1783074867739406,1783074867740118,1783074867740125,1783074867773546,1783074867796440,1783074868216850,1783074868274434
1,9,36,1783074868391269,1783074868407227,1783074868407942,1783074868407949,1783074868441312,1783074868464215,1783074868884667,1783074868942253
1,9,37,1783074869059095,1783074869075054,1783074869075777,1783074869075784,1783074869109287,1783074869132183,1783074869552610,1783074869610198
1,9,38,1783074869727031,1783074869742998,1783074869743726,1783074869743733,1783074869777201,1783074869800100,1783074870220506,1783074870278090
1,9,39,1783074870394929,1783074870410881,1783074870411614,1783074870411621,1783074870445066,1783074870467961,1783074870888374,1783074870945978
1,9,40,1783074871062804,1783074871078771,1783074871079483,1783074871079490,1783074871112900,1783074871135799,1783074871556227,1783074871613809
1,9,41,1783074871730335,1783074871746296,1783074871747007,1783074871747013,1783074871780423,1783074871803328,1783074872223788,1783074872281369
1,9,42,1783074872398214,1783074872414166,1783074872414894,1783074872414901,1783074872448378,1783074872471283,1783074872891738,1783074872949325
1,9,43,1783074873066153,1783074873082105,1783074873082833,1783074873082840,1783074873116299,1783074873139196,1783074873559637,1783074873617215
1,9,44,1783074873734048,1783074873750010,1783074873750752,1783074873750760,1783074873784190,1783074873807090,1783074874227508,1783074874285092
1,9,45,1783074874401916,1783074874417892,1783074874418614,1783074874418621,1783074874452062,1783074874474963,1783074874895394,1783074874952978
1,9,46,1783074875069823,1783074875085788,1783074875086512,1783074875086520,1783074875120004,1783074875142911,1783074875563322,1783074875621201
1,9,47,1783074875738048,1783074875754017,1783074875754751,1783074875754758,1783074875788229,1783074875811135,1783074876231532,1783074876289116
1,9,48,1783074876405961,1783074876421913,1783074876422655,1783074876422662,1783074876456125,1783074876479026,1783074876899434,1783074876957019
1,9,49,1783074877073854,1783074877089835,1783074877090554,1783074877090561,1783074877124042,1783074877146946,1783074877567351,1783074877624928
2,0,0,1783074892012967,1783074892028939,1783074892030337,1783074892030346,1783074892084765,1783074892109582,1783074892538016,1783074892595606
2,0,1,1783074892713964,1783074892729928,1783074892731326,1783074892731335,1783074892785821,1783074892810624,1783074893239063,1783074893296654
2,0,2,1783074893414993,1783074893430961,1783074893432366,1783074893432375,1783074893486888,1783074893511726,1783074893940180,1783074893997766
2,0,3,1783074894116107,1783074894132077,1783074894133467,1783074894133475,1783074894187918,1783074894212719,1783074894641212,1783074894698804
2,0,4,1783074894817153,1783074894833122,1783074894834537,1783074894834545,1783074894889052,1783074894913867,1783074895342300,1783074895399891
2,0,5,1783074895518240,1783074895534225,1783074895535614,1783074895535622,1783074895590140,1783074895614933,1783074896043429,1783074896101018
2,0,6,1783074896219357,1783074896235333,1783074896236730,1783074896236738,1783074896291263,1783074896316072,1783074896744585,1783074896802176
2,0,7,1783074896920507,1783074896936475,1783074896937883,1783074896937890,1783074896992430,1783074897017242,1783074897445703,1783074897503301
2,0,8,1783074897621638,1783074897637597,1783074897639006,1783074897639015,1783074897693399,1783074897718206,1783074898146661,1783074898204253
2,0,9,1783074898322582,1783074898338553,1783074898339955,1783074898339963,1783074898394363,1783074898419181,1783074898847678,1783074898905274
2,0,10,1783074899023616,1783074899039582,1783074899040980,1783074899040988,1783074899095514,1783074899120326,1783074899548820,1783074899606428
2,0,11,1783074899724764,1783074899740739,1783074899742155,1783074899742163,1783074899796667,1783074899821487,1783074900249985,1783074900307575
2,0,12,1783074900425910,1783074900441871,1783074900443272,1783074900443281,1783074900497854,1783074900522699,1783074900951166,1783074901008767
2,0,13,1783074901127090,1783074901143063,1783074901144467,1783074901144476,1783074901199008,1783074901223813,1783074901652330,1783074901709920
2,0,14,1783074901828263,1783074901844229,1783074901845632,1783074901845639,1783074901900154,1783074901924958,1783074902353467,1783074902411068
2,0,15,1783074902529416,1783074902545396,1783074902546793,1783074902546800,1783074902601328,1783074902626146,1783074903054629,1783074903112218
2,0,16,1783074903230548,1783074903246515,1783074903247915,1783074903247923,1783074903302414,1783074903327214,1783074903755715,1783074903813312
2,0,17,1783074903931646,1783074903947615,1783074903949018,1783074903949025,1783074904003574,1783074904028380,1783074904456873,1783074904514470
2,0,18,1783074904632801,1783074904648764,1783074904650165,1783074904650174,1783074904704728,1783074904729549,1783074905158029,1783074905215613
2,0,19,1783074905333942,1783074905349904,1783074905351315,1783074905351322,1783074905405798,1783074905430616,1783074905859132,1783074905916719
2,0,20,1783074906035046,1783074906051018,1783074906052419,1783074906052427,1783074906106990,1783074906131788,1783074906560269,1783074906617862
2,0,21,1783074906736212,1783074906752180,1783074906753588,1783074906753595,1783074906808081,1783074906832886,1783074907261386,1783074907318991
2,0,22,1783074907437311,1783074907453280,1783074907454700,1783074907454707,1783074907509266,1783074907534078,1783074907962582,1783074908020174
2,0,23,1783074908138542,1783074908154514,1783074908155919,1783074908155928,1783074908210475,1783074908235285,1783074908663824,1783074908721423
2,0,24,1783074908839752,1783074908855723,1783074908857110,1783074908857119,1783074908911643,1783074908936442,1783074909364922,1783074909422819
2,0,25,1783074909541167,1783074909557137,1783074909558547,1783074909558556,1783074909613097,1783074909637906,1783074910066426,1783074910124011
2,0,26,1783074910242363,1783074910258342,1783074910259736,1783074910259744,1783074910314234,1783074910339031,1783074910767492,1783074910825085
2,0,27,1783074910943421,1783074910959388,1783074910960777,1783074910960785,1783074911015196,1783074911039992,1783074911468489,1783074911526073
2,0,28,1783074911644401,1783074911660378,1783074911661770,1783074911661779,1783074911716299,1783074911741117,1783074912169603,1783074912227193
2,0,29,1783074912345526,1783074912361483,1783074912362886,1783074912362894,1783074912417329,1783074912442139,1783074912870671,1783074912928265
2,0,30,1783074913046601,1783074913062568,1783074913063956,1783074913063965,1783074913118525,1783074913143333,1783074913571817,1783074913629700
2,0,31,1783074913748021,1783074913763991,1783074913765393,1783074913765401,1783074913819936,1783074913844738,1783074914273254,1783074914330871
2,0,32,1783074914449215,1783074914465177,1783074914466588,1783074914466597,1783074914521183,1783074914546011,1783074914974539,1783074915032130
2,0,33,1783074915150462,1783074915166455,1783074915167861,1783074915167868,1783074915222392,1783074915247189,1783074915675722,1783074915733319
2,0,34,1783074915851653,1783074915867615,1783074915869011,1783074915869019,1783074915923425,1783074915948238,1783074916376738,1783074916434331
2,0,35,1783074916552688,1783074916568668,1783074916570069,1783074916570077,1783074916624636,1783074916649431,1783074917077916,1783074917135510
2,0,36,1783074917253858,1783074917269825,1783074917271223,1783074917271232,1783074917325742,1783074917350555,1783074917779077,1783074917836673
2,0,37,1783074917955008,1783074917970967,1783074917972360,1783074917972368,1783074918026927,1783074918051734,1783074918480259,1783074918537854
2,0,38,1783074918656193,1783074918672164,1783074918673553,1783074918673560,1783074918728066,1783074918752880,1783074919181354,1783074919238944
2,0,39,1783074919357281,1783074919373262,1783074919374661,1783074919374669,1783074919429181,1783074919454000,1783074919882497,1783074919940088
2,0,40,1783074920058423,1783074920074388,1783074920075775,1783074920075783,1783074920130283,1783074920155084,1783074920583586,1783074920641180
2,0,41,1783074920759509,1783074920775485,1783074920776890,1783074920776898,1783074920831440,1783074920856252,1783074921284752,1783074921342342
2,0,42,1783074921460672,1783074921476642,1783074921478044,1783074921478052,1783074921532627,1783074921557426,1783074921985925,1783074922043515
2,0,43,1783074922161849,1783074922177817,1783074922179215,1783074922179224,1783074922233814,1783074922258636,1783074922687136,1783074922744721
2,0,44,1783074922863039,1783074922879008,1783074922880411,1783074922880419,1783074922934874,1783074922959674,1783074923388191,1783074923445783
2,0,45,1783074923564151,1783074923580113,1783074923581515,1783074923581523,1783074923636051,1783074923660865,1783074924089375,1783074924146963
2,0,46,1783074924265303,1783074924281276,1783074924282678,1783074924282686,1783074924337238,1783074924362041,1783074924790568,1783074924848155
2,0,47,1783074924966488,1783074924982451,1783074924983846,1783074924983854,1783074925038328,1783074925063140,1783074925491648,1783074925549239
2,0,48,1783074925667563,1783074925683525,1783074925684911,1783074925684919,1783074925739405,1783074925764219,1783074926192697,1783074926250285
2,0,49,1783074926368626,1783074926384604,1783074926386004,1783074926386011,1783074926440583,1783074926465379,1783074926893876,1783074926951466
2,1,0,1783074927069796,1783074927085763,1783074927087161,1783074927087168,1783074927141619,1783074927166439,1783074927594915,1783074927652498
2,1,1,1783074927770834,1783074927786804,1783074927788205,1783074927788213,1783074927842763,1783074927867573,1783074928296058,1783074928353679
2,1,2,1783074928472010,1783074928487973,1783074928489376,1783074928489383,1783074928543878,1783074928568678,1783074928997141,1783074929054727
2,1,3,1783074929173059,1783074929189034,1783074929190447,1783074929190456,1783074929244991,1783074929269801,1783074929698291,1783074929755881
2,1,4,1783074929874216,1783074929890189,1783074929891577,1783074929891585,1783074929946121,1783074929970927,1783074930399437,1783074930457042
2,1,5,1783074930575403,1783074930591370,1783074930592777,1783074930592785,1783074930647183,1783074930671992,1783074931100493,1783074931158088
2,1,6,1783074931276411,1783074931292380,1783074931293769,1783074931293777,1783074931348322,1783074931373117,1783074931801631,1783074931859225
2,1,7,1783074931977558,1783074931993523,1783074931994920,1783074931994927,1783074932049462,1783074932074283,1783074932502812,1783074932560414
2,1,8,1783074932678751,1783074932694709,1783074932696095,1783074932696102,1783074932750638,1783074932775444,1783074933203949,1783074933261548
2,1,9,1783074933379885,1783074933395844,1783074933397239,1783074933397248,1783074933451781,1783074933476592,1783074933905121,1783074933962737
2,1,10,1783074934081073,1783074934097048,1783074934098452,1783074934098461,1783074934153008,1783074934177804,1783074934606302,1783074934663904
2,1,11,1783074934782262,1783074934798232,1783074934799625,1783074934799634,1783074934854142,1783074934878938,1783074935307427,1783074935365034
2,1,12,1783074935483379,1783074935499364,1783074935500764,1783074935500773,1783074935555286,1783074935580100,1783074936008594,1783074936066184
2,1,13,1783074936184520,1783074936200488,1783074936201876,1783074936201883,1783074936256451,1783074936281252,1783074936709767,1783074936767378
2,1,14,1783074936885715,1783074936901682,1783074936903096,1783074936903104,1783074936957535,1783074936982339,1783074937410816,1783074937468408
2,1,15,1783074937586762,1783074937602735,1783074937604124,1783074937604132,1783074937658679,1783074937683493,1783074938111991,1783074938169591
2,1,16,1783074938287924,1783074938303889,1783074938305295,1783074938305304,1783074938359807,1783074938384622,1783074938813158,1783074938870751
2,1,17,1783074938989104,1783074939005075,1783074939006489,1783074939006497,1783074939061014,1783074939085832,1783074939514343,1783074939571931
2,1,18,1783074939690278,1783074939706243,1783074939707648,1783074939707657,1783074939762171,1783074939786971,1783074940215446,1783074940273036
2,1,19,1783074940391376,1783074940407341,1783074940408730,1783074940408738,1783074940463276,1783074940488089,1783074940916605,1783074940974202
2,1,20,1783074941092531,1783074941108502,1783074941109891,1783074941109899,1783074941164405,1783074941189215,1783074941617696,1783074941675288
2,1,21,1783074941793632,1783074941809600,1783074941811009,1783074941811017,1783074941865510,1783074941890317,1783074942318802,1783074942376395
2,1,22,1783074942494743,1783074942510713,1783074942512100,1783074942512108,1783074942566672,1783074942591487,1783074943019969,1783074943077554
2,1,23,1783074943195888,1783074943211854,1783074943213250,1783074943213257,1783074943267767,1783074943291368,1783074943719906,1783074943777506
2,1,24,1783074943895841,1783074943911800,1783074943913189,1783074943913198,1783074943967719,1783074943992524,1783074944421016,1783074944478609
2,1,25,1783074944596963,1783074944612933,1783074944614331,1783074944614339,1783074944668932,1783074944693742,1783074945122224,1783074945180108
2,1,26,1783074945298439,1783074945314414,1783074945315802,1783074945315811,1783074945370266,1783074945395077,1783074945823584,1783074945881176
2,1,27,1783074945999502,1783074946015472,1783074946016868,1783074946016876,1783074946071421,1783074946096231,1783074946524754,1783074946582342
2,1,28,1783074946700681,1783074946716660,1783074946718066,1783074946718073,1783074946772674,1783074946797484,1783074947225959,1783074947283560
2,1,29,1783074947401892,1783074947417862,1783074947419264,1783074947419272,1783074947473794,1783074947498620,1783074947927116,1783074947984707
2,1,30,1783074948103044,1783074948119003,1783074948120390,1783074948120398,1783074948174941,1783074948199743,1783074948628252,1783074948685850
2,1,31,1783074948804189,1783074948820159,1783074948821549,1783074948821557,1783074948876100,1783074948900914,1783074949329434,1783074949387321
2,1,32,1783074949505663,1783074949521629,1783074949523027,1783074949523036,1783074949577574,1783074949602400,1783074950030906,1783074950088506
2,1,33,1783074950206861,1783074950222825,1783074950224221,1783074950224229,1783074950278629,1783074950303430,1783074950731963,1783074950789554
2,1,34,1783074950907885,1783074950923849,1783074950925250,1783074950925258,1783074950979804,1783074951004616,1783074951433137,1783074951490729
2,1,35,1783074951609058,1783074951625022,1783074951626421,1783074951626429,1783074951680950,1783074951705754,1783074952134270,1783074952191859
2,1,36,1783074952310206,1783074952326181,1783074952327598,1783074952327606,1783074952381993,1783074952406800,1783074952835321,1783074952892911
2,1,37,1783074953011242,1783074953027208,1783074953028612,1783074953028619,1783074953083168,1783074953107965,1783074953536455,1783074953594051
2,1,38,1783074953712376,1783074953728343,1783074953729730,1783074953729738,1783074953784227,1783074953809037,1783074954237533,1783074954295124
2,1,39,1783074954413474,1783074954429448,1783074954430858,1783074954430867,1783074954485238,1783074954510082,1783074954938586,1783074954996208
2,1,40,1783074955114558,1783074955130526,1783074955131929,1783074955131936,1783074955186388,1783074955211200,1783074955639698,1783074955697288
2,1,41,1783074955815619,1783074955831573,1783074955832960,1783074955832968,1783074955887569,1783074955912364,1783074956340857,1783074956398454
2,1,42,1783074956516804,1783074956532771,1783074956534167,1783074956534175,1783074956588569,1783074956613390,1783074957041889,1783074957099477
2,1,43,1783074957217818,1783074957233787,1783074957235193,1783074957235201,1783074957289702,1783074957313311,1783074957741810,1783074957799399
2,1,44,1783074957917741,1783074957933711,1783074957935109,1783074957935117,1783074957989659,1783074958014480,1783074958442957,1783074958500543
2,1,45,1783074958618864,1783074958634831,1783074958636220,1783074958636229,1783074958690759,1783074958715577,1783074959144092,1783074959201686
2,1,46,1783074959320023,1783074959335988,1783074959337397,1783074959337405,1783074959391830,1783074959416641,1783074959845157,1783074959902770
2,1,47,1783074960021105,1783074960037071,1783074960038469,1783074960038476,1783074960092917,1783074960117734,1783074960546219,1783074960603801
2,1,48,1783074960722132,1783074960738098,1783074960739503,1783074960739511,1783074960794047,1783074960818854,1783074961247341,1783074961304931
2,1,49,1783074961423264,1783074961439230,1783074961440619,1783074961440628,1783074961495051,1783074961519880,1783074961948374,1783074962005977
2,2,0,1783074962124322,1783074962140305,1783074962141693,1783074962141702,1783074962196142,1783074962220952,1783074962649478,1783074962707080
2,2,1,1783074962825411,1783074962841380,1783074962842780,1783074962842788,1783074962897345,1783074962922165,1783074963350660,1783074963408255
2,2,2,1783074963526601,1783074963542567,1783074963543970,1783074963543977,1783074963598405,1783074963623208,1783074964051716,1783074964109304
2,2,3,1783074964227638,1783074964243610,1783074964244998,1783074964245006,1783074964299619,1783074964324431,1783074964752910,1783074964810513
2,2,4,1783074964928842,1783074964944802,1783074964946208,1783074964946217,1783074965000788,1783074965025602,1783074965454090,1783074965511976
2,2,5,1783074965630308,1783074965646282,1783074965647672,1783074965647680,1783074965702080,1783074965726894,1783074966155423,1783074966213012
2,2,6,1783074966331341,1783074966347313,1783074966348716,1783074966348724,1783074966403163,1783074966427968,1783074966856467,1783074966914050
2,2,7,1783074967032390,1783074967048354,1783074967049743,1783074967049750,1783074967104309,1783074967129124,1783074967557627,1783074967615212
2,2,8,1783074967733540,1783074967749526,1783074967750926,1783074967750934,1783074967805502,1783074967829112,1783074968257602,1783074968315191
2,2,9,1783074968433531,1783074968449504,1783074968450909,1783074968450918,1783074968505483,1783074968530322,1783074968958822,1783074969016706
2,2,10,1783074969135033,1783074969150993,1783074969152383,1783074969152391,1783074969206936,1783074969231733,1783074969660220,1783074969717817
2,2,11,1783074969836157,1783074969852123,1783074969853511,1783074969853520,1783074969908075,1783074969932890,1783074970361426,1783074970419028
2,2,12,1783074970537397,1783074970553367,1783074970554770,1783074970554778,1783074970609335,1783074970634159,1783074971062627,1783074971120212
2,2,13,1783074971238555,1783074971254522,1783074971255926,1783074971255933,1783074971310467,1783074971335283,1783074971763808,1783074971821399
2,2,14,1783074971939735,1783074971955714,1783074971957108,1783074971957115,1783074972011634,1783074972036436,1783074972464931,1783074972522526
2,2,15,1783074972640867,1783074972656827,1783074972658238,1783074972658246,1783074972712808,1783074972737617,1783074973166074,1783074973223664
2,2,16,1783074973341992,1783074973357968,1783074973359390,1783074973359398,1783074973413943,1783074973438765,1783074973867236,1783074973924846
2,2,17,1783074974043172,1783074974059144,1783074974060544,1783074974060552,1783074974115045,1783074974139850,1783074974568367,1783074974625957
2,2,18,1783074974744289,1783074974760255,1783074974761657,1783074974761665,1783074974816204,1783074974841002,1783074975269477,1783074975327064
2,2,19,1783074975445381,1783074975461341,1783074975462740,1783074975462748,1783074975517424,1783074975542248,1783074975970737,1783074976028327
2,2,20,1783074976146659,1783074976162637,1783074976164026,1783074976164033,1783074976218552,1783074976243369,1783074976671898,1783074976729489
2,2,21,1783074976847820,1783074976863793,1783074976865197,1783074976865205,1783074976919724,1783074976944538,1783074977373041,1783074977430647
2,2,22,1783074977548994,1783074977564977,1783074977566375,1783074977566383,1783074977620845,1783074977645664,1783074978074178,1783074978131765
2,2,23,1783074978250131,1783074978266111,1783074978267519,1783074978267527,1783074978321954,1783074978346767,1783074978775284,1783074978832871
2,2,24,1783074978951189,1783074978967151,1783074978968556,1783074978968564,1783074979023035,1783074979047850,1783074979476359,1783074979533946
2,2,25,1783074979652288,1783074979668257,1783074979669643,1783074979669651,1783074979724195,1783074979749001,1783074980177495,1783074980235108
2,2,26,1783074980353443,1783074980369406,1783074980370808,1783074980370817,1783074980425379,1783074980450199,1783074980878708,1783074980936294
2,2,27,1783074981054627,1783074981070595,1783074981071983,1783074981071991,1783074981126546,1783074981151353,1783074981579864,1783074981637453
2,2,28,1783074981755786,1783074981771748,1783074981773140,1783074981773148,1783074981827699,1783074981852509,1783074982281019,1783074982338611
2,2,29,1783074982456939,1783074982472904,1783074982474305,1783074982474313,1783074982528782,1783074982553596,1783074982982087,1783074983039981
2,2,30,1783074983158302,1783074983174271,1783074983175667,1783074983175675,1783074983230239,1783074983255043,1783074983683558,1783074983741157
2,2,31,1783074983859495,1783074983875457,1783074983876858,1783074983876866,1783074983931347,1783074983956156,1783074984384655,1783074984442247
2,2,32,1783074984560606,1783074984576580,1783074984577985,1783074984577993,1783074984632468,1783074984657277,1783074985085773,1783074985143369
2,2,33,1783074985261697,1783074985277677,1783074985279089,1783074985279097,1783074985333642,1783074985358453,1783074985786935,1783074985844525
2,2,34,1783074985962883,1783074985978845,1783074985980238,1783074985980246,1783074986034766,1783074986059574,1783074986488061,1783074986545651
2,2,35,1783074986663988,1783074986679949,1783074986681345,1783074986681353,1783074986735867,1783074986760677,1783074987189164,1783074987247065
2,2,36,1783074987365394,1783074987381363,1783074987382761,1783074987382769,1783074987437313,1783074987462111,1783074987890644,1783074987948237
2,2,37,1783074988066569,1783074988082538,1783074988083943,1783074988083950,1783074988138518,1783074988163316,1783074988591800,1783074988649398
2,2,38,1783074988767738,1783074988783715,1783074988785119,1783074988785127,1783074988839529,1783074988864346,1783074989292835,1783074989350422
2,2,39,1783074989468749,1783074989484720,1783074989486116,1783074989486124,1783074989540556,1783074989565381,1783074989993898,1783074990051495
2,2,40,1783074990169828,1783074990185791,1783074990187191,1783074990187199,1783074990241720,1783074990266533,1783074990695036,1783074990752627
2,2,41,1783074990870948,1783074990886913,1783074990888313,1783074990888320,1783074990942835,1783074990967637,1783074991396119,1783074991453702
2,2,42,1783074991572062,1783074991588033,1783074991589422,1783074991589430,1783074991643822,1783074991668637,1783074992097125,1783074992154714
2,2,43,1783074992273051,1783074992289013,1783074992290423,1783074992290431,1783074992344961,1783074992369783,1783074992798312,1783074992855913
2,2,44,1783074992974248,1783074992990223,1783074992991616,1783074992991625,1783074993046177,1783074993070980,1783074993499471,1783074993557064
2,2,45,1783074993675391,1783074993691359,1783074993692756,1783074993692764,1783074993747323,1783074993772139,1783074994200597,1783074994258188
2,2,46,1783074994376517,1783074994392482,1783074994393874,1783074994393882,1783074994448440,1783074994473243,1783074994901750,1783074994959341
2,2,47,1783074995077678,1783074995093639,1783074995095048,1783074995095057,1783074995149563,1783074995174379,1783074995602850,1783074995660736
2,2,48,1783074995779079,1783074995795040,1783074995796431,1783074995796439,1783074995850983,1783074995875785,1783074996304254,1783074996361847
2,2,49,1783074996480180,1783074996496133,1783074996497522,1783074996497530,1783074996552086,1783074996576899,1783074997005404,1783074997063002
2,3,0,1783074997181336,1783074997197313,1783074997198714,1783074997198722,1783074997253234,1783074997278058,1783074997706554,1783074997764143
2,3,1,1783074997882479,1783074997898468,1783074997899865,1783074997899873,1783074997954439,1783074997978040,1783074998406547,1783074998464140
2,3,2,1783074998582496,1783074998598468,1783074998599856,1783074998599863,1783074998654402,1783074998679207,1783074999107704,1783074999165295
2,3,3,1783074999283647,1783074999299613,1783074999301008,1783074999301016,1783074999355551,1783074999380365,1783074999808879,1783074999866472
2,3,4,1783074999984805,1783075000000771,1783075000002187,1783075000002195,1783075000056715,1783075000081534,1783075000510038,1783075000567927
2,3,5,1783075000686252,1783075000702218,1783075000703619,1783075000703627,1783075000758153,1783075000781739,1783075001210223,1783075001267815
2,3,6,1783075001386163,1783075001402127,1783075001403531,1783075001403539,1783075001458037,1783075001482851,1783075001911333,1783075001968927
2,3,7,1783075002087268,1783075002103235,1783075002104629,1783075002104637,1783075002159141,1783075002183951,1783075002612461,1783075002670055
2,3,8,1783075002788384,1783075002804352,1783075002805741,1783075002805749,1783075002860299,1783075002885114,1783075003313569,1783075003371157
2,3,9,1783075003489516,1783075003505485,1783075003506896,1783075003506905,1783075003561435,1783075003586241,1783075004014719,1783075004072308
2,3,10,1783075004190639,1783075004206618,1783075004208005,1783075004208013,1783075004262526,1783075004287336,1783075004715882,1783075004773481
2,3,11,1783075004891807,1783075004907783,1783075004909183,1783075004909190,1783075004963689,1783075004988503,1783075005417013,1783075005474899
2,3,12,1783075005593241,1783075005609201,1783075005610603,1783075005610611,1783075005665142,1783075005688751,1783075006117215,1783075006175102
2,3,13,1783075006293436,1783075006309411,1783075006310826,1783075006310835,1783075006365372,1783075006390175,1783075006818680,1783075006876270
2,3,14,1783075006994603,1783075007010565,1783075007011972,1783075007011980,1783075007066511,1783075007091331,1783075007519831,1783075007577719
2,3,15,1783075007696039,1783075007711997,1783075007713400,1783075007713408,1783075007767980,1783075007792793,1783075008221293,1783075008278883
2,3,16,1783075008397214,1783075008413181,1783075008414592,1783075008414601,1783075008469125,1783075008493945,1783075008922430,1783075008980020
2,3,17,1783075009098359,1783075009114325,1783075009115723,1783075009115731,1783075009170187,1783075009194986,1783075009623474,1783075009681068
2,3,18,1783075009799397,1783075009815366,1783075009816775,1783075009816782,1783075009871216,1783075009896025,1783075010324530,1783075010382132
2,3,19,1783075010500490,1783075010516451,1783075010517844,1783075010517851,1783075010572304,1783075010597117,1783075011025581,1783075011083170
2,3,20,1783075011201506,1783075011217479,1783075011218884,1783075011218892,1783075011273385,1783075011298197,1783075011726676,1783075011784268
2,3,21,1783075011902595,1783075011918560,1783075011919948,1783075011919956,1783075011974511,1783075011999308,1783075012427825,1783075012485416
2,3,22,1783075012603767,1783075012619732,1783075012621137,1783075012621145,1783075012675515,1783075012700328,1783075013128818,1783075013186410
2,3,23,1783075013304739,1783075013320710,1783075013322111,1783075013322119,1783075013376648,1783075013401471,1783075013829961,1783075013887547
2,3,24,1783075014005874,1783075014021834,1783075014023235,1783075014023243,1783075014077740,1783075014102551,1783075014531006,1783075014588589
2,3,25,1783075014706923,1783075014722897,1783075014724302,1783075014724309,1783075014778854,1783075014803667,1783075015232155,1783075015289745
2,3,26,1783075015408077,1783075015424053,1783075015425458,1783075015425465,1783075015479979,1783075015503603,1783075015932104,1783075015989692
2,3,27,1783075016108030,1783075016123999,1783075016125405,1783075016125413,1783075016179994,1783075016204805,1783075016633320,1783075016690914
2,3,28,1783075016809253,1783075016825222,1783075016826640,1783075016826648,1783075016881178,1783075016905986,1783075017334448,1783075017392037
2,3,29,1783075017510380,1783075017526357,1783075017527757,1783075017527765,1783075017582176,1783075017606981,1783075018035469,1783075018093053
2,3,30,1783075018211393,1783075018227362,1783075018228750,1783075018228758,1783075018283310,1783075018308128,1783075018736658,1783075018794246
2,3,31,1783075018912578,1783075018928548,1783075018929956,1783075018929964,1783075018984489,1783075019009305,1783075019437800,1783075019495392
2,3,32,1783075019613733,1783075019629703,1783075019631109,1783075019631117,1783075019685594,1783075019710403,1783075020138911,1783075020196509
2,3,33,1783075020314841,1783075020330802,1783075020332203,1783075020332211,1783075020386743,1783075020411554,1783075020840064,1783075020897675
2,3,34,1783075021016004,1783075021031966,1783075021033372,1783075021033380,1783075021087877,1783075021112695,1783075021541178,1783075021599067
2,3,35,1783075021717392,1783075021733352,1783075021734765,1783075021734773,1783075021789308,1783075021814131,1783075022242639,1783075022300229
2,3,36,1783075022418567,1783075022434526,1783075022435929,1783075022435937,1783075022490507,1783075022515324,1783075022943851,1783075023001753
2,3,37,1783075023120085,1783075023136049,1783075023137439,1783075023137446,1783075023191962,1783075023216773,1783075023645305,1783075023702901
2,3,38,1783075023821246,1783075023837210,1783075023838615,1783075023838623,1783075023893134,1783075023917950,1783075024346439,1783075024404033
2,3,39,1783075024522393,1783075024538354,1783075024539743,1783075024539751,1783075024594304,1783075024619114,1783075025047632,1783075025105244
2,3,40,1783075025223575,1783075025239540,1783075025240929,1783075025240937,1783075025295454,1783075025320268,1783075025748778,1783075025806374
2,3,41,1783075025924720,1783075025940683,1783075025942069,1783075025942076,1783075025996670,1783075026021476,1783075026449980,1783075026507590
2,3,42,1783075026625924,1783075026641890,1783075026643306,1783075026643315,1783075026697859,1783075026722674,1783075027151166,1783075027208760
2,3,43,1783075027327087,1783075027343052,1783075027344452,1783075027344460,1783075027399011,1783075027423826,1783075027852341,1783075027909938
2,3,44,1783075028028283,1783075028044256,1783075028045661,1783075028045668,1783075028100151,1783075028124969,1783075028553478,1783075028611070
2,3,45,1783075028729397,1783075028745361,1783075028746780,1783075028746788,1783075028801329,1783075028826150,1783075029254661,1783075029312544
2,3,46,1783075029430877,1783075029446839,1783075029448242,1783075029448250,1783075029502799,1783075029527612,1783075029956086,1783075030013681
2,3,47,1783075030132005,1783075030147971,1783075030149370,1783075030149378,1783075030203918,1783075030228715,1783075030657246,1783075030714839
2,3,48,1783075030833175,1783075030849140,1783075030850551,1783075030850559,1783075030905094,1783075030929917,1783075031358424,1783075031416005
2,3,49,1783075031534359,1783075031550322,1783075031551710,1783075031551718,1783075031606114,1783075031630917,1783075032059436,1783075032117024
2,4,0,1783075032235376,1783075032251333,1783075032252740,1783075032252748,1783075032307337,1783075032332150,1783075032760652,1783075032818250
2,4,1,1783075032936581,1783075032952557,1783075032953946,1783075032953953,1783075033008385,1783075033033206,1783075033461694,1783075033519282
2,4,2,1783075033637619,1783075033653590,1783075033655001,1783075033655009,1783075033709592,1783075033734412,1783075034162903,1783075034220491
2,4,3,1783075034338821,1783075034354788,1783075034356184,1783075034356192,1783075034410690,1783075034435504,1783075034864001,1783075034921599
2,4,4,1783075035039935,1783075035055900,1783075035057294,1783075035057302,1783075035111802,1783075035136615,1783075035565092,1783075035622677
2,4,5,1783075035741004,1783075035756970,1783075035758381,1783075035758390,1783075035812982,1783075035837807,1783075036266313,1783075036323902
2,4,6,1783075036442239,1783075036458207,1783075036459606,1783075036459613,1783075036514199,1783075036539014,1783075036967574,1783075037025165
2,4,7,1783075037143502,1783075037159461,1783075037160865,1783075037160872,1783075037215412,1783075037240225,1783075037668760,1783075037726367
2,4,8,1783075037844709,1783075037860674,1783075037862066,1783075037862074,1783075037916596,1783075037941392,1783075038369872,1783075038427468
2,4,9,1783075038545826,1783075038561794,1783075038563196,1783075038563204,1783075038617655,1783075038642475,1783075039070976,1783075039128563
2,4,10,1783075039246892,1783075039262851,1783075039264253,1783075039264261,1783075039318795,1783075039343595,1783075039772091,1783075039829680
2,4,11,1783075039948023,1783075039963981,1783075039965387,1783075039965395,1783075040019937,1783075040044740,1783075040473249,1783075040530838
2,4,12,1783075040649163,1783075040665135,1783075040666554,1783075040666562,1783075040721133,1783075040745938,1783075041174412,1783075041231996
2,4,13,1783075041350336,1783075041366310,1783075041367710,1783075041367718,1783075041422139,1783075041446943,1783075041875463,1783075041933054
2,4,14,1783075042051384,1783075042067351,1783075042068747,1783075042068754,1783075042123329,1783075042148133,1783075042576621,1783075042634206
2,4,15,1783075042752532,1783075042768499,1783075042769902,1783075042769910,1783075042824455,1783075042849250,1783075043277755,1783075043335353
2,4,16,1783075043453668,1783075043469626,1783075043471038,1783075043471046,1783075043525616,1783075043550439,1783075043978941,1783075044036529
2,4,17,1783075044154859,1783075044170821,1783075044172208,1783075044172217,1783075044226744,1783075044251545,1783075044680068,1783075044737664
2,4,18,1783075044855994,1783075044871955,1783075044873342,1783075044873350,1783075044927689,1783075044952487,1783075045380965,1783075045438546
2,4,19,1783075045556890,1783075045572863,1783075045574274,1783075045574282,1783075045628814,1783075045653621,1783075046082100,1783075046139682
2,4,20,1783075046258013,1783075046273986,1783075046275386,1783075046275395,1783075046329982,1783075046354804,1783075046783295,1783075046840888
2,4,21,1783075046959220,1783075046975179,1783075046976581,1783075046976589,1783075047031037,1783075047055834,1783075047484305,1783075047541902
2,4,22,1783075047660244,1783075047676203,1783075047677610,1783075047677619,1783075047732174,1783075047756974,1783075048185454,1783075048243042
2,4,23,1783075048361378,1783075048377352,1783075048378770,1783075048378778,1783075048433311,1783075048458115,1783075048886635,1783075048944223
2,4,24,1783075049062553,1783075049078513,1783075049079903,1783075049079911,1783075049134456,1783075049159252,1783075049587748,1783075049645638
2,4,25,1783075049763966,1783075049779932,1783075049781336,1783075049781344,1783075049835921,1783075049860729,1783075050289219,1783075050346809
2,4,26,1783075050465148,1783075050481124,1783075050482539,1783075050482548,1783075050537096,1783075050561898,1783075050990412,1783075051047999
2,4,27,1783075051166327,1783075051182298,1783075051183701,1783075051183709,1783075051238244,1783075051263048,1783075051691607,1783075051749195
2,4,28,1783075051867529,1783075051883496,1783075051884884,1783075051884892,1783075051939417,1783075051964216,1783075052392731,1783075052450318
2,4,29,1783075052568665,1783075052584624,1783075052586020,1783075052586027,1783075052640539,1783075052665332,1783075053093827,1783075053151421
2,4,30,1783075053269753,1783075053285715,1783075053287128,1783075053287136,1783075053341677,1783075053366487,1783075053795005,1783075053852594
2,4,31,1783075053970923,1783075053986883,1783075053988270,1783075053988277,1783075054042837,1783075054067641,1783075054496175,1783075054553771
2,4,32,1783075054672107,1783075054688077,1783075054689486,1783075054689493,1783075054744040,1783075054768839,1783075055197358,1783075055254956
2,4,33,1783075055373294,1783075055389259,1783075055390663,1783075055390671,1783075055445271,1783075055470084,1783075055898587,1783075055956175
2,4,34,1783075056074500,1783075056090466,1783075056091878,1783075056091887,1783075056146466,1783075056171269,1783075056599790,1783075056657376
2,4,35,1783075056775706,1783075056791683,1783075056793072,1783075056793080,1783075056847643,1783075056872443,1783075057300934,1783075057358527
2,4,36,1783075057476859,1783075057492825,1783075057494230,1783075057494238,1783075057548792,1783075057573616,1783075058002103,1783075058059698
2,4,37,1783075058178021,1783075058194029,1783075058197435,1783075058197461,1783075058253998,1783075058279950,1783075058708598,1783075058766235
2,4,38,1783075058884689,1783075058900733,1783075058902157,1783075058902167,1783075058956649,1783075058981517,1783075059410103,1783075059467753
2,4,39,1783075059586177,1783075059602158,1783075059603547,1783075059603555,1783075059658111,1783075059682923,1783075060111621,1783075060169322
2,4,40,1783075060287674,1783075060303651,1783075060305046,1783075060305054,1783075060359501,1783075060384300,1783075060812841,1783075060870445
2,4,41,1783075060988782,1783075061004774,1783075061006174,1783075061006182,1783075061060720,1783075061085548,1783075061514075,1783075061571986
2,4,42,1783075061690334,1783075061706301,1783075061707691,1783075061707698,1783075061762133,1783075061786939,1783075062215463,1783075062273062
2,4,43,1783075062391395,1783075062407367,1783075062408755,1783075062408763,1783075062463335,1783075062488146,1783075062916675,1783075062974279
2,4,44,1783075063092669,1783075063108814,1783075063110272,1783075063110281,1783075063164838,1783075063189673,1783075063618209,1783075063675839
2,4,45,1783075063794294,1783075063810274,1783075063811676,1783075063811685,1783075063866135,1783075063890938,1783075064319443,1783075064377054
2,4,46,1783075064495400,1783075064511377,1783075064512789,1783075064512798,1783075064567253,1783075064592062,1783075065020619,1783075065078262
2,4,47,1783075065196683,1783075065212708,1783075065214152,1783075065214160,1783075065268628,1783075065293491,1783075065722118,1783075065779767
2,4,48,1783075065898173,1783075065914151,1783075065915551,1783075065915559,1783075065970068,1783075065994875,1783075066423426,1783075066481027
2,4,49,1783075066599392,1783075066615362,1783075066616767,1783075066616775,1783075066671253,1783075066696056,1783075067124596,1783075067182198
2,5,0,1783075067300538,1783075067316512,1783075067317912,1783075067317919,1783075067372429,1783075067397235,1783075067825819,1783075067883447
2,5,1,1783075068001774,1783075068017753,1783075068019172,1783075068019180,1783075068073706,1783075068098538,1783075068527067,1783075068584668
2,5,2,1783075068703023,1783075068718998,1783075068720394,1783075068720402,1783075068774857,1783075068799660,1783075069228193,1783075069285803
2,5,3,1783075069404137,1783075069420112,1783075069421518,1783075069421526,1783075069476070,1783075069500884,1783075069929782,1783075069987541
2,5,4,1783075070105992,1783075070121982,1783075070123392,1783075070123401,1783075070177944,1783075070202756,1783075070631277,1783075070688884
2,5,5,1783075070807462,1783075070823428,1783075070824829,1783075070824838,1783075070879408,1783075070904331,1783075071333134,1783075071390930
2,5,6,1783075071509514,1783075071525552,1783075071526972,1783075071526981,1783075071581691,1783075071606551,1783075072035167,1783075072092817
2,5,7,1783075072211168,1783075072227149,1783075072228550,1783075072228559,1783075072283090,1783075072307887,1783075072736589,1783075072794297
2,5,8,1783075072912645,1783075072928608,1783075072930005,1783075072930012,1783075072984515,1783075073009333,1783075073437846,1783075073495452
2,5,9,1783075073613813,1783075073629781,1783075073631179,1783075073631187,1783075073685673,1783075073710483,1783075074139004,1783075074196629
2,5,10,1783075074314969,1783075074330958,1783075074332352,1783075074332360,1783075074386876,1783075074411685,1783075074840447,1783075074898060
2,5,11,1783075075016392,1783075075032376,1783075075033764,1783075075033772,1783075075088267,1783075075113066,1783075075541667,1783075075599316
2,5,12,1783075075717676,1783075075733643,1783075075735039,1783075075735047,1783075075789640,1783075075814449,1783075076243025,1783075076300657
2,5,13,1783075076418994,1783075076434976,1783075076436367,1783075076436375,1783075076491130,1783075076515959,1783075076944675,1783075077002310
2,5,14,1783075077120634,1783075077136600,1783075077137988,1783075077137995,1783075077192519,1783075077217330,1783075077645899,1783075077703538
2,5,15,1783075077821972,1783075077838022,1783075077839457,1783075077839466,1783075077894011,1783075077918857,1783075078347431,1783075078405084
2,5,16,1783075078523505,1783075078539515,1783075078540912,1783075078540920,1783075078595488,1783075078620298,1783075079048938,1783075079106592
2,5,17,1783075079224951,1783075079241051,1783075079242482,1783075079242491,1783075079297083,1783075079321884,1783075079750447,1783075079808062
2,5,18,1783075079926407,1783075079942384,1783075079943788,1783075079943796,1783075079998353,1783075080023166,1783075080451728,1783075080509358
2,5,19,1783075080627741,1783075080643698,1783075080645090,1783075080645098,1783075080699620,1783075080724417,1783075081152942,1783075081210546
2,5,20,1783075081328883,1783075081344840,1783075081346250,1783075081346258,1783075081400689,1783075081425512,1783075081854060,1783075081911651
2,5,21,1783075082029986,1783075082045967,1783075082047383,1783075082047391,1783075082101896,1783075082126713,1783075082555290,1783075082613036
2,5,22,1783075082731385,1783075082747364,1783075082748770,1783075082748778,1783075082803192,1783075082827999,1783075083256549,1783075083314171
2,5,23,1783075083432498,1783075083448479,1783075083449887,1783075083449895,1783075083504318,1783075083529127,1783075083957737,1783075084015375
2,5,24,1783075084133820,1783075084149853,1783075084151279,1783075084151289,1783075084205888,1783075084230736,1783075084659355,1783075084717052
2,5,25,1783075084835481,1783075084851456,1783075084852846,1783075084852854,1783075084907410,1783075084932210,1783075085360687,1783075085418297
2,5,26,1783075085536669,1783075085552636,1783075085554024,1783075085554031,1783075085608656,1783075085633454,1783075086061989,1783075086119605
2,5,27,1783075086238074,1783075086254076,1783075086255479,1783075086255490,1783075086309850,1783075086334649,1783075086763287,1783075086820897
2,5,28,1783075086939227,1783075086955197,1783075086956584,1783075086956593,1783075087011122,1783075087035922,1783075087464459,1783075087522077
2,5,29,1783075087640445,1783075087656421,1783075087657808,1783075087657817,1783075087712353,1783075087737150,1783075088165703,1783075088223301
2,5,30,1783075088341638,1783075088357622,1783075088359023,1783075088359032,1783075088413611,1783075088438421,1783075088867022,1783075088924620
2,5,31,1783075089042959,1783075089058928,1783075089060317,1783075089060325,1783075089114841,1783075089139635,1783075089568172,1783075089625766
2,5,32,1783075089744099,1783075089760068,1783075089761455,1783075089761463,1783075089815996,1783075089840800,1783075090269340,1783075090326996
2,5,33,1783075090445445,1783075090461518,1783075090462940,1783075090462949,1783075090517474,1783075090542324,1783075090971049,1783075091028731
2,5,34,1783075091147121,1783075091163098,1783075091164485,1783075091164493,1783075091219039,1783075091243851,1783075091672378,1783075091730272
2,5,35,1783075091848593,1783075091864561,1783075091865948,1783075091865956,1783075091920501,1783075091945299,1783075092373835,1783075092431433
2,5,36,1783075092549807,1783075092565789,1783075092567190,1783075092567199,1783075092621747,1783075092646562,1783075093075120,1783075093132726
2,5,37,1783075093251055,1783075093267022,1783075093268409,1783075093268417,1783075093322822,1783075093347634,1783075093776344,1783075093834007
2,5,38,1783075093952388,1783075093968373,1783075093969760,1783075093969768,1783075094024275,1783075094049084,1783075094477657,1783075094535258
2,5,39,1783075094653622,1783075094669734,1783075094671146,1783075094671155,1783075094725727,1783075094750541,1783075095179086,1783075095236695
2,5,40,1783075095355043,1783075095371026,1783075095372418,1783075095372427,1783075095426810,1783075095451618,1783075095880200,1783075095937807
2,5,41,1783075096056134,1783075096072100,1783075096073492,1783075096073499,1783075096128015,1783075096152822,1783075096581390,1783075096639044
2,5,42,1783075096757490,1783075096773526,1783075096774972,1783075096774981,1783075096829505,1783075096854356,1783075097282962,1783075097340596
2,5,43,1783075097459016,1783075097474991,1783075097476395,1783075097476402,1783075097530767,1783075097555593,1783075097984271,1783075098041889
2,5,44,1783075098160246,1783075098176225,1783075098177626,1783075098177634,1783075098232179,1783075098256986,1783075098685542,1783075098743153
2,5,45,1783075098861488,1783075098877461,1783075098878857,1783075098878865,1783075098933296,1783075098958119,1783075099386653,1783075099444273
2,5,46,1783075099562647,1783075099578634,1783075099580035,1783075099580044,1783075099634639,1783075099659513,1783075100088091,1783075100145715
2,5,47,1783075100264057,1783075100280037,1783075100281439,1783075100281447,1783075100335975,1783075100360778,1783075100789365,1783075100846989
2,5,48,1783075100965321,1783075100981305,1783075100982703,1783075100982710,1783075101037251,1783075101062064,1783075101490750,1783075101548405
2,5,49,1783075101666750,1783075101682712,1783075101684100,1783075101684107,1783075101738630,1783075101763440,1783075102192100,1783075102249719
2,6,0,1783075102368062,1783075102384048,1783075102385442,1783075102385451,1783075102440021,1783075102464819,1783075102893410,1783075102951060
2,6,1,1783075103069491,1783075103085510,1783075103086934,1783075103086943,1783075103141517,1783075103166369,1783075103595002,1783075103652949
2,6,2,1783075103771389,1783075103787355,1783075103788743,1783075103788751,1783075103843247,1783075103868044,1783075104296587,1783075104354197
2,6,3,1783075104472538,1783075104488510,1783075104489915,1783075104489923,1783075104544395,1783075104569198,1783075104997722,1783075105055319
2,6,4,1783075105173659,1783075105189633,1783075105191030,1783075105191038,1783075105245392,1783075105270194,1783075105698862,1783075105756505
2,6,5,1783075105874868,1783075105890832,1783075105892220,1783075105892228,1783075105946739,1783075105971552,1783075106400096,1783075106457691
2,6,6,1783075106576063,1783075106592031,1783075106593427,1783075106593435,1783075106647927,1783075106672725,1783075107101271,1783075107158876
2,6,7,1783075107277212,1783075107293188,1783075107294589,1783075107294598,1783075107349127,1783075107373940,1783075107802551,1783075107860189
2,6,8,1783075107978540,1783075107994510,1783075107995913,1783075107995920,1783075108050295,1783075108075095,1783075108503654,1783075108561253
2,6,9,1783075108679600,1783075108695569,1783075108696973,1783075108696981,1783075108751628,1783075108776445,1783075109205003,1783075109262643
2,6,10,1783075109381069,1783075109397105,1783075109398536,1783075109398544,1783075109453171,1783075109478032,1783075109906654,1783075109964317
2,6,11,1783075110082748,1783075110098838,1783075110100262,1783075110100272,1783075110154851,1783075110179660,1783075110608185,1783075110665797
2,6,12,1783075110784133,1783075110800107,1783075110801514,1783075110801522,1783075110855962,1783075110880765,1783075111309270,1783075111366859
2,6,13,1783075111485197,1783075111501169,1783075111502567,1783075111502575,1783075111557136,1783075111581954,1783075112010515,1783075112068131
2,6,14,1783075112186469,1783075112202437,1783075112203840,1783075112203848,1783075112258367,1783075112283171,1783075112711746,1783075112769371
2,6,15,1783075112887698,1783075112903677,1783075112905064,1783075112905072,1783075112959515,1783075112984312,1783075113412838,1783075113470444
2,6,16,1783075113588815,1783075113604776,1783075113606190,1783075113606198,1783075113660724,1783075113685540,1783075114114218,1783075114171861
2,6,17,1783075114290225,1783075114306192,1783075114307580,1783075114307587,1783075114362111,1783075114386909,1783075114815754,1783075114873507
2,6,18,1783075114991893,1783075115007869,1783075115009257,1783075115009265,1783075115063799,1783075115088591,1783075115517455,1783075115575101
2,6,19,1783075115693677,1783075115709713,1783075115711134,1783075115711143,1783075115765572,1783075115790423,1783075116219164,1783075116276831
2,6,20,1783075116395179,1783075116411154,1783075116412550,1783075116412558,1783075116467119,1783075116491923,1783075116920794,1783075116978473
2,6,21,1783075117096848,1783075117112898,1783075117114323,1783075117114332,1783075117168878,1783075117193701,1783075117622499,1783075117680244
2,6,22,1783075117798614,1783075117814591,1783075117815981,1783075117815988,1783075117870396,1783075117895209,1783075118323786,1783075118381418
2,6,23,1783075118499754,1783075118515743,1783075118517131,1783075118517139,1783075118571620,1783075118596420,1783075119025149,1783075119082779
2,6,24,1783075119201129,1783075119217107,1783075119218508,1783075119218516,1783075119273072,1783075119297891,1783075119726466,1783075119784068
2,6,25,1783075119902395,1783075119918364,1783075119919752,1783075119919760,1783075119974302,1783075119999098,1783075120427673,1783075120485296
2,6,26,1783075120603714,1783075120619737,1783075120621163,1783075120621172,1783075120675705,1783075120700507,1783075121129239,1783075121186859
2,6,27,1783075121305190,1783075121321168,1783075121322577,1783075121322585,1783075121377297,1783075121402155,1783075121830748,1783075121888373
2,6,28,1783075122006807,1783075122022833,1783075122024259,1783075122024268,1783075122078805,1783075122103650,1783075122532270,1783075122589901
2,6,29,1783075122708267,1783075122724229,1783075122725632,1783075122725640,1783075122780018,1783075122804821,1783075123233355,1783075123290964
2,6,30,1783075123409315,1783075123425285,1783075123426695,1783075123426703,1783075123481242,1783075123506054,1783075123934732,1783075123992377
2,6,31,1783075124110718,1783075124126689,1783075124128084,1783075124128093,1783075124182637,1783075124207446,1783075124636049,1783075124693675
2,6,32,1783075124812023,1783075124827996,1783075124829387,1783075124829394,1783075124883789,1783075124908597,1783075125337163,1783075125394755
2,6,33,1783075125513118,1783075125529235,1783075125530637,1783075125530647,1783075125585135,1783075125609941,1783075126038439,1783075126096040
2,6,34,1783075126214377,1783075126230360,1783075126231753,1783075126231762,1783075126286301,1783075126311102,1783075126739690,1783075126797298
2,6,35,1783075126915637,1783075126931604,1783075126933006,1783075126933014,1783075126987474,1783075127012273,1783075127440799,1783075127498404
2,6,36,1783075127616777,1783075127632754,1783075127634152,1783075127634160,1783075127688734,1783075127713551,1783075128142112,1783075128199758
2,6,37,1783075128318559,1783075128334856,1783075128336322,1783075128336335,1783075128390891,1783075128415691,1783075128844232,1783075128902142
2,6,38,1783075129020476,1783075129036456,1783075129037844,1783075129037852,1783075129092384,1783075129117198,1783075129545728,1783075129603887
2,6,39,1783075129722280,1783075129738265,1783075129739653,1783075129739661,1783075129794197,1783075129819006,1783075130247536,1783075130305139
2,6,40,1783075130423494,1783075130439471,1783075130440861,1783075130440870,1783075130495421,1783075130520229,1783075130948763,1783075131006373
2,6,41,1783075131124721,1783075131140716,1783075131142114,1783075131142122,1783075131196654,1783075131221464,1783075131649997,1783075131707593
2,6,42,1783075131825936,1783075131841928,1783075131843327,1783075131843335,1783075131897887,1783075131922700,1783075132351236,1783075132408844
2,6,43,1783075132527193,1783075132543159,1783075132544562,1783075132544570,1783075132599059,1783075132623867,1783075133052421,1783075133110038
2,6,44,1783075133228388,1783075133244356,1783075133245746,1783075133245754,1783075133300333,1783075133325146,1783075133753695,1783075133811297
2,6,45,1783075133929648,1783075133945617,1783075133947017,1783075133947025,1783075134001586,1783075134026403,1783075134454936,1783075134512542
2,6,46,1783075134630886,1783075134646852,1783075134648259,1783075134648267,1783075134702802,1783075134727602,1783075135156121,1783075135213740
2,6,47,1783075135332088,1783075135348056,1783075135349446,1783075135349454,1783075135403993,1783075135428807,1783075135857350,1783075135914950
2,6,48,1783075136033296,1783075136049261,1783075136050661,1783075136050670,1783075136105201,1783075136130001,1783075136558513,1783075136616109
2,6,49,1783075136734454,1783075136750427,1783075136751829,1783075136751837,1783075136806400,1783075136831207,1783075137259753,1783075137317358
2,7,0,1783075137435700,1783075137451665,1783075137453064,1783075137453072,1783075137507608,1783075137532428,1783075137960972,1783075138018568
2,7,1,1783075138136906,1783075138152877,1783075138154276,1783075138154283,1783075138208884,1783075138233698,1783075138662235,1783075138719835
2,7,2,1783075138838182,1783075138854155,1783075138855543,1783075138855551,1783075138910107,1783075138934927,1783075139363488,1783075139421082
2,7,3,1783075139539457,1783075139555431,1783075139556820,1783075139556828,1783075139611390,1783075139636201,1783075140064712,1783075140122308
2,7,4,1783075140240637,1783075140256594,1783075140257997,1783075140258006,1783075140312557,1783075140337366,1783075140765905,1783075140823511
2,7,5,1783075140941889,1783075140957852,1783075140959251,1783075140959259,1783075141013764,1783075141038586,1783075141467137,1783075141524735
2,7,6,1783075141643076,1783075141659046,1783075141660434,1783075141660442,1783075141714983,1783075141739787,1783075142168302,1783075142225897
2,7,7,1783075142344245,1783075142360225,1783075142361626,1783075142361635,1783075142416030,1783075142440828,1783075142869363,1783075142926961
2,7,8,1783075143045299,1783075143061271,1783075143062677,1783075143062685,1783075143117165,1783075143141973,1783075143570542,1783075143628146
2,7,9,1783075143746482,1783075143762443,1783075143763846,1783075143763854,1783075143818381,1783075143843190,1783075144271716,1783075144329320
2,7,10,1783075144447683,1783075144463644,1783075144465044,1783075144465052,1783075144519621,1783075144544437,1783075144972968,1783075145030574
2,7,11,1783075145148916,1783075145164887,1783075145166284,1783075145166292,1783075145220780,1783075145245596,1783075145674150,1783075145731750
2,7,12,1783075145850106,1783075145866076,1783075145867490,1783075145867498,1783075145922055,1783075145946863,1783075146375361,1783075146432959
2,7,13,1783075146551306,1783075146567265,1783075146568670,1783075146568677,1783075146623246,1783075146648053,1783075147076579,1783075147134185
2,7,14,1783075147252526,1783075147268492,1783075147269893,1783075147269901,1783075147324325,1783075147349134,1783075147777637,1783075147835241
2,7,15,1783075147953572,1783075147969534,1783075147970931,1783075147970939,1783075148025459,1783075148050279,1783075148478808,1783075148536406
2,7,16,1783075148654746,1783075148670722,1783075148672126,1783075148672134,1783075148726672,1783075148751469,1783075149180033,1783075149237625
2,7,17,1783075149355962,1783075149371928,1783075149373325,1783075149373333,1783075149427874,1783075149452681,1783075149881219,1783075149938827
2,7,18,1783075150057173,1783075150073141,1783075150074541,1783075150074549,1783075150129066,1783075150153874,1783075150582401,1783075150640006
2,7,19,1783075150758360,1783075150774343,1783075150775731,1783075150775739,1783075150830308,1783075150855123,1783075151283676,1783075151341283
2,7,20,1783075151459619,1783075151475583,1783075151476971,1783075151476979,1783075151531532,1783075151556327,1783075151984875,1783075152042472
2,7,21,1783075152160802,1783075152176759,1783075152178173,1783075152178180,1783075152232645,1783075152257461,1783075152686012,1783075152743610
2,7,22,1783075152861957,1783075152877934,1783075152879347,1783075152879355,1783075152933934,1783075152958753,1783075153387287,1783075153444879
2,7,23,1783075153563247,1783075153579218,1783075153580605,1783075153580612,1783075153635183,1783075153659999,1783075154088545,1783075154146143
2,7,24,1783075154264472,1783075154280433,1783075154281823,1783075154281830,1783075154336363,1783075154361159,1783075154789649,1783075154847251
2,7,25,1783075154965587,1783075154981554,1783075154982952,1783075154982960,1783075155037546,1783075155062350,1783075155490886,1783075155548481
2,7,26,1783075155666825,1783075155682809,1783075155684207,1783075155684215,1783075155738748,1783075155763548,1783075156192088,1783075156249680
2,7,27,1783075156368037,1783075156384002,1783075156385405,1783075156385414,1783075156439905,1783075156464717,1783075156893250,1783075156950849
2,7,28,1783075157069200,1783075157085162,1783075157086566,1783075157086574,1783075157140985,1783075157165810,1783075157594365,1783075157652260
2,7,29,1783075157770600,1783075157786577,1783075157787961,1783075157787969,1783075157842319,1783075157867128,1783075158295625,1783075158353219
2,7,30,1783075158471558,1783075158487541,1783075158488942,1783075158488950,1783075158543514,1783075158568314,1783075158996841,1783075159054454
2,7,31,1783075159172790,1783075159188752,1783075159190153,1783075159190161,1783075159244729,1783075159269544,1783075159698130,1783075159755734
2,7,32,1783075159874082,1783075159890062,1783075159891461,1783075159891468,1783075159946019,1783075159970829,1783075160399308,1783075160456901
2,7,33,1783075160575250,1783075160591222,1783075160592609,1783075160592616,1783075160647122,1783075160671936,1783075161100448,1783075161158042
2,7,34,1783075161276385,1783075161292353,1783075161293742,1783075161293750,1783075161348288,1783075161373102,1783075161801689,1783075161859291
2,7,35,1783075161977673,1783075161993639,1783075161995050,1783075161995058,1783075162049616,1783075162074427,1783075162502942,1783075162560537
2,7,36,1783075162678870,1783075162694835,1783075162696236,1783075162696245,1783075162750769,1783075162775581,1783075163204128,1783075163261732
2,7,37,1783075163380077,1783075163396041,1783075163397431,1783075163397438,1783075163451957,1783075163476767,1783075163905308,1783075163962902
2,7,38,1783075164081228,1783075164097192,1783075164098594,1783075164098603,1783075164153205,1783075164178013,1783075164606601,1783075164664207
2,7,39,1783075164782556,1783075164798520,1783075164799907,1783075164799915,1783075164854462,1783075164879273,1783075165307811,1783075165365411
2,7,40,1783075165483756,1783075165499729,1783075165501130,1783075165501138,1783075165555702,1783075165580519,1783075166009099,1783075166066694
2,7,41,1783075166185059,1783075166201040,1783075166202438,1783075166202447,1783075166256999,1783075166281805,1783075166710352,1783075166767951
2,7,42,1783075166886297,1783075166902264,1783075166903674,1783075166903682,1783075166958229,1783075166983043,1783075167411605,1783075167469207
2,7,43,1783075167587550,1783075167603520,1783075167604910,1783075167604918,1783075167659491,1783075167684293,1783075168112794,1783075168170396
2,7,44,1783075168288726,1783075168304695,1783075168306104,1783075168306113,1783075168360682,1783075168385496,1783075168814046,1783075168871645
2,7,45,1783075168989986,1783075169005959,1783075169007359,1783075169007368,1783075169061843,1783075169086643,1783075169515181,1783075169572781
2,7,46,1783075169691128,1783075169707106,1783075169708494,1783075169708502,1783075169763055,1783075169787866,1783075170216381,1783075170273991
2,7,47,1783075170392323,1783075170408284,1783075170409688,1783075170409696,1783075170464297,1783075170489112,1783075170917612,1783075170975220
2,7,48,1783075171093558,1783075171109519,1783075171110942,1783075171110950,1783075171165461,1783075171190270,1783075171618783,1783075171676379
2,7,49,1783075171794737,1783075171810700,1783075171812102,1783075171812110,1783075171866608,1783075171891414,1783075172319938,1783075172377536
2,8,0,1783075172495885,1783075172511859,1783075172513259,1783075172513267,1783075172567829,1783075172592630,1783075173021150,1783075173078755
2,8,1,1783075173197099,1783075173213069,1783075173214478,1783075173214486,1783075173269030,1783075173293840,1783075173722358,1783075173779955
2,8,2,1783075173898285,1783075173914257,1783075173915653,1783075173915660,1783075173970213,1783075173995018,1783075174423565,1783075174481163
2,8,3,1783075174599514,1783075174615488,1783075174616884,1783075174616892,1783075174671441,1783075174696239,1783075175124772,1783075175182382
2,8,4,1783075175300721,1783075175316685,1783075175318091,1783075175318108,1783075175372476,1783075175397285,1783075175825837,1783075175883429
2,8,5,1783075176001769,1783075176017732,1783075176019141,1783075176019149,1783075176073758,1783075176098564,1783075176527115,1783075176584709
2,8,6,1783075176703070,1783075176719043,1783075176720430,1783075176720438,1783075176774999,1783075176799816,1783075177228371,1783075177285964
2,8,7,1783075177404307,1783075177420268,1783075177421656,1783075177421663,1783075177476066,1783075177500881,1783075177929412,1783075177987010
2,8,8,1783075178105341,1783075178121308,1783075178122706,1783075178122714,1783075178177252,1783075178202074,1783075178630618,1783075178688215
2,8,9,1783075178806559,1783075178822528,1783075178823927,1783075178823935,1783075178878347,1783075178903164,1783075179331697,1783075179389599
2,8,10,1783075179507946,1783075179523922,1783075179525321,1783075179525328,1783075179579929,1783075179604743,1783075180033282,1783075180090876
2,8,11,1783075180209208,1783075180225182,1783075180226579,1783075180226586,1783075180281131,1783075180305943,1783075180734468,1783075180792074
2,8,12,1783075180910418,1783075180926386,1783075180927775,1783075180927783,1783075180982154,1783075181006969,1783075181435507,1783075181493104
2,8,13,1783075181611457,1783075181627426,1783075181628815,1783075181628823,1783075181683308,1783075181708107,1783075182136607,1783075182194206
2,8,14,1783075182312549,1783075182328525,1783075182329913,1783075182329921,1783075182384525,1783075182409326,1783075182837854,1783075182895449
2,8,15,1783075183013804,1783075183029773,1783075183031188,1783075183031196,1783075183085752,1783075183110569,1783075183539083,1783075183596685
2,8,16,1783075183715028,1783075183731001,1783075183732403,1783075183732412,1783075183786769,1783075183811565,1783075184240119,1783075184297722
2,8,17,1783075184416068,1783075184432038,1783075184433440,1783075184433449,1783075184487993,1783075184512829,1783075184941381,1783075184998980
2,8,18,1783075185117335,1783075185133306,1783075185134701,1783075185134709,1783075185189352,1783075185214174,1783075185642721,1783075185700325
2,8,19,1783075185818670,1783075185834637,1783075185836024,1783075185836032,1783075185890600,1783075185915415,1783075186343912,1783075186401507
2,8,20,1783075186519843,1783075186535821,1783075186537235,1783075186537243,1783075186591824,1783075186616634,1783075187045177,1783075187102772
2,8,21,1783075187221121,1783075187237085,1783075187238509,1783075187238517,1783075187293072,1783075187317894,1783075187746418,1783075187804013
2,8,22,1783075187922371,1783075187938336,1783075187939725,1783075187939733,1783075187994172,1783075188018985,1783075188447569,1783075188505167
2,8,23,1783075188623522,1783075188639489,1783075188640876,1783075188640885,1783075188695462,1783075188720274,1783075189148809,1783075189206403
2,8,24,1783075189324746,1783075189340738,1783075189342146,1783075189342155,1783075189396710,1783075189421532,1783075189850074,1783075189907676
2,8,25,1783075190026024,1783075190042013,1783075190043435,1783075190043443,1783075190097968,1783075190122770,1783075190551334,1783075190608928
2,8,26,1783075190727274,1783075190743235,1783075190744623,1783075190744631,1783075190799159,1783075190823969,1783075191252497,1783075191310105
2,8,27,1783075191428443,1783075191444412,1783075191445813,1783075191445821,1783075191500367,1783075191525207,1783075191953723,1783075192011320
2,8,28,1783075192129661,1783075192145632,1783075192147037,1783075192147046,1783075192201577,1783075192226391,1783075192654950,1783075192712556
2,8,29,1783075192830900,1783075192846872,1783075192848272,1783075192848280,1783075192902852,1783075192927652,1783075193356212,1783075193413805
2,8,30,1783075193532161,1783075193548147,1783075193549534,1783075193549541,1783075193604059,1783075193628876,1783075194057421,1783075194115018
2,8,31,1783075194233363,1783075194249333,1783075194250733,1783075194250741,1783075194305263,1783075194330062,1783075194758569,1783075194816160
2,8,32,1783075194934501,1783075194950460,1783075194951859,1783075194951867,1783075195006499,1783075195031312,1783075195459862,1783075195517458
2,8,33,1783075195635826,1783075195651792,1783075195653181,1783075195653189,1783075195707724,1783075195732523,1783075196161055,1783075196218650
2,8,34,1783075196336997,1783075196352961,1783075196354368,1783075196354376,1783075196408921,1783075196433728,1783075196862295,1783075196919897
2,8,35,1783075197038254,1783075197054232,1783075197055618,1783075197055625,1783075197110223,1783075197135019,1783075197563591,1783075197621185
2,8,36,1783075197739528,1783075197755496,1783075197756884,1783075197756891,1783075197811442,1783075197836255,1783075198264746,1783075198322342
2,8,37,1783075198440682,1783075198456645,1783075198458032,1783075198458039,1783075198512626,1783075198537461,1783075198965934,1783075199023538
2,8,38,1783075199141879,1783075199157841,1783075199159255,1783075199159265,1783075199213776,1783075199238586,1783075199667153,1783075199724748
2,8,39,1783075199843096,1783075199859066,1783075199860453,1783075199860461,1783075199914931,1783075199939732,1783075200368297,1783075200425890
2,8,40,1783075200544241,1783075200560209,1783075200561597,1783075200561606,1783075200616144,1783075200640958,1783075201069498,1783075201127092
2,8,41,1783075201245451,1783075201261425,1783075201262833,1783075201262841,1783075201317392,1783075201342200,1783075201770735,1783075201828329
2,8,42,1783075201946665,1783075201962647,1783075201964045,1783075201964053,1783075202018540,1783075202043356,1783075202471877,1783075202529477
2,8,43,1783075202647838,1783075202663829,1783075202665233,1783075202665241,1783075202719807,1783075202744614,1783075203173143,1783075203230744
2,8,44,1783075203349115,1783075203365075,1783075203366488,1783075203366496,1783075203421031,1783075203445846,1783075203874393,1783075203931987
2,8,45,1783075204050334,1783075204066296,1783075204067688,1783075204067695,1783075204122150,1783075204146945,1783075204575471,1783075204633078
2,8,46,1783075204751405,1783075204767367,1783075204768767,1783075204768775,1783075204823331,1783075204848142,1783075205276727,1783075205334323
2,8,47,1783075205452660,1783075205468637,1783075205470024,1783075205470032,1783075205524573,1783075205549401,1783075205977942,1783075206035538
2,8,48,1783075206153878,1783075206169836,1783075206171249,1783075206171257,1783075206225797,1783075206250602,1783075206679151,1783075206736767
2,8,49,1783075206855120,1783075206871090,1783075206872479,1783075206872486,1783075206927036,1783075206951864,1783075207380398,1783075207438001
2,9,0,1783075207556358,1783075207572343,1783075207573730,1783075207573738,1783075207628283,1783075207653093,1783075208081614,1783075208139230
2,9,1,1783075208257564,1783075208273532,1783075208274933,1783075208274941,1783075208329470,1783075208354295,1783075208782827,1783075208840425
2,9,2,1783075208958775,1783075208974746,1783075208976145,1783075208976153,1783075209030703,1783075209055517,1783075209484041,1783075209541639
2,9,3,1783075209659991,1783075209675957,1783075209677357,1783075209677365,1783075209731894,1783075209756707,1783075210185234,1783075210242828
2,9,4,1783075210361180,1783075210377152,1783075210378547,1783075210378554,1783075210433098,1783075210457911,1783075210886466,1783075210944069
2,9,5,1783075211062425,1783075211078401,1783075211079790,1783075211079798,1783075211134346,1783075211159160,1783075211587688,1783075211645310
2,9,6,1783075211763647,1783075211779610,1783075211781004,1783075211781011,1783075211835650,1783075211860463,1783075212289030,1783075212346626
2,9,7,1783075212464979,1783075212480944,1783075212482347,1783075212482355,1783075212536905,1783075212561726,1783075212990271,1783075213047869
2,9,8,1783075213166228,1783075213182194,1783075213183596,1783075213183604,1783075213238147,1783075213262957,1783075213691480,1783075213749090
2,9,9,1783075213867435,1783075213883397,1783075213884786,1783075213884794,1783075213939405,1783075213964220,1783075214392719,1783075214450317
2,9,10,1783075214568660,1783075214584631,1783075214586021,1783075214586029,1783075214640604,1783075214665419,1783075215093963,1783075215151568
2,9,11,1783075215269907,1783075215285869,1783075215287278,1783075215287285,1783075215341727,1783075215366544,1783075215795073,1783075215852680
2,9,12,1783075215971025,1783075215986996,1783075215988398,1783075215988406,1783075216042945,1783075216067764,1783075216496281,1783075216554176
2,9,13,1783075216672513,1783075216688485,1783075216689878,1783075216689886,1783075216744440,1783075216769246,1783075217197736,1783075217255354
2,9,14,1783075217373699,1783075217389663,1783075217391061,1783075217391069,1783075217445613,1783075217470436,1783075217898988,1783075217956582
2,9,15,1783075218074925,1783075218090889,1783075218092279,1783075218092287,1783075218146812,1783075218171612,1783075218600135,1783075218657741
2,9,16,1783075218776111,1783075218792082,1783075218793472,1783075218793480,1783075218848045,1783075218872859,1783075219301381,1783075219358982
2,9,17,1783075219477326,1783075219493294,1783075219494696,1783075219494704,1783075219549296,1783075219574124,1783075220002641,1783075220060234
2,9,18,1783075220178574,1783075220194534,1783075220195936,1783075220195944,1783075220250477,1783075220275289,1783075220703821,1783075220761428
2,9,19,1783075220879775,1783075220895742,1783075220897142,1783075220897150,1783075220951648,1783075220976462,1783075221404957,1783075221462555
2,9,20,1783075221580904,1783075221596869,1783075221598281,1783075221598289,1783075221652852,1783075221677664,1783075222106219,1783075222163813
2,9,21,1783075222282152,1783075222298117,1783075222299505,1783075222299512,1783075222354078,1783075222378892,1783075222807481,1783075222865086
2,9,22,1783075222983432,1783075222999414,1783075223000818,1783075223000827,1783075223055346,1783075223080161,1783075223508712,1783075223566324
2,9,23,1783075223684679,1783075223700657,1783075223702046,1783075223702054,1783075223756552,1783075223781354,1783075224209878,1783075224267476
2,9,24,1783075224385829,1783075224401799,1783075224403212,1783075224403221,1783075224457767,1783075224482582,1783075224911163,1783075224968754
2,9,25,1783075225087094,1783075225103058,1783075225104444,1783075225104451,1783075225158871,1783075225183684,1783075225612229,1783075225669828
2,9,26,1783075225788171,1783075225804131,1783075225805518,1783075225805525,1783075225860039,1783075225884852,1783075226313339,1783075226370937
2,9,27,1783075226489284,1783075226505245,1783075226506648,1783075226506656,1783075226561187,1783075226585998,1783075227014566,1783075227072165
2,9,28,1783075227190522,1783075227206510,1783075227207904,1783075227207912,1783075227262427,1783075227287238,1783075227715785,1783075227773382
2,9,29,1783075227891721,1783075227907686,1783075227909086,1783075227909093,1783075227963571,1783075227988383,1783075228416898,1783075228474807
2,9,30,1783075228593153,1783075228609115,1783075228610523,1783075228610531,1783075228664983,1783075228689800,1783075229118296,1783075229175894
2,9,31,1783075229294240,1783075229310203,1783075229311590,1783075229311598,1783075229366153,1783075229390962,1783075229819476,1783075229877098
2,9,32,1783075229995439,1783075230011400,1783075230012791,1783075230012798,1783075230067390,1783075230092191,1783075230520718,1783075230578325
2,9,33,1783075230696666,1783075230712628,1783075230714015,1783075230714023,1783075230768393,1783075230793213,1783075231221770,1783075231279362
2,9,34,1783075231397717,1783075231413681,1783075231415079,1783075231415086,1783075231469632,1783075231494448,1783075231922966,1783075231980575
2,9,35,1783075232098905,1783075232114862,1783075232116260,1783075232116267,1783075232170789,1783075232195587,1783075232624101,1783075232681705
2,9,36,1783075232800053,1783075232816026,1783075232817429,1783075232817437,1783075232871865,1783075232896667,1783075233325211,1783075233382806
2,9,37,1783075233501145,1783075233517111,1783075233518511,1783075233518519,1783075233573070,1783075233597883,1783075234026392,1783075234083990
2,9,38,1783075234202340,1783075234218311,1783075234219714,1783075234219722,1783075234274272,1783075234299073,1783075234727605,1783075234785213
2,9,39,1783075234903558,1783075234919534,1783075234920934,1783075234920942,1783075234975493,1783075235000295,1783075235428831,1783075235486421
2,9,40,1783075235604776,1783075235620747,1783075235622157,1783075235622165,1783075235676699,1783075235701520,1783075236130065,1783075236187660
2,9,41,1783075236306009,1783075236321988,1783075236323387,1783075236323394,1783075236377951,1783075236402759,1783075236831307,1783075236888910
2,9,42,1783075237007266,1783075237023233,1783075237024619,1783075237024625,1783075237079033,1783075237103846,1783075237532384,1783075237589979
2,9,43,1783075237708324,1783075237724295,1783075237725685,1783075237725693,1783075237780236,1783075237805048,1783075238233589,1783075238291200
2,9,44,1783075238409531,1783075238425499,1783075238426896,1783075238426903,1783075238481485,1783075238506305,1783075238934842,1783075238992443
2,9,45,1783075239110784,1783075239126744,1783075239128148,1783075239128156,1783075239182694,1783075239207509,1783075239636051,1783075239693656
2,9,46,1783075239811993,1783075239827962,1783075239829350,1783075239829358,1783075239883911,1783075239908712,1783075240337239,1783075240394851
2,9,47,1783075240513191,1783075240529155,1783075240530553,1783075240530560,1783075240585093,1783075240609910,1783075241038425,1783075241096029
2,9,48,1783075241214370,1783075241230366,1783075241231753,1783075241231761,1783075241286368,1783075241311186,1783075241739738,1783075241797345
2,9,49,1783075241915686,1783075241931652,1783075241933046,1783075241933053,1783075241987588,1783075242012399,1783075242440938,1783075242498534
3,0,0,1783075257468763,1783075257484772,1783075257486844,1783075257486853,1783075257562458,1783075257589163,1783075258021386,1783075258078976
3,0,1,1783075258198641,1783075258214647,1783075258216711,1783075258216719,1783075258292499,1783075258319203,1783075258751457,1783075258809067
3,0,2,1783075258928705,1783075258944703,1783075258946777,1783075258946786,1783075259022426,1783075259049132,1783075259481341,1783075259538958
3,0,3,1783075259658612,1783075259674618,1783075259676682,1783075259676690,1783075259752114,1783075259778807,1783075260211007,1783075260268602
3,0,4,1783075260388250,1783075260404254,1783075260406341,1783075260406350,1783075260481921,1783075260508617,1783075260940886,1783075260998482
3,0,5,1783075261118132,1783075261134140,1783075261136203,1783075261136211,1783075261211783,1783075261238500,1783075261670720,1783075261728322
3,0,6,1783075261847971,1783075261863980,1783075261866055,1783075261866064,1783075261941650,1783075261968366,1783075262400576,1783075262458170
3,0,7,1783075262577827,1783075262593827,1783075262595901,1783075262595910,1783075262671570,1783075262698277,1783075263130504,1783075263188099
3,0,8,1783075263307740,1783075263323743,1783075263325820,1783075263325829,1783075263401405,1783075263428112,1783075263860343,1783075263917942
3,0,9,1783075264037600,1783075264053612,1783075264055698,1783075264055707,1783075264131251,1783075264157954,1783075264590175,1783075264647769
3,0,10,1783075264767415,1783075264783414,1783075264785477,1783075264785486,1783075264861079,1783075264887781,1783075265320023,1783075265377615
3,0,11,1783075265497266,1783075265513261,1783075265515343,1783075265515351,1783075265590913,1783075265617639,1783075266049833,1783075266107430
3,0,12,1783075266227082,1783075266243091,1783075266245159,1783075266245167,1783075266320743,1783075266347436,1783075266779695,1783075266837293
3,0,13,1783075266956943,1783075266972945,1783075266975019,1783075266975028,1783075267050682,1783075267077388,1783075267509621,1783075267567221
3,0,14,1783075267686870,1783075267702882,1783075267704958,1783075267704966,1783075267780558,1783075267805736,1783075268238000,1783075268295596
3,0,15,1783075268415242,1783075268431247,1783075268433313,1783075268433321,1783075268508831,1783075268535528,1783075268967744,1783075269025348
3,0,16,1783075269144998,1783075269160995,1783075269163082,1783075269163091,1783075269238460,1783075269265186,1783075269697394,1783075269754991
3,0,17,1783075269874631,1783075269890642,1783075269892705,1783075269892714,1783075269968229,1783075269994932,1783075270427165,1783075270484768
3,0,18,1783075270604454,1783075270620466,1783075270622554,1783075270622562,1783075270698058,1783075270724750,1783075271156994,1783075271214587
3,0,19,1783075271334239,1783075271350254,1783075271352315,1783075271352323,1783075271427801,1783075271454528,1783075271886783,1783075271944387
3,0,20,1783075272064028,1783075272080028,1783075272082092,1783075272082112,1783075272157649,1783075272184339,1783075272616597,1783075272674194
3,0,21,1783075272793866,1783075272809864,1783075272811935,1783075272811943,1783075272887572,1783075272914285,1783075273346466,1783075273404059
3,0,22,1783075273523709,1783075273539738,1783075273541813,1783075273541822,1783075273617369,1783075273644081,1783075274076359,1783075274133963
3,0,23,1783075274253625,1783075274269627,1783075274271699,1783075274271708,1783075274347234,1783075274373945,1783075274806175,1783075274863781
3,0,24,1783075274983426,1783075274999440,1783075275001501,1783075275001509,1783075275077149,1783075275102323,1783075275534585,1783075275592181
3,0,25,1783075275711825,1783075275727846,1783075275729910,1783075275729918,1783075275805476,1783075275832169,1783075276264414,1783075276322010
3,0,26,1783075276441659,1783075276457660,1783075276459731,1783075276459739,1783075276535197,1783075276561913,1783075276994120,1783075277051714
3,0,27,1783075277171396,1783075277187415,1783075277189476,1783075277189484,1783075277265079,1783075277291790,1783075277724030,1783075277781643
3,0,28,1783075277901278,1783075277917289,1783075277919363,1783075277919371,1783075277994910,1783075278021609,1783075278453914,1783075278511509
3,0,29,1783075278631168,1783075278647168,1783075278649230,1783075278649238,1783075278724829,1783075278751526,1783075279183781,1783075279241381
3,0,30,1783075279361026,1783075279377028,1783075279379101,1783075279379110,1783075279454560,1783075279481263,1783075279913471,1783075279971071
3,0,31,1783075280090717,1783075280106710,1783075280108770,1783075280108779,1783075280184182,1783075280210871,1783075280643089,1783075280700695
3,0,32,1783075280820341,1783075280836348,1783075280838418,1783075280838427,1783075280913990,1783075280940691,1783075281372940,1783075281430535
3,0,33,1783075281550196,1783075281566195,1783075281568257,1783075281568264,1783075281643607,1783075281670317,1783075282102535,1783075282160147
3,0,34,1783075282279779,1783075282295792,1783075282297852,1783075282297860,1783075282373484,1783075282400175,1783075282832387,1783075282889991
3,0,35,1783075283009634,1783075283025635,1783075283027708,1783075283027716,1783075283103332,1783075283130031,1783075283562286,1783075283619884
3,0,36,1783075283739523,1783075283755526,1783075283757589,1783075283757597,1783075283833206,1783075283859921,1783075284292144,1783075284349738
3,0,37,1783075284469385,1783075284485387,1783075284487457,1783075284487465,1783075284563175,1783075284589876,1783075285022121,1783075285079718
3,0,38,1783075285199351,1783075285215352,1783075285217427,1783075285217435,1783075285293065,1783075285319764,1783075285752011,1783075285809605
3,0,39,1783075285929248,1783075285945250,1783075285947345,1783075285947354,1783075286022875,1783075286049591,1783075286481819,1783075286539435
3,0,40,1783075286659070,1783075286675082,1783075286677160,1783075286677168,1783075286752789,1783075286779483,1783075287211720,1783075287269318
3,0,41,1783075287388975,1783075287404986,1783075287407058,1783075287407066,1783075287482528,1783075287509239,1783075287941466,1783075287999065
3,0,42,1783075288118708,1783075288134711,1783075288136773,1783075288136782,1783075288212427,1783075288239141,1783075288671303,1783075288728910
3,0,43,1783075288848542,1783075288864552,1783075288866623,1783075288866631,1783075288942090,1783075288968790,1783075289401014,1783075289458607
3,0,44,1783075289578290,1783075289594294,1783075289596356,1783075289596364,1783075289671920,1783075289698624,1783075290130827,1783075290188437
3,0,45,1783075290308096,1783075290324096,1783075290326180,1783075290326189,1783075290401714,1783075290428409,1783075290860644,1783075290918249
3,0,46,1783075291037892,1783075291053901,1783075291055986,1783075291055995,1783075291131614,1783075291158338,1783075291590556,1783075291648145
3,0,47,1783075291767784,1783075291783794,1783075291785856,1783075291785865,1783075291861333,1783075291888047,1783075292320299,1783075292377897
3,0,48,1783075292497533,1783075292513536,1783075292515606,1783075292515614,1783075292591030,1783075292617732,1783075293049988,1783075293107595
3,0,49,1783075293227233,1783075293243235,1783075293245298,1783075293245306,1783075293320728,1783075293347421,1783075293779665,1783075293837266
3,1,0,1783075293956908,1783075293972921,1783075293975002,1783075293975010,1783075294050382,1783075294077077,1783075294509298,1783075294566896
3,1,1,1783075294686539,1783075294702543,1783075294704604,1783075294704613,1783075294780187,1783075294806882,1783075295239131,1783075295296730
3,1,2,1783075295416374,1783075295432376,1783075295434447,1783075295434455,1783075295510030,1783075295536761,1783075295968963,1783075296026567
3,1,3,1783075296146231,1783075296162234,1783075296164300,1783075296164308,1783075296239799,1783075296266508,1783075296698790,1783075296756389
3,1,4,1783075296876021,1783075296892019,1783075296894084,1783075296894092,1783075296969608,1783075296996314,1783075297428586,1783075297486183
3,1,5,1783075297605842,1783075297621839,1783075297623911,1783075297623919,1783075297699498,1783075297726227,1783075298158451,1783075298216048
3,1,6,1783075298335706,1783075298351711,1783075298353773,1783075298353782,1783075298429406,1783075298456097,1783075298888328,1783075298945933
3,1,7,1783075299065582,1783075299081582,1783075299083668,1783075299083677,1783075299159036,1783075299185730,1783075299617955,1783075299675549
3,1,8,1783075299795188,1783075299811184,1783075299813246,1783075299813254,1783075299888869,1783075299915579,1783075300347824,1783075300405421
3,1,9,1783075300525084,1783075300541075,1783075300543162,1783075300543171,1783075300618780,1783075300645479,1783075301077779,1783075301135372
3,1,10,1783075301255010,1783075301271017,1783075301273079,1783075301273087,1783075301348697,1783075301375394,1783075301807646,1783075301865240
3,1,11,1783075301984886,1783075302000890,1783075302002964,1783075302002973,1783075302078443,1783075302105133,1783075302537321,1783075302594915
3,1,12,1783075302714559,1783075302730563,1783075302732625,1783075302732633,1783075302808200,1783075302834890,1783075303267089,1783075303324687
3,1,13,1783075303444339,1783075303460346,1783075303462418,1783075303462425,1783075303538147,1783075303564836,1783075303997042,1783075304054636
3,1,14,1783075304174294,1783075304190303,1783075304192370,1783075304192379,1783075304267839,1783075304294569,1783075304726799,1783075304784415
3,1,15,1783075304904063,1783075304920062,1783075304922154,1783075304922163,1783075304997759,1783075305024454,1783075305456659,1783075305514255
3,1,16,1783075305633915,1783075305649919,1783075305651988,1783075305651996,1783075305727588,1783075305754295,1783075306186492,1783075306244102
3,1,17,1783075306363764,1783075306379772,1783075306381834,1783075306381842,1783075306457363,1783075306484074,1783075306916339,1783075306973938
3,1,18,1783075307093590,1783075307109596,1783075307111670,1783075307111679,1783075307187266,1783075307213963,1783075307646173,1783075307703772
3,1,19,1783075307823422,1783075307839428,1783075307841489,1783075307841496,1783075307917142,1783075307943833,1783075308376034,1783075308433638
3,1,20,1783075308553297,1783075308569304,1783075308571378,1783075308571387,1783075308646782,1783075308673504,1783075309105724,1783075309163320
3,1,21,1783075309282964,1783075309298983,1783075309301044,1783075309301052,1783075309376650,1783075309403345,1783075309835607,1783075309893207
3,1,22,1783075310012850,1783075310028852,1783075310030928,1783075310030936,1783075310106644,1783075310133338,1783075310565554,1783075310623143
3,1,23,1783075310742786,1783075310758799,1783075310760863,1783075310760871,1783075310836417,1783075310863138,1783075311295333,1783075311352926
3,1,24,1783075311472579,1783075311488581,1783075311490666,1783075311490674,1783075311566243,1783075311592951,1783075312025182,1783075312082784
3,1,25,1783075312202443,1783075312218449,1783075312220510,1783075312220518,1783075312296125,1783075312322833,1783075312755062,1783075312812659
3,1,26,1783075312932305,1783075312948306,1783075312950378,1783075312950385,1783075313026017,1783075313052726,1783075313484954,1783075313542575
3,1,27,1783075313662223,1783075313678227,1783075313680288,1783075313680296,1783075313755944,1783075313782655,1783075314214840,1783075314272436
3,1,28,1783075314392088,1783075314408088,1783075314410163,1783075314410172,1783075314485563,1783075314512280,1783075314944528,1783075315002136
3,1,29,1783075315121790,1783075315137791,1783075315139861,1783075315139870,1783075315215471,1783075315242184,1783075315674436,1783075315732047
3,1,30,1783075315851691,1783075315867698,1783075315869761,1783075315869770,1783075315945344,1783075315972044,1783075316404302,1783075316461906
3,1,31,1783075316581569,1783075316597579,1783075316599655,1783075316599663,1783075316675254,1783075316701961,1783075317134196,1783075317191787
3,1,32,1783075317311432,1783075317327433,1783075317329494,1783075317329501,1783075317404859,1783075317431561,1783075317863808,1783075317921428
3,1,33,1783075318041068,1783075318057083,1783075318059156,1783075318059164,1783075318134680,1783075318161396,1783075318593597,1783075318651194
3,1,34,1783075318770834,1783075318786838,1783075318788902,1783075318788911,1783075318864360,1783075318891062,1783075319323288,1783075319380881
3,1,35,1783075319500508,1783075319516512,1783075319518601,1783075319518609,1783075319594197,1783075319620891,1783075320053123,1783075320110727
3,1,36,1783075320230362,1783075320246370,1783075320248431,1783075320248439,1783075320324003,1783075320350712,1783075320782961,1783075320840563
3,1,37,1783075320960209,1783075320976218,1783075320978288,1783075320978296,1783075321053828,1783075321080521,1783075321512751,1783075321570346
3,1,38,1783075321689995,1783075321706005,1783075321708079,1783075321708088,1783075321783757,1783075321810448,1783075322242622,1783075322300225
3,1,39,1783075322419892,1783075322435902,1783075322437964,1783075322437973,1783075322513541,1783075322540265,1783075322972460,1783075323030058
3,1,40,1783075323149697,1783075323165698,1783075323167770,1783075323167779,1783075323243428,1783075323270128,1783075323702376,1783075323759972
3,1,41,1783075323879617,1783075323895612,1783075323897674,1783075323897682,1783075323973265,1783075323999957,1783075324432183,1783075324489777
3,1,42,1783075324609431,1783075324625431,1783075324627504,1783075324627512,1783075324703127,1783075324729829,1783075325162069,1783075325219662
3,1,43,1783075325339296,1783075325355305,1783075325357366,1783075325357373,1783075325432951,1783075325459646,1783075325891855,1783075325949454
3,1,44,1783075326069090,1783075326085090,1783075326087166,1783075326087175,1783075326162753,1783075326189457,1783075326621712,1783075326679309
3,1,45,1783075326798959,1783075326814964,1783075326817026,1783075326817035,1783075326892634,1783075326919324,1783075327351582,1783075327409177
3,1,46,1783075327528848,1783075327544849,1783075327546919,1783075327546927,1783075327622545,1783075327649244,1783075328081457,1783075328139054
3,1,47,1783075328258704,1783075328274711,1783075328276773,1783075328276781,1783075328352177,1783075328378869,1783075328811068,1783075328868690
3,1,48,1783075328988339,1783075329004338,1783075329006409,1783075329006417,1783075329081985,1783075329108696,1783075329540899,1783075329598491
3,1,49,1783075329718141,1783075329734138,1783075329736201,1783075329736210,1783075329811704,1783075329838429,1783075330270637,1783075330328251
3,2,0,1783075330447901,1783075330463900,1783075330465961,1783075330465970,1783075330541589,1783075330568282,1783075331000522,1783075331058121
3,2,1,1783075331177800,1783075331193803,1783075331195876,1783075331195885,1783075331271507,1783075331298220,1783075331730463,1783075331788074
3,2,2,1783075331907715,1783075331923738,1783075331925801,1783075331925810,1783075332001382,1783075332028085,1783075332460336,1783075332517934
3,2,3,1783075332637598,1783075332653613,1783075332655689,1783075332655697,1783075332731273,1783075332757969,1783075333190199,1783075333247793
3,2,4,1783075333367439,1783075333383445,1783075333385506,1783075333385513,1783075333461116,1783075333487828,1783075333920065,1783075333977663
3,2,5,1783075334097294,1783075334113291,1783075334115362,1783075334115371,1783075334190970,1783075334217659,1783075334649901,1783075334707496
3,2,6,1783075334827137,1783075334843149,1783075334845213,1783075334845221,1783075334920779,1783075334947469,1783075335379689,1783075335437296
3,2,7,1783075335556963,1783075335572986,1783075335575059,1783075335575068,1783075335650597,1783075335677294,1783075336109537,1783075336167135
3,2,8,1783075336286768,1783075336302774,1783075336304839,1783075336304847,1783075336380441,1783075336407131,1783075336839376,1783075336896977
3,2,9,1783075337016609,1783075337032606,1783075337034675,1783075337034683,1783075337110243,1783075337136952,1783075337569169,1783075337626763
3,2,10,1783075337746403,1783075337762407,1783075337764468,1783075337764476,1783075337839999,1783075337866699,1783075338298938,1783075338356534
3,2,11,1783075338476191,1783075338492191,1783075338494264,1783075338494273,1783075338569873,1783075338596571,1783075339028802,1783075339086398
3,2,12,1783075339206029,1783075339222048,1783075339224127,1783075339224136,1783075339299682,1783075339326387,1783075339758600,1783075339816205
3,2,13,1783075339935846,1783075339951856,1783075339953919,1783075339953927,1783075340029531,1783075340056227,1783075340488501,1783075340546128
3,2,14,1783075340665775,1783075340681784,1783075340683856,1783075340683864,1783075340759473,1783075340786183,1783075341218354,1783075341275955
3,2,15,1783075341395605,1783075341411605,1783075341413666,1783075341413676,1783075341489240,1783075341515943,1783075341948154,1783075342005760
3,2,16,1783075342125395,1783075342141405,1783075342143474,1783075342143483,1783075342219098,1783075342245795,1783075342678038,1783075342735631
3,2,17,1783075342855271,1783075342871274,1783075342873335,1783075342873342,1783075342948746,1783075342975440,1783075343407648,1783075343465242
3,2,18,1783075343584900,1783075343600911,1783075343602980,1783075343602989,1783075343678564,1783075343705270,1783075344137464,1783075344195061
3,2,19,1783075344314709,1783075344330713,1783075344332774,1783075344332783,1783075344408403,1783075344435098,1783075344867360,1783075344924966
3,2,20,1783075345044609,1783075345060612,1783075345062683,1783075345062691,1783075345138176,1783075345164881,1783075345597112,1783075345654709
3,2,21,1783075345774349,1783075345790357,1783075345792419,1783075345792427,1783075345867978,1783075345894685,1783075346326880,1783075346384490
3,2,22,1783075346504133,1783075346520141,1783075346522212,1783075346522220,1783075346597756,1783075346624455,1783075347056692,1783075347114282
3,2,23,1783075347233925,1783075347249935,1783075347252008,1783075347252016,1783075347327578,1783075347354283,1783075347786499,1783075347844094
3,2,24,1783075347963728,1783075347979736,1783075347981799,1783075347981807,1783075348057418,1783075348084122,1783075348516330,1783075348573931
3,2,25,1783075348693568,1783075348709576,1783075348711655,1783075348711665,1783075348787209,1783075348813897,1783075349246136,1783075349303728
3,2,26,1783075349423382,1783075349439386,1783075349441447,1783075349441455,1783075349516969,1783075349542166,1783075349974349,1783075350031941
3,2,27,1783075350151584,1783075350167591,1783075350169652,1783075350169660,1783075350245291,1783075350271994,1783075350704254,1783075350761866
3,2,28,1783075350881503,1783075350897509,1783075350899578,1783075350899587,1783075350975149,1783075351000335,1783075351432578,1783075351490177
3,2,29,1783075351609842,1783075351625842,1783075351627915,1783075351627924,1783075351703544,1783075351730243,1783075352162467,1783075352220060
3,2,30,1783075352339704,1783075352355712,1783075352357773,1783075352357781,1783075352433442,1783075352460153,1783075352892403,1783075352950006
3,2,31,1783075353069647,1783075353085652,1783075353087724,1783075353087732,1783075353163370,1783075353190070,1783075353622309,1783075353679905
3,2,32,1783075353799546,1783075353815558,1783075353817620,1783075353817628,1783075353893263,1783075353919957,1783075354352204,1783075354409802
3,2,33,1783075354529461,1783075354545476,1783075354547548,1783075354547556,1783075354623122,1783075354649825,1783075355082076,1783075355139670
3,2,34,1783075355259324,1783075355275330,1783075355277391,1783075355277400,1783075355352979,1783075355379685,1783075355811944,1783075355869544
3,2,35,1783075355989183,1783075356005189,1783075356007262,1783075356007271,1783075356082651,1783075356109367,1783075356541605,1783075356599210
3,2,36,1783075356718842,1783075356734847,1783075356736923,1783075356736932,1783075356812548,1783075356839245,1783075357271480,1783075357329071
3,2,37,1783075357448715,1783075357464720,1783075357466794,1783075357466802,1783075357542417,1783075357569121,1783075358001358,1783075358058953
3,2,38,1783075358178599,1783075358194596,1783075358196672,1783075358196680,1783075358272267,1783075358298974,1783075358731226,1783075358788833
3,2,39,1783075358908468,1783075358924479,1783075358926550,1783075358926558,1783075359002044,1783075359028741,1783075359460920,1783075359518531
3,2,40,1783075359638185,1783075359654198,1783075359656259,1783075359656267,1783075359731840,1783075359758549,1783075360190780,1783075360248388
3,2,41,1783075360368025,1783075360384028,1783075360386089,1783075360386110,1783075360461673,1783075360488384,1783075360920640,1783075360978241
3,2,42,1783075361097885,1783075361113889,1783075361115962,1783075361115970,1783075361191440,1783075361218144,1783075361650372,1783075361707969
3,2,43,1783075361827612,1783075361843619,1783075361845681,1783075361845690,1783075361921280,1783075361947986,1783075362380207,1783075362437803
3,2,44,1783075362557462,1783075362573465,1783075362575535,1783075362575544,1783075362651123,1783075362677828,1783075363110028,1783075363167623
3,2,45,1783075363287279,1783075363303281,1783075363305342,1783075363305351,1783075363380966,1783075363407683,1783075363839961,1783075363897559
3,2,46,1783075364017202,1783075364033207,1783075364035279,1783075364035287,1783075364110848,1783075364137540,1783075364569825,1783075364627424
3,2,47,1783075364747073,1783075364763080,1783075364765140,1783075364765148,1783075364840707,1783075364867397,1783075365299603,1783075365357196
3,2,48,1783075365476836,1783075365492837,1783075365494911,1783075365494919,1783075365570499,1783075365597205,1783075366029416,1783075366087014
3,2,49,1783075366206648,1783075366222645,1783075366224706,1783075366224714,1783075366300366,1783075366327053,1783075366759287,1783075366816884
3,3,0,1783075366936525,1783075366952527,1783075366954598,1783075366954606,1783075367030153,1783075367056861,1783075367489055,1783075367546668
3,3,1,1783075367666309,1783075367682316,1783075367684378,1783075367684386,1783075367760032,1783075367786724,1783075368218978,1783075368276574
3,3,2,1783075368396212,1783075368412222,1783075368414296,1783075368414305,1783075368489829,1783075368516519,1783075368948772,1783075369006372
3,3,3,1783075369125997,1783075369142008,1783075369144080,1783075369144089,1783075369219529,1783075369246233,1783075369678468,1783075369736073
3,3,4,1783075369855709,1783075369871706,1783075369873769,1783075369873777,1783075369949240,1783075369975930,1783075370408188,1783075370465787
3,3,5,1783075370585442,1783075370601443,1783075370603518,1783075370603526,1783075370678920,1783075370705615,1783075371137867,1783075371195462
3,3,6,1783075371315119,1783075371331119,1783075371333182,1783075371333191,1783075371408807,1783075371433996,1783075371866237,1783075371923857
3,3,7,1783075372043500,1783075372059494,1783075372061555,1783075372061563,1783075372137175,1783075372163865,1783075372596112,1783075372653719
3,3,8,1783075372773356,1783075372789366,1783075372791434,1783075372791442,1783075372867087,1783075372893781,1783075373325991,1783075373383593
3,3,9,1783075373503247,1783075373519252,1783075373521315,1783075373521323,1783075373597006,1783075373623713,1783075374055930,1783075374113527
3,3,10,1783075374233171,1783075374249178,1783075374251252,1783075374251262,1783075374326864,1783075374353556,1783075374785817,1783075374843413
3,3,11,1783075374963052,1783075374979050,1783075374981112,1783075374981120,1783075375056718,1783075375083409,1783075375515621,1783075375573212
3,3,12,1783075375692853,1783075375708867,1783075375710939,1783075375710947,1783075375786454,1783075375813164,1783075376245348,1783075376302943
3,3,13,1783075376422586,1783075376438588,1783075376440649,1783075376440658,1783075376516176,1783075376542900,1783075376975145,1783075377032741
3,3,14,1783075377152390,1783075377168398,1783075377170471,1783075377170479,1783075377246106,1783075377272806,1783075377705037,1783075377762630
3,3,15,1783075377882272,1783075377898277,1783075377900337,1783075377900345,1783075377975927,1783075378002629,1783075378434836,1783075378492434
3,3,16,1783075378612082,1783075378628076,1783075378630147,1783075378630155,1783075378705647,1783075378732357,1783075379164591,1783075379222184
3,3,17,1783075379341828,1783075379357837,1783075379359911,1783075379359918,1783075379435527,1783075379462232,1783075379894467,1783075379952065
3,3,18,1783075380071725,1783075380087734,1783075380089797,1783075380089805,1783075380165191,1783075380191897,1783075380624067,1783075380681674
3,3,19,1783075380801323,1783075380817321,1783075380819391,1783075380819399,1783075380894964,1783075380921661,1783075381353889,1783075381411487
3,3,20,1783075381531120,1783075381547143,1783075381549205,1783075381549214,1783075381624649,1783075381651346,1783075382083590,1783075382141186
3,3,21,1783075382260834,1783075382276832,1783075382278923,1783075382278933,1783075382354512,1783075382381229,1783075382813455,1783075382871048
3,3,22,1783075382990680,1783075383006687,1783075383008748,1783075383008756,1783075383084377,1783075383111067,1783075383543317,1783075383600915
3,3,23,1783075383720552,1783075383736546,1783075383738619,1783075383738628,1783075383814181,1783075383840876,1783075384273112,1783075384330711
3,3,24,1783075384450347,1783075384466352,1783075384468413,1783075384468421,1783075384544064,1783075384570761,1783075385002992,1783075385060587
3,3,25,1783075385180224,1783075385196232,1783075385198301,1783075385198310,1783075385273880,1783075385300578,1783075385732807,1783075385790402
3,3,26,1783075385910047,1783075385926071,1783075385928154,1783075385928162,1783075386003726,1783075386030435,1783075386462666,1783075386520266
3,3,27,1783075386639926,1783075386655927,1783075386658008,1783075386658017,1783075386733604,1783075386760302,1783075387192549,1783075387250152
3,3,28,1783075387369813,1783075387385814,1783075387387890,1783075387387898,1783075387463428,1783075387490132,1783075387922398,1783075387979998
3,3,29,1783075388099642,1783075388115642,1783075388117708,1783075388117715,1783075388193321,1783075388220013,1783075388652239,1783075388709838
3,3,30,1783075388829474,1783075388845476,1783075388847546,1783075388847554,1783075388923133,1783075388949829,1783075389382032,1783075389439628
3,3,31,1783075389559297,1783075389575316,1783075389577377,1783075389577385,1783075389652980,1783075389679690,1783075390111916,1783075390169512
3,3,32,1783075390289162,1783075390305153,1783075390307226,1783075390307234,1783075390382836,1783075390409548,1783075390841805,1783075390899400
3,3,33,1783075391019049,1783075391035053,1783075391037115,1783075391037122,1783075391112730,1783075391139419,1783075391571673,1783075391629271
3,3,34,1783075391748917,1783075391764914,1783075391766993,1783075391767003,1783075391842547,1783075391869250,1783075392301438,1783075392359037
3,3,35,1783075392478682,1783075392494690,1783075392496751,1783075392496760,1783075392572366,1783075392599052,1783075393031240,1783075393088840
3,3,36,1783075393208481,1783075393224485,1783075393226558,1783075393226566,1783075393302169,1783075393327361,1783075393759612,1783075393817213
3,3,37,1783075393936856,1783075393952867,1783075393954939,1783075393954949,1783075394030596,1783075394057284,1783075394489551,1783075394547164
3,3,38,1783075394666811,1783075394682808,1783075394684871,1783075394684879,1783075394760491,1783075394787190,1783075395219435,1783075395277029
3,3,39,1783075395396675,1783075395412678,1783075395414748,1783075395414756,1783075395490407,1783075395517108,1783075395949317,1783075396006913
3,3,40,1783075396126537,1783075396142545,1783075396144606,1783075396144615,1783075396220176,1783075396246869,1783075396679081,1783075396736680
3,3,41,1783075396856325,1783075396872334,1783075396874420,1783075396874428,1783075396949791,1783075396976510,1783075397408710,1783075397466303
3,3,42,1783075397585974,1783075397601983,1783075397604054,1783075397604063,1783075397679673,1783075397706362,1783075398138582,1783075398196193
3,3,43,1783075398315847,1783075398331844,1783075398333907,1783075398333915,1783075398409505,1783075398436197,1783075398868465,1783075398926066
3,3,44,1783075399045709,1783075399061708,1783075399063780,1783075399063788,1783075399139392,1783075399166141,1783075399598359,1783075399655953
3,3,45,1783075399775580,1783075399791587,1783075399793654,1783075399793662,1783075399869293,1783075399895981,1783075400328203,1783075400385807
3,3,46,1783075400505465,1783075400521466,1783075400523540,1783075400523549,1783075400599196,1783075400625890,1783075401058092,1783075401115694
3,3,47,1783075401235338,1783075401251336,1783075401253398,1783075401253406,1783075401329027,1783075401355737,1783075401787979,1783075401845588
3,3,48,1783075401965235,1783075401981243,1783075401983318,1783075401983326,1783075402058879,1783075402085573,1783075402517813,1783075402575405
3,3,49,1783075402695042,1783075402711049,1783075402713110,1783075402713118,1783075402788741,1783075402815433,1783075403247662,1783075403305251
3,4,0,1783075403424911,1783075403440909,1783075403442977,1783075403442986,1783075403518633,1783075403545343,1783075403977547,1783075404035144
3,4,1,1783075404154775,1783075404170776,1783075404172839,1783075404172847,1783075404248451,1783075404275149,1783075404707387,1783075404764995
3,4,2,1783075404884637,1783075404900649,1783075404902721,1783075404902729,1783075404978120,1783075405004821,1783075405437029,1783075405494623
3,4,3,1783075405614296,1783075405630304,1783075405632366,1783075405632375,1783075405707756,1783075405734480,1783075406166687,1783075406224283
3,4,4,1783075406343918,1783075406359924,1783075406361985,1783075406361993,1783075406437499,1783075406464206,1783075406896466,1783075406954076
3,4,5,1783075407073712,1783075407089719,1783075407091790,1783075407091799,1783075407167240,1783075407193951,1783075407626168,1783075407683758
3,4,6,1783075407803397,1783075407819401,1783075407821463,1783075407821472,1783075407897137,1783075407923844,1783075408356062,1783075408413666
3,4,7,1783075408533310,1783075408549335,1783075408551406,1783075408551415,1783075408626932,1783075408653632,1783075409085929,1783075409143526
3,4,8,1783075409263155,1783075409279159,1783075409281220,1783075409281228,1783075409356833,1783075409383533,1783075409815768,1783075409873375
3,4,9,1783075409993026,1783075410009023,1783075410011099,1783075410011108,1783075410086693,1783075410113398,1783075410545622,1783075410603232
3,4,10,1783075410722871,1783075410738873,1783075410740936,1783075410740944,1783075410816543,1783075410843251,1783075411275483,1783075411333082
3,4,11,1783075411452711,1783075411468718,1783075411470791,1783075411470800,1783075411546399,1783075411573107,1783075412005301,1783075412062910
3,4,12,1783075412182548,1783075412198549,1783075412200612,1783075412200620,1783075412276230,1783075412302940,1783075412735186,1783075412792810
3,4,13,1783075412912449,1783075412928452,1783075412930533,1783075412930546,1783075413005958,1783075413032660,1783075413464920,1783075413522512
3,4,14,1783075413642173,1783075413658180,1783075413660242,1783075413660250,1783075413735912,1783075413762622,1783075414194853,1783075414252448
3,4,15,1783075414372083,1783075414388086,1783075414390155,1783075414390163,1783075414465709,1783075414492414,1783075414924660,1783075414982255
3,4,16,1783075415101902,1783075415117913,1783075415119989,1783075415119997,1783075415195575,1783075415222290,1783075415654474,1783075415712063
3,4,17,1783075415831729,1783075415847729,1783075415849791,1783075415849799,1783075415925197,1783075415951916,1783075416384172,1783075416441766
3,4,18,1783075416561424,1783075416577427,1783075416579505,1783075416579514,1783075416655096,1783075416681800,1783075417114103,1783075417171701
3,4,19,1783075417291342,1783075417307344,1783075417309406,1783075417309415,1783075417385096,1783075417411790,1783075417844038,1783075417901633
3,4,20,1783075418021272,1783075418037276,1783075418039348,1783075418039357,1783075418115029,1783075418141722,1783075418573994,1783075418631593
3,4,21,1783075418751234,1783075418767237,1783075418769299,1783075418769307,1783075418844679,1783075418871373,1783075419303637,1783075419361234
3,4,22,1783075419480904,1783075419496911,1783075419499004,1783075419499014,1783075419574593,1783075419601298,1783075420033531,1783075420091131
3,4,23,1783075420210765,1783075420226762,1783075420228826,1783075420228834,1783075420304411,1783075420331100,1783075420763317,1783075420820927
3,4,24,1783075420940577,1783075420956578,1783075420958651,1783075420958660,1783075421034284,1783075421060985,1783075421493234,1783075421550827
3,4,25,1783075421670464,1783075421686475,1783075421688543,1783075421688551,1783075421763915,1783075421790622,1783075422222855,1783075422280453
3,4,26,1783075422400108,1783075422416127,1783075422418199,1783075422418208,1783075422493738,1783075422520447,1783075422952686,1783075423010281
3,4,27,1783075423129916,1783075423145922,1783075423147994,1783075423148002,1783075423223612,1783075423250327,1783075423682511,1783075423740120
3,4,28,1783075423859759,1783075423875767,1783075423877827,1783075423877835,1783075423953527,1783075423980240,1783075424412457,1783075424470053
3,4,29,1783075424589703,1783075424605701,1783075424607791,1783075424607799,1783075424683403,1783075424710113,1783075425142350,1783075425199944
3,4,30,1783075425319589,1783075425335596,1783075425337657,1783075425337665,1783075425413221,1783075425439912,1783075425872132,1783075425929725
3,4,31,1783075426049363,1783075426065361,1783075426067432,1783075426067441,1783075426143023,1783075426169724,1783075426601954,1783075426659562
3,4,32,1783075426779205,1783075426795218,1783075426797279,1783075426797288,1783075426872846,1783075426899548,1783075427331801,1783075427389395
3,4,33,1783075427509034,1783075427525058,1783075427527129,1783075427527137,1783075427602685,1783075427629393,1783075428061617,1783075428119211
3,4,34,1783075428238864,1783075428254860,1783075428256922,1783075428256930,1783075428332404,1783075428359091,1783075428791375,1783075428848981
3,4,35,1783075428968618,1783075428984624,1783075428986696,1783075428986704,1783075429062185,1783075429088883,1783075429521086,1783075429578984
3,4,36,1783075429698636,1783075429714642,1783075429716704,1783075429716712,1783075429792156,1783075429818851,1783075430251102,1783075430308696
3,4,37,1783075430428329,1783075430444332,1783075430446411,1783075430446420,1783075430522099,1783075430547300,1783075430979467,1783075431037057
3,4,38,1783075431156710,1783075431172728,1783075431174802,1783075431174809,1783075431250388,1783075431277102,1783075431709349,1783075431766949
3,4,39,1783075431886604,1783075431902602,1783075431904678,1783075431904686,1783075431980287,1783075432006984,1783075432439250,1783075432496851
3,4,40,1783075432616528,1783075432632537,1783075432634615,1783075432634623,1783075432710221,1783075432736917,1783075433169142,1783075433226737
3,4,41,1783075433346403,1783075433362412,1783075433364475,1783075433364483,1783075433439837,1783075433465018,1783075433897273,1783075433954869
3,4,42,1783075434074511,1783075434090516,1783075434092579,1783075434092588,1783075434168188,1783075434193360,1783075434625545,1783075434683148
3,4,43,1783075434802789,1783075434818792,1783075434820853,1783075434820861,1783075434896516,1783075434923221,1783075435355431,1783075435413026
3,4,44,1783075435532708,1783075435548706,1783075435550781,1783075435550790,1783075435626370,1783075435653068,1783075436085329,1783075436142928
3,4,45,1783075436262576,1783075436278586,1783075436280648,1783075436280657,1783075436356278,1783075436382973,1783075436815212,1783075436872813
3,4,46,1783075436992448,1783075437008455,1783075437010528,1783075437010537,1783075437086136,1783075437112836,1783075437545028,1783075437602623
3,4,47,1783075437722268,1783075437738264,1783075437740325,1783075437740333,1783075437815766,1783075437842465,1783075438274697,1783075438332296
3,4,48,1783075438451938,1783075438467947,1783075438470009,1783075438470017,1783075438545624,1783075438572323,1783075439004557,1783075439062152
3,4,49,1783075439181796,1783075439197797,1783075439199869,1783075439199877,1783075439275477,1783075439302192,1783075439734419,1783075439792019
3,5,0,1783075439911665,1783075439927661,1783075439929722,1783075439929730,1783075440005322,1783075440032016,1783075440464270,1783075440521896
3,5,1,1783075440641570,1783075440657564,1783075440659638,1783075440659647,1783075440735287,1783075440761984,1783075441194205,1783075441251798
3,5,2,1783075441371443,1783075441387444,1783075441389504,1783075441389513,1783075441465173,1783075441491881,1783075441924104,1783075441981705
3,5,3,1783075442101352,1783075442117355,1783075442119429,1783075442119438,1783075442195091,1783075442221784,1783075442654017,1783075442711620
3,5,4,1783075442831262,1783075442847260,1783075442849338,1783075442849346,1783075442924907,1783075442951600,1783075443383832,1783075443441425
3,5,5,1783075443561084,1783075443577098,1783075443579170,1783075443579178,1783075443654713,1783075443681428,1783075444113667,1783075444171269
3,5,6,1783075444290914,1783075444306920,1783075444308987,1783075444308996,1783075444384609,1783075444411305,1783075444843566,1783075444901170
3,5,7,1783075445020811,1783075445036825,1783075445038907,1783075445038915,1783075445114484,1783075445141188,1783075445573385,1783075445630978
3,5,8,1783075445750612,1783075445766626,1783075445768689,1783075445768697,1783075445844275,1783075445870997,1783075446303185,1783075446360786
3,5,9,1783075446480440,1783075446496436,1783075446498522,1783075446498531,1783075446574053,1783075446600753,1783075447032995,1783075447090587
3,5,10,1783075447210230,1783075447226244,1783075447228314,1783075447228322,1783075447303919,1783075447330628,1783075447762867,1783075447820479
3,5,11,1783075447940122,1783075447956128,1783075447958201,1783075447958209,1783075448033722,1783075448060434,1783075448492719,1783075448550318
3,5,12,1783075448669961,1783075448685965,1783075448688038,1783075448688047,1783075448763691,1783075448790394,1783075449222598,1783075449280201
3,5,13,1783075449399841,1783075449415854,1783075449417928,1783075449417936,1783075449493445,1783075449520164,1783075449952391,1783075450009997
3,5,14,1783075450129635,1783075450145639,1783075450147720,1783075450147728,1783075450223271,1783075450249983,1783075450682253,1783075450739846
3,5,15,1783075450859502,1783075450875508,1783075450877574,1783075450877582,1783075450953142,1783075450979846,1783075451412069,1783075451469663
3,5,16,1783075451589325,1783075451605335,1783075451607405,1783075451607413,1783075451682872,1783075451709579,1783075452141816,1783075452199430
3,5,17,1783075452319085,1783075452335091,1783075452337163,1783075452337172,1783075452412843,1783075452439536,1783075452871775,1783075452929395
3,5,18,1783075453049051,1783075453065057,1783075453067132,1783075453067140,1783075453142823,1783075453169541,1783075453601744,1783075453659337
3,5,19,1783075453778982,1783075453794984,1783075453797049,1783075453797057,1783075453872652,1783075453899358,1783075454331594,1783075454389190
3,5,20,1783075454508835,1783075454524839,1783075454526924,1783075454526932,1783075454602633,1783075454627819,1783075455060044,1783075455117639
3,5,21,1783075455237296,1783075455253302,1783075455255371,1783075455255380,1783075455330982,1783075455357718,1783075455789980,1783075455847580
3,5,22,1783075455967224,1783075455983230,1783075455985294,1783075455985301,1783075456060880,1783075456087571,1783075456519812,1783075456577413
3,5,23,1783075456697062,1783075456713056,1783075456715127,1783075456715135,1783075456790708,1783075456817417,1783075457249639,1783075457307237
3,5,24,1783075457426885,1783075457442893,1783075457444958,1783075457444966,1783075457520510,1783075457547219,1783075457979479,1783075458037078
3,5,25,1783075458156713,1783075458172717,1783075458174796,1783075458174805,1783075458250497,1783075458277187,1783075458709433,1783075458767025
3,5,26,1783075458886665,1783075458902672,1783075458904733,1783075458904741,1783075458980184,1783075459006894,1783075459439118,1783075459496710
3,5,27,1783075459616375,1783075459632380,1783075459634452,1783075459634460,1783075459710107,1783075459736801,1783075460169028,1783075460226626
3,5,28,1783075460346264,1783075460362273,1783075460364349,1783075460364358,1783075460439966,1783075460466661,1783075460898890,1783075460956487
3,5,29,1783075461076130,1783075461092142,1783075461094214,1783075461094224,1783075461169615,1783075461196326,1783075461628611,1783075461686215
3,5,30,1783075461805851,1783075461821859,1783075461823941,1783075461823949,1783075461899519,1783075461926218,1783075462358453,1783075462416047
3,5,31,1783075462535713,1783075462551730,1783075462553811,1783075462553819,1783075462629366,1783075462656052,1783075463088284,1783075463145882
3,5,32,1783075463265529,1783075463281540,1783075463283628,1783075463283637,1783075463359242,1783075463385938,1783075463818187,1783075463875783
3,5,33,1783075463995432,1783075464011452,1783075464013517,1783075464013526,1783075464089089,1783075464115777,1783075464547970,1783075464605573
3,5,34,1783075464725207,1783075464741214,1783075464743289,1783075464743297,1783075464818898,1783075464845616,1783075465277842,1783075465335444
3,5,35,1783075465455088,1783075465471090,1783075465473171,1783075465473180,1783075465548771,1783075465575462,1783075466007706,1783075466065312
3,5,36,1783075466184957,1783075466200964,1783075466203037,1783075466203046,1783075466278668,1783075466305367,1783075466737597,1783075466795195
3,5,37,1783075466914822,1783075466930830,1783075466932899,1783075466932907,1783075467008479,1783075467035175,1783075467467427,1783075467525063
3,5,38,1783075467644710,1783075467660727,1783075467662798,1783075467662807,1783075467738378,1783075467765074,1783075468197277,1783075468254881
3,5,39,1783075468374539,1783075468390546,1783075468392626,1783075468392634,1783075468468168,1783075468494873,1783075468927111,1783075468984721
3,5,40,1783075469104363,1783075469120369,1783075469122459,1783075469122468,1783075469198075,1783075469224774,1783075469657032,1783075469714625
3,5,41,1783075469834258,1783075469850272,1783075469852345,1783075469852354,1783075469927921,1783075469954616,1783075470386857,1783075470444453
3,5,42,1783075470564114,1783075470580114,1783075470582205,1783075470582214,1783075470657874,1783075470684571,1783075471116837,1783075471174732
3,5,43,1783075471294364,1783075471310382,1783075471312444,1783075471312452,1783075471387941,1783075471414634,1783075471846871,1783075471904484
3,5,44,1783075472024123,1783075472040131,1783075472042204,1783075472042212,1783075472117691,1783075472144406,1783075472576608,1783075472634205
3,5,45,1783075472753849,1783075472769850,1783075472771927,1783075472771936,1783075472847567,1783075472874287,1783075473306523,1783075473364117
3,5,46,1783075473483758,1783075473499765,1783075473501834,1783075473501841,1783075473577365,1783075473604064,1783075474036312,1783075474093905
3,5,47,1783075474213553,1783075474229554,1783075474231638,1783075474231647,1783075474307277,1783075474333987,1783075474766243,1783075474823842
3,5,48,1783075474943482,1783075474959483,1783075474961547,1783075474961555,1783075475037199,1783075475063904,1783075475496154,1783075475553754
3,5,49,1783075475673388,1783075475689390,1783075475691462,1783075475691471,1783075475766952,1783075475793666,1783075476225901,1783075476283499
3,6,0,1783075476403145,1783075476419154,1783075476421216,1783075476421224,1783075476496773,1783075476523465,1783075476955720,1783075477013316
3,6,1,1783075477132960,1783075477148959,1783075477151031,1783075477151039,1783075477226622,1783075477253321,1783075477685564,1783075477743166
3,6,2,1783075477862820,1783075477878822,1783075477880887,1783075477880895,1783075477956494,1783075477983204,1783075478415464,1783075478473065
3,6,3,1783075478592729,1783075478608738,1783075478610812,1783075478610822,1783075478686239,1783075478712943,1783075479145196,1783075479202790
3,6,4,1783075479322447,1783075479338450,1783075479340513,1783075479340522,1783075479416162,1783075479442867,1783075479875115,1783075479932715
3,6,5,1783075480052345,1783075480068341,1783075480070417,1783075480070426,1783075480146022,1783075480172730,1783075480604947,1783075480662545
3,6,6,1783075480782187,1783075480798194,1783075480800255,1783075480800264,1783075480875796,1783075480902500,1783075481334753,1783075481392365
3,6,7,1783075481511998,1783075481528001,1783075481530085,1783075481530105,1783075481605763,1783075481632472,1783075482064684,1783075482122275
3,6,8,1783075482241914,1783075482257919,1783075482259989,1783075482259998,1783075482335624,1783075482362345,1783075482794563,1783075482852165
3,6,9,1783075482971811,1783075482987825,1783075482989888,1783075482989896,1783075483065460,1783075483092156,1783075483524376,1783075483581981
3,6,10,1783075483701626,1783075483717636,1783075483719709,1783075483719718,1783075483795383,1783075483822116,1783075484254325,1783075484311937
3,6,11,1783075484431598,1783075484447599,1783075484449670,1783075484449677,1783075484525247,1783075484551976,1783075484984224,1783075485041821
3,6,12,1783075485161465,1783075485177481,1783075485179551,1783075485179559,1783075485255205,1783075485281913,1783075485714143,1783075485771741
3,6,13,1783075485891379,1783075485907396,1783075485909457,1783075485909467,1783075485985076,1783075486011767,1783075486443985,1783075486501581
3,6,14,1783075486621235,1783075486637236,1783075486639310,1783075486639319,1783075486714675,1783075486739850,1783075487172076,1783075487229666
3,6,15,1783075487349297,1783075487365303,1783075487367387,1783075487367394,1783075487442842,1783075487469557,1783075487901809,1783075487959407
3,6,16,1783075488079040,1783075488095037,1783075488097116,1783075488097125,1783075488172735,1783075488199430,1783075488631668,1783075488689268
3,6,17,1783075488808902,1783075488824904,1783075488826974,1783075488826982,1783075488902411,1783075488929117,1783075489361340,1783075489418934
3,6,18,1783075489538588,1783075489554592,1783075489556652,1783075489556660,1783075489632224,1783075489658915,1783075490091146,1783075490148742
3,6,19,1783075490268371,1783075490284385,1783075490286460,1783075490286468,1783075490362079,1783075490388777,1783075490821034,1783075490878636
3,6,20,1783075490998287,1783075491014287,1783075491016353,1783075491016362,1783075491091899,1783075491118607,1783075491550869,1783075491608466
3,6,21,1783075491728101,1783075491744095,1783075491746166,1783075491746174,1783075491821840,1783075491848542,1783075492280752,1783075492338346
3,6,22,1783075492457995,1783075492474005,1783075492476086,1783075492476096,1783075492551729,1783075492578419,1783075493010623,1783075493068220
3,6,23,1783075493187872,1783075493203874,1783075493205935,1783075493205944,1783075493281513,1783075493308206,1783075493740450,1783075493798046
3,6,24,1783075493917685,1783075493933690,1783075493935761,1783075493935769,1783075494011360,1783075494038064,1783075494470287,1783075494527902
3,6,25,1783075494647566,1783075494663577,1783075494665654,1783075494665662,1783075494741245,1783075494767963,1783075495200152,1783075495257751
3,6,26,1783075495377391,1783075495393407,1783075495395495,1783075495395503,1783075495471101,1783075495497809,1783075495930073,1783075495987675
3,6,27,1783075496107317,1783075496123311,1783075496125375,1783075496125383,1783075496200946,1783075496227635,1783075496659856,1783075496717463
3,6,28,1783075496837099,1783075496853113,1783075496855207,1783075496855216,1783075496930800,1783075496957515,1783075497389747,1783075497447342
3,6,29,1783075497566997,1783075497583006,1783075497585065,1783075497585072,1783075497660659,1783075497687365,1783075498119606,1783075498177201
3,6,30,1783075498296847,1783075498312845,1783075498314921,1783075498314929,1783075498390537,1783075498417258,1783075498849524,1783075498907123
3,6,31,1783075499026780,1783075499042782,1783075499044845,1783075499044853,1783075499120431,1783075499147117,1783075499579330,1783075499636933
3,6,32,1783075499756575,1783075499772584,1783075499774654,1783075499774662,1783075499850259,1783075499876960,1783075500309166,1783075500366761
3,6,33,1783075500486426,1783075500502423,1783075500504483,1783075500504490,1783075500580130,1783075500605318,1783075501037587,1783075501095210
3,6,34,1783075501214839,1783075501230848,1783075501232917,1783075501232925,1783075501308499,1783075501335190,1783075501767447,1783075501825042
3,6,35,1783075501944670,1783075501960684,1783075501962763,1783075501962772,1783075502038354,1783075502065085,1783075502497268,1783075502554869
3,6,36,1783075502674511,1783075502690506,1783075502692568,1783075502692577,1783075502768175,1783075502794865,1783075503227094,1783075503284694
3,6,37,1783075503404353,1783075503420365,1783075503422444,1783075503422453,1783075503498063,1783075503524780,1783075503956974,1783075504014571
3,6,38,1783075504134217,1783075504150217,1783075504152278,1783075504152286,1783075504227853,1783075504254567,1783075504686840,1783075504744754
3,6,39,1783075504864399,1783075504880396,1783075504882471,1783075504882479,1783075504958125,1783075504983308,1783075505415606,1783075505473201
3,6,40,1783075505592865,1783075505608866,1783075505610936,1783075505610944,1783075505686543,1783075505713255,1783075506145479,1783075506203110
3,6,41,1783075506322757,1783075506338757,1783075506340819,1783075506340827,1783075506416212,1783075506442919,1783075506875197,1783075506932816
3,6,42,1783075507052454,1783075507068457,1783075507070532,1783075507070541,1783075507145946,1783075507172653,1783075507604910,1783075507662506
3,6,43,1783075507782160,1783075507798155,1783075507800224,1783075507800233,1783075507875870,1783075507902560,1783075508334809,1783075508392413
3,6,44,1783075508512041,1783075508528049,1783075508530131,1783075508530140,1783075508605690,1783075508632400,1783075509064580,1783075509122176
3,6,45,1783075509241822,1783075509257829,1783075509259898,1783075509259906,1783075509335535,1783075509362258,1783075509794512,1783075509852107
3,6,46,1783075509971741,1783075509987750,1783075509989821,1783075509989829,1783075510065433,1783075510092122,1783075510524464,1783075510582056
3,6,47,1783075510701722,1783075510717730,1783075510719801,1783075510719809,1783075510795227,1783075510821943,1783075511254163,1783075511311771
3,6,48,1783075511431424,1783075511447425,1783075511449497,1783075511449506,1783075511525106,1783075511551806,1783075511984012,1783075512041615
3,6,49,1783075512161256,1783075512177249,1783075512179324,1783075512179334,1783075512254995,1783075512281685,1783075512713936,1783075512771534
3,7,0,1783075512891177,1783075512907181,1783075512909241,1783075512909249,1783075512984771,1783075513011482,1783075513443686,1783075513501283
3,7,1,1783075513620946,1783075513636944,1783075513639013,1783075513639021,1783075513714517,1783075513741219,1783075514173466,1783075514231072
3,7,2,1783075514350725,1783075514366733,1783075514368797,1783075514368806,1783075514444210,1783075514470902,1783075514903156,1783075514960749
3,7,3,1783075515080387,1783075515096392,1783075515098475,1783075515098483,1783075515173893,1783075515200603,1783075515632835,1783075515690433
3,7,4,1783075515810075,1783075515826098,1783075515828180,1783075515828188,1783075515903826,1783075515930523,1783075516362757,1783075516420355
3,7,5,1783075516540020,1783075516556037,1783075516558110,1783075516558119,1783075516633754,1783075516660449,1783075517092801,1783075517150399
3,7,6,1783075517270041,1783075517286045,1783075517288118,1783075517288127,1783075517363720,1783075517390431,1783075517822683,1783075517880275
3,7,7,1783075517999919,1783075518015920,1783075518017994,1783075518018002,1783075518093642,1783075518120334,1783075518552582,1783075518610175
3,7,8,1783075518729802,1783075518745792,1783075518747868,1783075518747876,1783075518823253,1783075518849952,1783075519282147,1783075519339740
3,7,9,1783075519459381,1783075519475387,1783075519477449,1783075519477457,1783075519553020,1783075519579720,1783075520011965,1783075520069865
3,7,10,1783075520189507,1783075520205516,1783075520207593,1783075520207601,1783075520283162,1783075520309876,1783075520742098,1783075520799693
3,7,11,1783075520919352,1783075520935367,1783075520937443,1783075520937452,1783075521013048,1783075521039757,1783075521472000,1783075521529595
3,7,12,1783075521649247,1783075521665251,1783075521667331,1783075521667341,1783075521742803,1783075521769495,1783075522201698,1783075522259293
3,7,13,1783075522378937,1783075522394935,1783075522396998,1783075522397006,1783075522472518,1783075522499212,1783075522931452,1783075522989050
3,7,14,1783075523108694,1783075523124701,1783075523126773,1783075523126781,1783075523202361,1783075523229068,1783075523661310,1783075523718905
3,7,15,1783075523838545,1783075523854547,1783075523856610,1783075523856618,1783075523932245,1783075523958940,1783075524391149,1783075524448765
3,7,16,1783075524568429,1783075524584438,1783075524586512,1783075524586520,1783075524662129,1783075524688833,1783075525121053,1783075525178646
3,7,17,1783075525298294,1783075525314298,1783075525316371,1783075525316380,1783075525391926,1783075525418641,1783075525850904,1783075525908500
3,7,18,1783075526028145,1783075526044143,1783075526046216,1783075526046224,1783075526121837,1783075526148535,1783075526580797,1783075526638394
3,7,19,1783075526758036,1783075526774060,1783075526776150,1783075526776160,1783075526851765,1783075526878468,1783075527310661,1783075527368255
3,7,20,1783075527487902,1783075527503900,1783075527505976,1783075527505984,1783075527581548,1783075527608252,1783075528040456,1783075528098072
3,7,21,1783075528217701,1783075528233694,1783075528235765,1783075528235774,1783075528311212,1783075528337924,1783075528770161,1783075528827761
3,7,22,1783075528947409,1783075528963415,1783075528965491,1783075528965500,1783075529041140,1783075529067861,1783075529500146,1783075529557754
3,7,23,1783075529677398,1783075529693402,1783075529695476,1783075529695484,1783075529770905,1783075529797612,1783075530229843,1783075530287450
3,7,24,1783075530407084,1783075530423087,1783075530425168,1783075530425177,1783075530500669,1783075530527380,1783075530959578,1783075531017183
3,7,25,1783075531136837,1783075531152842,1783075531154916,1783075531154924,1783075531230536,1783075531257233,1783075531689468,1783075531747072
3,7,26,1783075531866710,1783075531882715,1783075531884779,1783075531884787,1783075531960425,1783075531987119,1783075532419371,1783075532476968
3,7,27,1783075532596662,1783075532612663,1783075532614739,1783075532614748,1783075532690350,1783075532717046,1783075533149242,1783075533206834
3,7,28,1783075533326477,1783075533342483,1783075533344546,1783075533344555,1783075533420145,1783075533446864,1783075533879119,1783075533936719
3,7,29,1783075534056363,1783075534072369,1783075534074442,1783075534074450,1783075534150075,1783075534176770,1783075534608987,1783075534666582
3,7,30,1783075534786220,1783075534802219,1783075534804280,1783075534804289,1783075534879879,1783075534906569,1783075535338781,1783075535396397
3,7,31,1783075535516038,1783075535532067,1783075535534149,1783075535534158,1783075535609802,1783075535636515,1783075536068763,1783075536126360
3,7,32,1783075536246013,1783075536262036,1783075536264126,1783075536264135,1783075536339699,1783075536366390,1783075536798636,1783075536856242
3,7,33,1783075536975876,1783075536991878,1783075536993942,1783075536993950,1783075537069462,1783075537096152,1783075537528348,1783075537585942
3,7,34,1783075537705589,1783075537721588,1783075537723658,1783075537723667,1783075537799269,1783075537825986,1783075538258220,1783075538315819
3,7,35,1783075538435465,1783075538451477,1783075538453545,1783075538453553,1783075538529182,1783075538555880,1783075538988108,1783075539045718
3,7,36,1783075539165361,1783075539181365,1783075539183438,1783075539183446,1783075539259028,1783075539285728,1783075539717998,1783075539775592
3,7,37,1783075539895229,1783075539911232,1783075539913308,1783075539913316,1783075539988823,1783075540015532,1783075540447794,1783075540505390
3,7,38,1783075540625059,1783075540641058,1783075540643129,1783075540643138,1783075540718827,1783075540745524,1783075541177770,1783075541235370
3,7,39,1783075541355010,1783075541371001,1783075541373062,1783075541373070,1783075541448674,1783075541475374,1783075541907600,1783075541965196
3,7,40,1783075542084812,1783075542100820,1783075542102903,1783075542102911,1783075542178527,1783075542205235,1783075542637491,1783075542695096
3,7,41,1783075542814736,1783075542830739,1783075542832804,1783075542832812,1783075542908435,1783075542935126,1783075543367372,1783075543424974
3,7,42,1783075543544645,1783075543560652,1783075543562728,1783075543562737,1783075543638358,1783075543665064,1783075544097326,1783075544154937
3,7,43,1783075544274573,1783075544290579,1783075544292642,1783075544292651,1783075544368199,1783075544394888,1783075544827152,1783075544884757
3,7,44,1783075545004381,1783075545020391,1783075545022476,1783075545022484,1783075545098043,1783075545124739,1783075545556967,1783075545614561
3,7,45,1783075545734208,1783075545750207,1783075545752269,1783075545752278,1783075545827876,1783075545854597,1783075546286842,1783075546344437
3,7,46,1783075546464090,1783075546480095,1783075546482171,1783075546482180,1783075546557821,1783075546584522,1783075547016729,1783075547074329
3,7,47,1783075547193972,1783075547209994,1783075547212072,1783075547212082,1783075547287690,1783075547314391,1783075547746631,1783075547804230
3,7,48,1783075547923875,1783075547939878,1783075547941941,1783075547941950,1783075548017532,1783075548044240,1783075548476486,1783075548534082
3,7,49,1783075548653775,1783075548669773,1783075548671844,1783075548671852,1783075548747513,1783075548774219,1783075549206473,1783075549264072
3,8,0,1783075549383740,1783075549399748,1783075549401811,1783075549401819,1783075549477448,1783075549504147,1783075549936458,1783075549994054
3,8,1,1783075550113707,1783075550129695,1783075550131774,1783075550131783,1783075550207207,1783075550233898,1783075550666173,1783075550723764
3,8,2,1783075550843417,1783075550859414,1783075550861476,1783075550861484,1783075550937127,1783075550963823,1783075551396075,1783075551453674
3,8,3,1783075551573366,1783075551589376,1783075551591467,1783075551591476,1783075551667078,1783075551693787,1783075552126034,1783075552183636
3,8,4,1783075552303276,1783075552319280,1783075552321345,1783075552321353,1783075552396974,1783075552423663,1783075552855896,1783075552913499
3,8,5,1783075553033143,1783075553049138,1783075553051212,1783075553051221,1783075553126818,1783075553153514,1783075553585771,1783075553643366
3,8,6,1783075553763015,1783075553779014,1783075553781089,1783075553781098,1783075553856666,1783075553883369,1783075554315610,1783075554373203
3,8,7,1783075554492845,1783075554508865,1783075554510948,1783075554510958,1783075554586460,1783075554613167,1783075555045390,1783075555102981
3,8,8,1783075555222629,1783075555238639,1783075555240711,1783075555240719,1783075555316329,1783075555343048,1783075555775250,1783075555832848
3,8,9,1783075555952488,1783075555968497,1783075555970572,1783075555970580,1783075556046141,1783075556072848,1783075556505091,1783075556562688
3,8,10,1783075556682335,1783075556698341,1783075556700403,1783075556700411,1783075556776082,1783075556802786,1783075557235006,1783075557292609
3,8,11,1783075557412257,1783075557428262,1783075557430334,1783075557430342,1783075557505769,1783075557532473,1783075557964746,1783075558022343
3,8,12,1783075558141970,1783075558157990,1783075558160065,1783075558160075,1783075558235462,1783075558262173,1783075558694390,1783075558751988
3,8,13,1783075558871626,1783075558887631,1783075558889692,1783075558889700,1783075558965301,1783075558992022,1783075559424238,1783075559481840
3,8,14,1783075559601505,1783075559617516,1783075559619602,1783075559619611,1783075559695269,1783075559721964,1783075560154189,1783075560211792
3,8,15,1783075560331443,1783075560347446,1783075560349510,1783075560349518,1783075560425119,1783075560451822,1783075560884051,1783075560941661
3,8,16,1783075561061288,1783075561077302,1783075561079376,1783075561079384,1783075561155014,1783075561181711,1783075561613945,1783075561671541
3,8,17,1783075561791184,1783075561807190,1783075561809251,1783075561809259,1783075561884816,1783075561910001,1783075562342228,1783075562399826
3,8,18,1783075562519464,1783075562535490,1783075562537553,1783075562537562,1783075562613151,1783075562639857,1783075563072092,1783075563129695
3,8,19,1783075563249336,1783075563265348,1783075563267418,1783075563267426,1783075563342998,1783075563369706,1783075563801924,1783075563859524
3,8,20,1783075563979164,1783075563995166,1783075563997228,1783075563997236,1783075564072806,1783075564099496,1783075564531746,1783075564589362
3,8,21,1783075564708998,1783075564724994,1783075564727070,1783075564727079,1783075564802619,1783075564829320,1783075565261555,1783075565319147
3,8,22,1783075565438808,1783075565454815,1783075565456895,1783075565456904,1783075565532443,1783075565557633,1783075565989891,1783075566047787
3,8,23,1783075566167429,1783075566183440,1783075566185518,1783075566185527,1783075566261099,1783075566287810,1783075566720025,1783075566777638
3,8,24,1783075566897274,1783075566913283,1783075566915362,1783075566915371,1783075566990893,1783075567017593,1783075567449808,1783075567507406
3,8,25,1783075567627057,1783075567643063,1783075567645124,1783075567645133,1783075567720571,1783075567747263,1783075568179503,1783075568237105
3,8,26,1783075568356749,1783075568372760,1783075568374839,1783075568374847,1783075568450395,1783075568477105,1783075568909357,1783075568966953
3,8,27,1783075569086599,1783075569102607,1783075569104680,1783075569104688,1783075569180299,1783075569206992,1783075569639239,1783075569696839
3,8,28,1783075569816483,1783075569832504,1783075569834591,1783075569834600,1783075569910189,1783075569936899,1783075570369107,1783075570426708
3,8,29,1783075570546372,1783075570562389,1783075570564450,1783075570564457,1783075570640030,1783075570666722,1783075571098978,1783075571156575
3,8,30,1783075571276225,1783075571292224,1783075571294299,1783075571294307,1783075571369883,1783075571396577,1783075571828777,1783075571886384
3,8,31,1783075572006023,1783075572022033,1783075572024105,1783075572024114,1783075572099658,1783075572126366,1783075572558570,1783075572616165
3,8,32,1783075572735795,1783075572751803,1783075572753866,1783075572753874,1783075572829488,1783075572856182,1783075573288398,1783075573345989
3,8,33,1783075573465626,1783075573481626,1783075573483709,1783075573483717,1783075573559358,1783075573586053,1783075574018284,1783075574075875
3,8,34,1783075574195516,1783075574211514,1783075574213578,1783075574213586,1783075574289162,1783075574315882,1783075574748126,1783075574805738
3,8,35,1783075574925377,1783075574941385,1783075574943455,1783075574943463,1783075575019038,1783075575045746,1783075575477944,1783075575535556
3,8,36,1783075575655192,1783075575671199,1783075575673275,1783075575673282,1783075575748867,1783075575775559,1783075576207770,1783075576265366
3,8,37,1783075576385008,1783075576401013,1783075576403085,1783075576403094,1783075576478676,1783075576505372,1783075576937609,1783075576995210
3,8,38,1783075577114859,1783075577130866,1783075577132930,1783075577132938,1783075577208567,1783075577235265,1783075577667481,1783075577725079
3,8,39,1783075577844707,1783075577860713,1783075577862801,1783075577862809,1783075577938425,1783075577965124,1783075578397360,1783075578454955
3,8,40,1783075578574622,1783075578590618,1783075578592681,1783075578592689,1783075578668412,1783075578695119,1783075579127362,1783075579184957
3,8,41,1783075579304610,1783075579320612,1783075579322683,1783075579322692,1783075579398233,1783075579424943,1783075579857187,1783075579914785
3,8,42,1783075580034429,1783075580050429,1783075580052501,1783075580052510,1783075580128081,1783075580154773,1783075580586987,1783075580644596
3,8,43,1783075580764236,1783075580780248,1783075580782330,1783075580782338,1783075580857900,1783075580884631,1783075581316824,1783075581374419
3,8,44,1783075581494086,1783075581510099,1783075581512179,1783075581512188,1783075581587829,1783075581614522,1783075582046764,1783075582104361
3,8,45,1783075582224009,1783075582240020,1783075582242083,1783075582242091,1783075582317652,1783075582344347,1783075582776600,1783075582834196
3,8,46,1783075582953845,1783075582969845,1783075582971918,1783075582971926,1783075583047480,1783075583074208,1783075583506398,1783075583563992
3,8,47,1783075583683635,1783075583699665,1783075583701738,1783075583701747,1783075583777417,1783075583804109,1783075584236348,1783075584293948
3,8,48,1783075584413590,1783075584429594,1783075584431668,1783075584431677,1783075584507277,1783075584533966,1783075584966213,1783075585023816
3,8,49,1783075585143448,1783075585159450,1783075585161510,1783075585161519,1783075585237205,1783075585263922,1783075585696133,1783075585753735
3,9,0,1783075585873381,1783075585889386,1783075585891470,1783075585891478,1783075585966999,1783075585993705,1783075586425962,1783075586483567
3,9,1,1783075586603240,1783075586619250,1783075586621312,1783075586621320,1783075586696917,1783075586723614,1783075587155831,1783075587213444
3,9,2,1783075587333102,1783075587349103,1783075587351188,1783075587351196,1783075587426580,1783075587453285,1783075587885509,1783075587943112
3,9,3,1783075588062756,1783075588078757,1783075588080820,1783075588080827,1783075588156404,1783075588183096,1783075588615340,1783075588672934
3,9,4,1783075588792571,1783075588808574,1783075588810646,1783075588810654,1783075588886274,1783075588912998,1783075589345219,1783075589402815
3,9,5,1783075589522457,1783075589538477,1783075589540539,1783075589540547,1783075589616106,1783075589642796,1783075590075017,1783075590132616
3,9,6,1783075590252259,1783075590268251,1783075590270322,1783075590270330,1783075590345893,1783075590372586,1783075590804828,1783075590862423
3,9,7,1783075590982059,1783075590998072,1783075591000150,1783075591000158,1783075591075739,1783075591102462,1783075591534712,1783075591592302
3,9,8,1783075591711944,1783075591727950,1783075591730013,1783075591730021,1783075591805408,1783075591832098,1783075592264297,1783075592321900
3,9,9,1783075592441543,1783075592457545,1783075592459620,1783075592459628,1783075592535008,1783075592561746,1783075592993983,1783075593051580
3,9,10,1783075593171235,1783075593187250,1783075593189313,1783075593189322,1783075593264863,1783075593291580,1783075593723827,1783075593781423
3,9,11,1783075593901070,1783075593917064,1783075593919153,1783075593919162,1783075593994762,1783075594021473,1783075594453737,1783075594511336
3,9,12,1783075594630992,1783075594646993,1783075594649060,1783075594649068,1783075594724633,1783075594751317,1783075595183535,1783075595241140
3,9,13,1783075595360789,1783075595376793,1783075595378864,1783075595378872,1783075595454542,1783075595481245,1783075595913480,1783075595971078
3,9,14,1783075596090715,1783075596106716,1783075596108779,1783075596108787,1783075596184183,1783075596210876,1783075596643133,1783075596700762
3,9,15,1783075596820409,1783075596836408,1783075596838481,1783075596838489,1783075596913860,1783075596940555,1783075597372797,1783075597430398
3,9,16,1783075597550092,1783075597566106,1783075597568169,1783075597568179,1783075597643774,1783075597670498,1783075598102777,1783075598160370
3,9,17,1783075598280004,1783075598296006,1783075598298069,1783075598298078,1783075598373693,1783075598400387,1783075598832641,1783075598890250
3,9,18,1783075599009873,1783075599025872,1783075599027948,1783075599027956,1783075599103547,1783075599130247,1783075599562490,1783075599620088
3,9,19,1783075599739715,1783075599755717,1783075599757793,1783075599757801,1783075599833399,1783075599860108,1783075600292306,1783075600349901
3,9,20,1783075600469546,1783075600485537,1783075600487612,1783075600487621,1783075600563318,1783075600590009,1783075601022240,1783075601079830
3,9,21,1783075601199468,1783075601215475,1783075601217537,1783075601217545,1783075601293140,1783075601319837,1783075601752081,1783075601809679
3,9,22,1783075601929318,1783075601945330,1783075601947401,1783075601947410,1783075602022973,1783075602049686,1783075602481986,1783075602539599
3,9,23,1783075602659243,1783075602675255,1783075602677321,1783075602677329,1783075602752739,1783075602779426,1783075603211660,1783075603269266
3,9,24,1783075603388899,1783075603404902,1783075603406972,1783075603406980,1783075603482455,1783075603509157,1783075603941411,1783075603999012
3,9,25,1783075604118654,1783075604134654,1783075604136717,1783075604136724,1783075604212182,1783075604238886,1783075604671122,1783075604728736
3,9,26,1783075604848381,1783075604864384,1783075604866456,1783075604866463,1783075604941961,1783075604968660,1783075605400891,1783075605458486
3,9,27,1783075605578151,1783075605594150,1783075605596213,1783075605596221,1783075605671827,1783075605698521,1783075606130746,1783075606188339
3,9,28,1783075606307989,1783075606323994,1783075606326058,1783075606326067,1783075606401635,1783075606428332,1783075606860583,1783075606918184
3,9,29,1783075607037840,1783075607053843,1783075607055914,1783075607055923,1783075607131522,1783075607158222,1783075607590456,1783075607648050
3,9,30,1783075607767706,1783075607783711,1783075607785776,1783075607785784,1783075607861245,1783075607887947,1783075608320140,1783075608377742
3,9,31,1783075608497381,1783075608513387,1783075608515464,1783075608515473,1783075608591130,1783075608617835,1783075609050060,1783075609107653
3,9,32,1783075609227301,1783075609243308,1783075609245376,1783075609245384,1783075609320982,1783075609347680,1783075609779930,1783075609837529
3,9,33,1783075609957168,1783075609973163,1783075609975256,1783075609975264,1783075610050851,1783075610077561,1783075610509766,1783075610567369
3,9,34,1783075610687009,1783075610703003,1783075610705064,1783075610705073,1783075610780719,1783075610807406,1783075611239620,1783075611297226
3,9,35,1783075611416863,1783075611432868,1783075611434941,1783075611434949,1783075611510414,1783075611537156,1783075611969373,1783075612026965
3,9,36,1783075612146613,1783075612162617,1783075612164697,1783075612164706,1783075612240308,1783075612267011,1783075612699254,1783075612756852
3,9,37,1783075612876493,1783075612892501,1783075612894572,1783075612894580,1783075612970234,1783075612996947,1783075613429144,1783075613486734
3,9,38,1783075613606405,1783075613622410,1783075613624474,1783075613624482,1783075613700127,1783075613726847,1783075614159097,1783075614216697
3,9,39,1783075614336346,1783075614352354,1783075614354428,1783075614354436,1783075614429895,1783075614456604,1783075614888839,1783075614946450
3,9,40,1783075615066092,1783075615082098,1783075615084187,1783075615084195,1783075615159783,1783075615186496,1783075615618721,1783075615676321
3,9,41,1783075615795967,1783075615811970,1783075615814049,1783075615814057,1783075615889679,1783075615916392,1783075616348578,1783075616406183
3,9,42,1783075616525823,1783075616541837,1783075616543946,1783075616543956,1783075616619534,1783075616646252,1783075617078491,1783075617136085
3,9,43,1783075617255725,1783075617271727,1783075617273791,1783075617273799,1783075617349337,1783075617376036,1783075617808272,1783075617865869
3,9,44,1783075617985502,1783075618001508,1783075618003591,1783075618003600,1783075618079187,1783075618105886,1783075618538099,1783075618595687
3,9,45,1783075618715330,1783075618731327,1783075618733400,1783075618733408,1783075618808864,1783075618835564,1783075619267790,1783075619325390
3,9,46,1783075619445048,1783075619461045,1783075619463114,1783075619463122,1783075619538651,1783075619565383,1783075619997572,1783075620055166
3,9,47,1783075620174820,1783075620190818,1783075620192879,1783075620192888,1783075620268267,1783075620294956,1783075620727190,1783075620784793
3,9,48,1783075620904440,1783075620920449,1783075620922531,1783075620922539,1783075620998067,1783075621024766,1783075621456970,1783075621514560
3,9,49,1783075621634230,1783075621650243,1783075621652304,1783075621652312,1783075621727688,1783075621754397,1783075622186615,1783075622244215
4,0,0,1783075637793392,1783075637809407,1783075637812155,1783075637812164,1783075637908969,1783075637937565,1783075638373550,1783075638431154
4,0,1,1783075638552015,1783075638568068,1783075638570843,1783075638570853,1783075638667329,1783075638695927,1783075639131901,1783075639189505
4,0,2,1783075639310333,1783075639326350,1783075639329087,1783075639329095,1783075639425854,1783075639454457,1783075639890809,1783075639948516
4,0,3,1783075640069380,1783075640085408,1783075640088167,1783075640088176,1783075640184930,1783075640213532,1783075640649674,1783075640707317
4,0,4,1783075640828135,1783075640844134,1783075640846887,1783075640846895,1783075640943570,1783075640972167,1783075641408363,1783075641466032
4,0,5,1783075641587081,1783075641603089,1783075641605826,1783075641605835,1783075641702714,1783075641731443,1783075642167775,1783075642225525
4,0,6,1783075642346623,1783075642362759,1783075642365526,1783075642365535,1783075642462473,1783075642491098,1783075642927170,1783075642984798
4,0,7,1783075643105617,1783075643121649,1783075643124409,1783075643124418,1783075643220934,1783075643249543,1783075643685718,1783075643743328
4,0,8,1783075643864144,1783075643880157,1783075643882918,1783075643882927,1783075643979603,1783075644008214,1783075644444256,1783075644501884
4,0,9,1783075644622744,1783075644638754,1783075644641492,1783075644641500,1783075644738201,1783075644766793,1783075645202823,1783075645260433
4,0,10,1783075645381263,1783075645397277,1783075645400026,1783075645400035,1783075645496930,1783075645525558,1783075645961831,1783075646019466
4,0,11,1783075646140300,1783075646156330,1783075646159087,1783075646159098,1783075646255833,1783075646284430,1783075646720585,1783075646778201
4,0,12,1783075646899028,1783075646915051,1783075646917803,1783075646917811,1783075647014538,1783075647043150,1783075647479170,1783075647536770
4,0,13,1783075647657621,1783075647673633,1783075647676393,1783075647676402,1783075647773069,1783075647801661,1783075648237735,1783075648295378
4,0,14,1783075648416325,1783075648432443,1783075648435220,1783075648435230,1783075648531832,1783075648560499,1783075648996694,1783075649054368
4,0,15,1783075649175218,1783075649191231,1783075649193966,1783075649193974,1783075649290609,1783075649319213,1783075649755243,1783075649812856
4,0,16,1783075649933677,1783075649949700,1783075649952448,1783075649952457,1783075650049182,1783075650077789,1783075650513778,1783075650571421
4,0,17,1783075650692258,1783075650708293,1783075650711038,1783075650711047,1783075650807726,1783075650836327,1783075651272318,1783075651329954
4,0,18,1783075651450780,1783075651466808,1783075651469544,1783075651469553,1783075651566356,1783075651594978,1783075652031000,1783075652088625
4,0,19,1783075652209468,1783075652225499,1783075652228257,1783075652228267,1783075652324962,1783075652353557,1783075652789619,1783075652847366
4,0,20,1783075652968188,1783075652984189,1783075652986939,1783075652986947,1783075653083617,1783075653112214,1783075653548251,1783075653605886
4,0,21,1783075653726734,1783075653742753,1783075653745503,1783075653745512,1783075653842202,1783075653870792,1783075654307002,1783075654364659
4,0,22,1783075654485604,1783075654501681,1783075654504468,1783075654504478,1783075654601287,1783075654629933,1783075655066378,1783075655124029
4,0,23,1783075655244866,1783075655260981,1783075655263731,1783075655263742,1783075655360453,1783075655389076,1783075655825138,1783075655882768
4,0,24,1783075656003586,1783075656019599,1783075656022347,1783075656022356,1783075656119148,1783075656147755,1783075656584014,1783075656641675
4,0,25,1783075656762529,1783075656778542,1783075656781292,1783075656781302,1783075656878012,1783075656906604,1783075657342558,1783075657400186
4,0,26,1783075657521021,1783075657537062,1783075657539810,1783075657539819,1783075657636708,1783075657665312,1783075658101441,1783075658159079
4,0,27,1783075658279917,1783075658295950,1783075658298717,1783075658298727,1783075658395429,1783075658424015,1783075658860252,1783075658917877
4,0,28,1783075659038707,1783075659054731,1783075659057487,1783075659057497,1783075659154208,1783075659182796,1783075659618827,1783075659676441
4,0,29,1783075659797267,1783075659813281,1783075659816042,1783075659816051,1783075659912642,1783075659941244,1783075660377328,1783075660434983
4,0,30,1783075660555994,1783075660572137,1783075660574933,1783075660574943,1783075660671646,1783075660700276,1783075661136299,1783075661193923
4,0,31,1783075661314767,1783075661330797,1783075661333535,1783075661333544,1783075661430243,1783075661458851,1783075661894886,1783075661952504
4,0,32,1783075662073325,1783075662089346,1783075662092102,1783075662092112,1783075662188785,1783075662217387,1783075662653443,1783075662711064
4,0,33,1783075662831885,1783075662847911,1783075662850659,1783075662850669,1783075662947208,1783075662975815,1783075663411846,1783075663469445
4,0,34,1783075663590298,1783075663606303,1783075663609040,1783075663609049,1783075663705892,1783075663734514,1783075664170478,1783075664228103
4,0,35,1783075664348930,1783075664364949,1783075664367702,1783075664367711,1783075664464408,1783075664493006,1783075664929052,1783075664986670
4,0,36,1783075665107495,1783075665123517,1783075665126262,1783075665126271,1783075665222730,1783075665251340,1783075665687333,1783075665744933
4,0,37,1783075665865755,1783075665881764,1783075665884521,1783075665884529,1783075665981232,1783075666009841,1783075666445851,1783075666503492
4,0,38,1783075666624461,1783075666640593,1783075666643381,1783075666643393,1783075666740063,1783075666768694,1783075667204759,1783075667262421
4,0,39,1783075667383273,1783075667399295,1783075667402041,1783075667402050,1783075667498710,1783075667527324,1783075667963524,1783075668021137
4,0,40,1783075668141958,1783075668157971,1783075668160737,1783075668160746,1783075668257504,1783075668286123,1783075668722091,1783075668779693
4,0,41,1783075668900522,1783075668916535,1783075668919281,1783075668919290,1783075669016064,1783075669044689,1783075669480707,1783075669538352
4,0,42,1783075669659164,1783075669675179,1783075669677916,1783075669677925,1783075669774707,1783075669803310,1783075670239294,1783075670296903
4,0,43,1783075670417750,1783075670433770,1783075670436538,1783075670436548,1783075670533375,1783075670561999,1783075670997981,1783075671055588
4,0,44,1783075671176406,1783075671192537,1783075671195304,1783075671195312,1783075671291951,1783075671320542,1783075671756544,1783075671814191
4,0,45,1783075671935189,1783075671951326,1783075671954067,1783075671954078,1783075672050559,1783075672079153,1783075672515177,1783075672572872
4,0,46,1783075672693839,1783075672709947,1783075672712722,1783075672712732,1783075672809476,1783075672838116,1783075673274151,1783075673331791
4,0,47,1783075673452630,1783075673468641,1783075673471389,1783075673471398,1783075673567684,1783075673596285,1783075674032321,1783075674089939
4,0,48,1783075674210783,1783075674226805,1783075674229557,1783075674229565,1783075674326232,1783075674354834,1783075674790833,1783075674848437
4,0,49,1783075674969272,1783075674985279,1783075674988022,1783075674988030,1783075675084578,1783075675113171,1783075675549171,1783075675606781
4,1,0,1783075675727597,1783075675743604,1783075675746350,1783075675746360,1783075675843063,1783075675871674,1783075676307712,1783075676365349
4,1,1,1783075676486206,1783075676502229,1783075676504967,1783075676504976,1783075676601733,1783075676630350,1783075677066368,1783075677124000
4,1,2,1783075677244844,1783075677260855,1783075677263617,1783075677263626,1783075677360373,1783075677388977,1783075677825005,1783075677882612
4,1,3,1783075678003433,1783075678019437,1783075678022188,1783075678022197,1783075678118943,1783075678147542,1783075678583610,1783075678641266
4,1,4,1783075678762348,1783075678778449,1783075678781220,1783075678781230,1783075678877730,1783075678906346,1783075679342408,1783075679400051
4,1,5,1783075679520884,1783075679536905,1783075679539662,1783075679539670,1783075679636426,1783075679665038,1783075680101010,1783075680158615
4,1,6,1783075680279455,1783075680295488,1783075680298241,1783075680298250,1783075680394968,1783075680423567,1783075680859619,1783075680917238
4,1,7,1783075681038062,1783075681054083,1783075681056847,1783075681056856,1783075681153438,1783075681182036,1783075681618005,1783075681675634
4,1,8,1783075681796461,1783075681812472,1783075681815220,1783075681815229,1783075681911970,1783075681940570,1783075682376612,1783075682434237
4,1,9,1783075682555095,1783075682571145,1783075682573898,1783075682573907,1783075682670514,1783075682699120,1783075683135103,1783075683192732
4,1,10,1783075683313553,1783075683329575,1783075683332317,1783075683332325,1783075683428994,1783075683457593,1783075683893604,1783075683951218
4,1,11,1783075684072057,1783075684088076,1783075684090830,1783075684090840,1783075684187455,1783075684216058,1783075684652302,1783075684709941
4,1,12,1783075684830862,1783075684846938,1783075684849722,1783075684849731,1783075684946523,1783075684975146,1783075685411223,1783075685468869
4,1,13,1783075685589874,1783075685605889,1783075685608641,1783075685608649,1783075685705186,1783075685733792,1783075686169747,1783075686227471
4,1,14,1783075686348328,1783075686364338,1783075686367103,1783075686367114,1783075686463527,1783075686492121,1783075686928178,1783075686985793
4,1,15,1783075687106619,1783075687122632,1783075687125381,1783075687125390,1783075687222147,1783075687250747,1783075687686799,1783075687744428
4,1,16,1783075687865240,1783075687881255,1783075687884001,1783075687884010,1783075687980568,1783075688009177,1783075688445164,1783075688502780
4,1,17,1783075688623663,1783075688639884,1783075688642665,1783075688642676,1783075688739196,1783075688767787,1783075689203791,1783075689261400
4,1,18,1783075689382217,1783075689398229,1783075689400965,1783075689400974,1783075689497394,1783075689525998,1783075689962065,1783075690019696
4,1,19,1783075690140528,1783075690156545,1783075690159306,1783075690159316,1783075690256066,1783075690284658,1783075690720689,1783075690778329
4,1,20,1783075690899263,1783075690915345,1783075690918143,1783075690918152,1783075691014997,1783075691043654,1783075691479707,1783075691537331
4,1,21,1783075691658213,1783075691674242,1783075691676981,1783075691676990,1783075691773769,1783075691802380,1783075692238441,1783075692296088
4,1,22,1783075692416932,1783075692432974,1783075692435726,1783075692435735,1783075692532455,1783075692561079,1783075692997099,1783075693054701
4,1,23,1783075693175526,1783075693191545,1783075693194304,1783075693194313,1783075693291027,1783075693319646,1783075693755815,1783075693813474
4,1,24,1783075693934310,1783075693950335,1783075693953070,1783075693953078,1783075694049841,1783075694078431,1783075694514460,1783075694572118
4,1,25,1783075694692962,1783075694708993,1783075694711740,1783075694711749,1783075694808392,1783075694836976,1783075695272963,1783075695330570
4,1,26,1783075695451392,1783075695467414,1783075695470167,1783075695470176,1783075695566965,1783075695595581,1783075696031583,1783075696089197
4,1,27,1783075696210037,1783075696226073,1783075696228819,1783075696228828,1783075696325500,1783075696354092,1783075696790144,1783075696847825
4,1,28,1783075696968776,1783075696984857,1783075696987655,1783075696987665,1783075697084621,1783075697113256,1783075697549301,1783075697606932
4,1,29,1783075697727813,1783075697743830,1783075697746578,1783075697746587,1783075697843121,1783075697871729,1783075698307744,1783075698365360
4,1,30,1783075698486204,1783075698502210,1783075698504946,1783075698504955,1783075698601581,1783075698630170,1783075699066338,1783075699124030
4,1,31,1783075699244852,1783075699260854,1783075699263613,1783075699263621,1783075699360029,1783075699388638,1783075699824688,1783075699882303
4,1,32,1783075700003145,1783075700019153,1783075700021897,1783075700021905,1783075700118573,1783075700147182,1783075700583182,1783075700640795
4,1,33,1783075700761620,1783075700777627,1783075700780375,1783075700780384,1783075700877132,1783075700905723,1783075701341866,1783075701399539
4,1,34,1783075701520368,1783075701536407,1783075701539155,1783075701539163,1783075701635963,1783075701664565,1783075702100567,1783075702158178
4,1,35,1783075702279021,1783075702295047,1783075702297785,1783075702297795,1783075702394254,1783075702422838,1783075702858850,1783075702916461
4,1,36,1783075703037405,1783075703053481,1783075703056270,1783075703056280,1783075703153099,1783075703181737,1783075703616749,1783075703674386
4,1,37,1783075703795319,1783075703811331,1783075703814074,1783075703814082,1783075703910773,1783075703939359,1783075704375346,1783075704432952
4,1,38,1783075704553799,1783075704569833,1783075704572596,1783075704572607,1783075704669331,1783075704697930,1783075705133940,1783075705191547
4,1,39,1783075705312401,1783075705328570,1783075705331324,1783075705331334,1783075705428081,1783075705456676,1783075705892744,1783075705950370
4,1,40,1783075706071200,1783075706087227,1783075706089971,1783075706089980,1783075706186689,1783075706215285,1783075706651270,1783075706708894
4,1,41,1783075706829737,1783075706845765,1783075706848514,1783075706848523,1783075706944963,1783075706973568,1783075707409559,1783075707467168
4,1,42,1783075707588030,1783075707604057,1783075707606814,1783075707606824,1783075707703519,1783075707732109,1783075708168150,1783075708225787
4,1,43,1783075708346618,1783075708362633,1783075708365386,1783075708365395,1783075708462077,1783075708490681,1783075708926881,1783075708984578
4,1,44,1783075709105518,1783075709121599,1783075709124380,1783075709124390,1783075709220968,1783075709249589,1783075709685777,1783075709743406
4,1,45,1783075709864230,1783075709880249,1783075709882997,1783075709883006,1783075709979801,1783075710008408,1783075710444481,1783075710502108
4,1,46,1783075710622976,1783075710638995,1783075710641748,1783075710641757,1783075710738447,1783075710767052,1783075711203068,1783075711260678
4,1,47,1783075711381507,1783075711397533,1783075711400284,1783075711400293,1783075711496976,1783075711525586,1783075711961575,1783075712019493
4,1,48,1783075712140324,1783075712156335,1783075712159088,1783075712159098,1783075712255843,1783075712284438,1783075712720481,1783075712778101
4,1,49,1783075712898924,1783075712914937,1783075712917674,1783075712917682,1783075713014195,1783075713042789,1783075713478819,1783075713536452
4,2,0,1783075713657279,1783075713673287,1783075713676029,1783075713676038,1783075713772505,1783075713801111,1783075714237120,1783075714294735
4,2,1,1783075714415573,1783075714431597,1783075714434342,1783075714434351,1783075714531074,1783075714559705,1783075714995791,1783075715053455
4,2,2,1783075715174403,1783075715190481,1783075715193265,1783075715193275,1783075715290021,1783075715318659,1783075715754757,1783075715812396
4,2,3,1783075715933254,1783075715949268,1783075715952017,1783075715952025,1783075716048748,1783075716077348,1783075716513469,1783075716571171
4,2,4,1783075716692014,1783075716708031,1783075716710786,1783075716710794,1783075716807393,1783075716835996,1783075717272011,1783075717329624
4,2,5,1783075717450442,1783075717466446,1783075717469182,1783075717469190,1783075717565886,1783075717594479,1783075718030494,1783075718088115
4,2,6,1783075718208948,1783075718224964,1783075718227726,1783075718227735,1783075718324403,1783075718352988,1783075718788988,1783075718846604
4,2,7,1783075718967470,1783075718983584,1783075718986357,1783075718986367,1783075719083117,1783075719109897,1783075719545929,1783075719603556
4,2,8,1783075719724376,1783075719740390,1783075719743138,1783075719743147,1783075719839926,1783075719868519,1783075720304523,1783075720362136
4,2,9,1783075720482975,1783075720498992,1783075720501728,1783075720501737,1783075720598398,1783075720627005,1783075721063031,1783075721120633
4,2,10,1783075721241563,1783075721257679,1783075721260467,1783075721260477,1783075721356959,1783075721385603,1783075721821689,1783075721879346
4,2,11,1783075722000266,1783075722016475,1783075722019252,1783075722019262,1783075722116060,1783075722144661,1783075722580680,1783075722638283
4,2,12,1783075722759114,1783075722775119,1783075722777857,1783075722777866,1783075722874287,1783075722902871,1783075723338879,1783075723396476
4,2,13,1783075723517320,1783075723533334,1783075723536082,1783075723536090,1783075723632858,1783075723661470,1783075724097617,1783075724155280
4,2,14,1783075724276121,1783075724292148,1783075724294911,1783075724294921,1783075724391350,1783075724419934,1783075724855994,1783075724913596
4,2,15,1783075725034406,1783075725050421,1783075725053160,1783075725053168,1783075725149875,1783075725178464,1783075725614467,1783075725672068
4,2,16,1783075725792890,1783075725808909,1783075725811660,1783075725811669,1783075725908232,1783075725936835,1783075726372889,1783075726430524
4,2,17,1783075726551367,1783075726567411,1783075726570183,1783075726570193,1783075726666808,1783075726695409,1783075727131470,1783075727189115
4,2,18,1783075727310054,1783075727326143,1783075727328912,1783075727328922,1783075727425697,1783075727454353,1783075727890361,1783075727947992
4,2,19,1783075728068853,1783075728084875,1783075728087641,1783075728087651,1783075728184006,1783075728212606,1783075728648619,1783075728706239
4,2,20,1783075728827055,1783075728843068,1783075728845809,1783075728845817,1783075728942417,1783075728971015,1783075729407028,1783075729464638
4,2,21,1783075729585492,1783075729601502,1783075729604266,1783075729604275,1783075729701018,1783075729729610,1783075730165617,1783075730223223
4,2,22,1783075730344055,1783075730360083,1783075730362842,1783075730362851,1783075730459567,1783075730486342,1783075730922431,1783075730980052
4,2,23,1783075731100871,1783075731116889,1783075731119637,1783075731119645,1783075731216455,1783075731245080,1783075731681093,1783075731738697
4,2,24,1783075731859533,1783075731875540,1783075731878286,1783075731878295,1783075731975044,1783075732003652,1783075732439647,1783075732497269
4,2,25,1783075732618134,1783075732634150,1783075732636888,1783075732636897,1783075732733544,1783075732762148,1783075733198226,1783075733255921
4,2,26,1783075733376849,1783075733392921,1783075733395695,1783075733395704,1783075733492464,1783075733521129,1783075733957205,1783075734014825
4,2,27,1783075734135702,1783075734151730,1783075734154481,1783075734154491,1783075734251205,1783075734279799,1783075734715784,1783075734773400
4,2,28,1783075734894214,1783075734910220,1783075734912956,1783075734912964,1783075735009350,1783075735037950,1783075735473996,1783075735531631
4,2,29,1783075735652485,1783075735668498,1783075735671246,1783075735671255,1783075735767631,1783075735796234,1783075736232242,1783075736289850
4,2,30,1783075736410691,1783075736426716,1783075736429468,1783075736429477,1783075736526195,1783075736554802,1783075736990782,1783075737048394
4,2,31,1783075737169223,1783075737185233,1783075737188000,1783075737188009,1783075737284723,1783075737313335,1783075737749384,1783075737807007
4,2,32,1783075737927825,1783075737943839,1783075737946599,1783075737946608,1783075738043384,1783075738071975,1783075738507957,1783075738565588
4,2,33,1783075738686541,1783075738702564,1783075738705304,1783075738705314,1783075738801913,1783075738830509,1783075739266542,1783075739324181
4,2,34,1783075739445189,1783075739461485,1783075739464279,1783075739464290,1783075739561001,1783075739589652,1783075740025707,1783075740083363
4,2,35,1783075740204225,1783075740220235,1783075740222999,1783075740223008,1783075740319635,1783075740348227,1783075740784258,1783075740841887
4,2,36,1783075740962699,1783075740978721,1783075740981470,1783075740981478,1783075741078007,1783075741106595,1783075741542571,1783075741600174
4,2,37,1783075741720997,1783075741737018,1783075741739768,1783075741739777,1783075741836454,1783075741865066,1783075742301087,1783075742358701
4,2,38,1783075742479535,1783075742495555,1783075742498316,1783075742498327,1783075742594887,1783075742623480,1783075743059467,1783075743117072
4,2,39,1783075743237878,1783075743253894,1783075743256640,1783075743256648,1783075743353363,1783075743381974,1783075743817977,1783075743875580
4,2,40,1783075743996411,1783075744012434,1783075744015185,1783075744015193,1783075744111909,1783075744140643,1783075744576671,1783075744634299
4,2,41,1783075744755216,1783075744771225,1783075744773963,1783075744773972,1783075744870442,1783075744899025,1783075745335098,1783075745392743
4,2,42,1783075745513692,1783075745529798,1783075745532586,1783075745532596,1783075745629292,1783075745657946,1783075746093980,1783075746151603
4,2,43,1783075746272569,1783075746288603,1783075746291356,1783075746291366,1783075746387764,1783075746416361,1783075746852439,1783075746910081
4,2,44,1783075747029081,1783075747045091,1783075747047843,1783075747047853,1783075747144312,1783075747172924,1783075747608944,1783075747666546
4,2,45,1783075747787370,1783075747803388,1783075747806145,1783075747806155,1783075747902593,1783075747931194,1783075748367217,1783075748424825
4,2,46,1783075748545690,1783075748561717,1783075748564465,1783075748564474,1783075748661310,1783075748689927,1783075749125944,1783075749183565
4,2,47,1783075749304387,1783075749320403,1783075749323153,1783075749323162,1783075749419670,1783075749448280,1783075749884289,1783075749941892
4,2,48,1783075750062716,1783075750078737,1783075750081481,1783075750081490,1783075750178192,1783075750206798,1783075750642872,1783075750700503
4,2,49,1783075750821355,1783075750837364,1783075750840115,1783075750840125,1783075750936799,1783075750965402,1783075751401505,1783075751459159
4,3,0,1783075751580119,1783075751596197,1783075751598972,1783075751598981,1783075751695784,1783075751724420,1783075752160479,1783075752218119
4,3,1,1783075752338990,1783075752355020,1783075752357756,1783075752357766,1783075752454444,1783075752483025,1783075752919065,1783075752976971
4,3,2,1783075753097804,1783075753113820,1783075753116566,1783075753116574,1783075753213263,1783075753241875,1783075753677899,1783075753735630
4,3,3,1783075753856503,1783075753872511,1783075753875257,1783075753875265,1783075753971940,1783075754000550,1783075754436575,1783075754494184
4,3,4,1783075754615038,1783075754631063,1783075754633801,1783075754633811,1783075754730543,1783075754759141,1783075755195151,1783075755252750
4,3,5,1783075755373562,1783075755389576,1783075755392338,1783075755392347,1783075755489011,1783075755517619,1783075755953635,1783075756011264
4,3,6,1783075756132118,1783075756148284,1783075756151044,1783075756151055,1783075756247703,1783075756276303,1783075756712319,1783075756769918
4,3,7,1783075756890749,1783075756906758,1783075756909516,1783075756909525,1783075757006118,1783075757034745,1783075757470676,1783075757528617
4,3,8,1783075757649601,1783075757665714,1783075757668492,1783075757668501,1783075757765141,1783075757793768,1783075758229830,1783075758287502
4,3,9,1783075758408384,1783075758424403,1783075758427156,1783075758427166,1783075758523826,1783075758552422,1783075758988421,1783075759046024
4,3,10,1783075759166859,1783075759182869,1783075759185615,1783075759185624,1783075759282241,1783075759310837,1783075759746837,1783075759804464
4,3,11,1783075759925320,1783075759941353,1783075759944115,1783075759944124,1783075760040566,1783075760069181,1783075760505252,1783075760562926
4,3,12,1783075760683765,1783075760699784,1783075760702547,1783075760702556,1783075760799268,1783075760827863,1783075761263986,1783075761321645
4,3,13,1783075761442494,1783075761458508,1783075761461244,1783075761461254,1783075761557901,1783075761586508,1783075762022524,1783075762080135
4,3,14,1783075762200974,1783075762216993,1783075762219742,1783075762219752,1783075762316296,1783075762344884,1783075762780958,1783075762838581
4,3,15,1783075762959402,1783075762975407,1783075762978171,1783075762978180,1783075763074923,1783075763103513,1783075763539563,1783075763597166
4,3,16,1783075763718113,1783075763734217,1783075763737000,1783075763737009,1783075763833786,1783075763862431,1783075764298476,1783075764356106
4,3,17,1783075764477023,1783075764493043,1783075764495791,1783075764495800,1783075764592511,1783075764621106,1783075765057122,1783075765114735
4,3,18,1783075765235556,1783075765251568,1783075765254317,1783075765254325,1783075765351040,1783075765379662,1783075765815678,1783075765873276
4,3,19,1783075765994107,1783075766010113,1783075766012872,1783075766012880,1783075766109552,1783075766138158,1783075766574144,1783075766631746
4,3,20,1783075766752596,1783075766768624,1783075766771389,1783075766771399,1783075766868048,1783075766896650,1783075767332630,1783075767390241
4,3,21,1783075767511070,1783075767527081,1783075767529816,1783075767529824,1783075767626413,1783075767655007,1783075768091026,1783075768148659
4,3,22,1783075768269500,1783075768285509,1783075768288262,1783075768288271,1783075768384618,1783075768413218,1783075768849401,1783075768907040
4,3,23,1783075769027859,1783075769043881,1783075769046641,1783075769046650,1783075769143278,1783075769171893,1783075769607926,1783075769665573
4,3,24,1783075769786502,1783075769802586,1783075769805360,1783075769805368,1783075769901869,1783075769930520,1783075770366576,1783075770424214
4,3,25,1783075770545110,1783075770561163,1783075770563940,1783075770563950,1783075770660428,1783075770689014,1783075771125042,1783075771182660
4,3,26,1783075771303486,1783075771319499,1783075771322259,1783075771322268,1783075771418845,1783075771447441,1783075771883542,1783075771941177
4,3,27,1783075772062001,1783075772078021,1783075772080795,1783075772080804,1783075772177426,1783075772206037,1783075772642032,1783075772699635
4,3,28,1783075772820486,1783075772836661,1783075772839442,1783075772839454,1783075772936124,1783075772964728,1783075773400764,1783075773458377
4,3,29,1783075773579233,1783075773595253,1783075773597988,1783075773597997,1783075773694658,1783075773723241,1783075774159275,1783075774216906
4,3,30,1783075774337747,1783075774353758,1783075774356524,1783075774356533,1783075774452989,1783075774481585,1783075774917591,1783075774975229
4,3,31,1783075775096070,1783075775112088,1783075775114848,1783075775114857,1783075775211207,1783075775239821,1783075775675807,1783075775733461
4,3,32,1783075775854525,1783075775870591,1783075775873370,1783075775873380,1783075775970104,1783075775998752,1783075776435127,1783075776492803
4,3,33,1783075776613728,1783075776629748,1783075776632497,1783075776632506,1783075776729155,1783075776757755,1783075777193955,1783075777251571
4,3,34,1783075777372569,1783075777388581,1783075777391326,1783075777391335,1783075777487998,1783075777516606,1783075777952633,1783075778010313
4,3,35,1783075778131141,1783075778147153,1783075778149898,1783075778149907,1783075778246561,1783075778275161,1783075778711336,1783075778768986
4,3,36,1783075778889906,1783075778905937,1783075778908682,1783075778908691,1783075779005357,1783075779033959,1783075779470065,1783075779527735
4,3,37,1783075779646936,1783075779663018,1783075779665768,1783075779665776,1783075779762414,1783075779791012,1783075780227052,1783075780284686
4,3,38,1783075780405526,1783075780421547,1783075780424298,1783075780424308,1783075780521008,1783075780549620,1783075780985641,1783075781043276
4,3,39,1783075781164104,1783075781180112,1783075781182864,1783075781182872,1783075781279552,1783075781308165,1783075781744228,1783075781801860
4,3,40,1783075781922795,1783075781938888,1783075781941683,1783075781941693,1783075782038358,1783075782066993,1783075782503037,1783075782560700
4,3,41,1783075782681642,1783075782697664,1783075782700430,1783075782700440,1783075782797026,1783075782825632,1783075783261684,1783075783319319
4,3,42,1783075783440146,1783075783456165,1783075783458915,1783075783458923,1783075783555456,1783075783584059,1783075784020211,1783075784077860
4,3,43,1783075784198710,1783075784214723,1783075784217467,1783075784217477,1783075784314127,1783075784342714,1783075784778803,1783075784836425
4,3,44,1783075784957254,1783075784973271,1783075784976016,1783075784976024,1783075785072427,1783075785099219,1783075785535237,1783075785592851
4,3,45,1783075785713693,1783075785729735,1783075785732496,1783075785732505,1783075785829181,1783075785857783,1783075786293754,1783075786351358
4,3,46,1783075786472195,1783075786488210,1783075786490960,1783075786490970,1783075786587449,1783075786616038,1783075787052062,1783075787109679
4,3,47,1783075787230510,1783075787246524,1783075787249262,1783075787249271,1783075787346057,1783075787374647,1783075787810768,1783075787868421
4,3,48,1783075787989354,1783075788005424,1783075788008215,1783075788008225,1783075788105010,1783075788133651,1783075788569700,1783075788627329
4,3,49,1783075788748216,1783075788764230,1783075788766982,1783075788766990,1783075788863818,1783075788890593,1783075789326734,1783075789384363
4,4,0,1783075789505206,1783075789521385,1783075789524154,1783075789524164,1783075789620775,1783075789649384,1783075790085465,1783075790143093
4,4,1,1783075790263934,1783075790279959,1783075790282734,1783075790282743,1783075790379356,1783075790407953,1783075790843992,1783075790901599
4,4,2,1783075791022426,1783075791038439,1783075791041182,1783075791041190,1783075791137905,1783075791166496,1783075791602643,1783075791660313
4,4,3,1783075791781145,1783075791797159,1783075791799907,1783075791799916,1783075791896666,1783075791925256,1783075792361341,1783075792418978
4,4,4,1783075792539829,1783075792555885,1783075792558636,1783075792558645,1783075792655300,1783075792683902,1783075793119938,1783075793177544
4,4,5,1783075793298369,1783075793314380,1783075793317114,1783075793317122,1783075793413795,1783075793442393,1783075793878487,1783075793936143
4,4,6,1783075794057090,1783075794073175,1783075794075949,1783075794075959,1783075794172744,1783075794201388,1783075794637465,1783075794695132
4,4,7,1783075794816017,1783075794832037,1783075794834783,1783075794834792,1783075794931245,1783075794959846,1783075795395872,1783075795453471
4,4,8,1783075795574343,1783075795590349,1783075795593085,1783075795593093,1783075795689571,1783075795716353,1783075796152412,1783075796210026
4,4,9,1783075796330877,1783075796346892,1783075796349631,1783075796349641,1783075796446307,1783075796474898,1783075796910983,1783075796968612
4,4,10,1783075797089455,1783075797105465,1783075797108212,1783075797108220,1783075797205009,1783075797233622,1783075797669672,1783075797727286
4,4,11,1783075797848144,1783075797864177,1783075797866928,1783075797866937,1783075797963658,1783075797992252,1783075798428315,1783075798485923
4,4,12,1783075798606804,1783075798622827,1783075798625565,1783075798625574,1783075798722401,1783075798751033,1783075799187031,1783075799244658
4,4,13,1783075799365494,1783075799381512,1783075799384260,1783075799384268,1783075799480909,1783075799509517,1783075799945557,1783075800003210
4,4,14,1783075800124161,1783075800140270,1783075800143052,1783075800143063,1783075800239493,1783075800268121,1783075800704186,1783075800761821
4,4,15,1783075800882724,1783075800898750,1783075800901488,1783075800901496,1783075800998251,1783075801025050,1783075801461120,1783075801518741
4,4,16,1783075801639617,1783075801655636,1783075801658385,1783075801658395,1783075801755127,1783075801783729,1783075802219771,1783075802277383
4,4,17,1783075802398237,1783075802414275,1783075802417015,1783075802417024,1783075802513534,1783075802542128,1783075802978185,1783075803035805
4,4,18,1783075803156650,1783075803172673,1783075803175444,1783075803175453,1783075803272041,1783075803300649,1783075803736681,1783075803794300
4,4,19,1783075803915131,1783075803931143,1783075803933879,1783075803933887,1783075804030573,1783075804059156,1783075804495222,1783075804552873
4,4,20,1783075804673734,1783075804689755,1783075804692504,1783075804692513,1783075804789288,1783075804817883,1783075805253931,1783075805311533
4,4,21,1783075805432366,1783075805448374,1783075805451123,1783075805451131,1783075805547733,1783075805576353,1783075806012465,1783075806070125
4,4,22,1783075806191102,1783075806207477,1783075806210286,1783075806210301,1783075806306832,1783075806335463,1783075806771616,1783075806829257
4,4,23,1783075806950123,1783075806966140,1783075806968879,1783075806968887,1783075807065300,1783075807093902,1783075807529936,1783075807587572
4,4,24,1783075807708394,1783075807724410,1783075807727157,1783075807727165,1783075807824058,1783075807852655,1783075808288783,1783075808346407
4,4,25,1783075808467246,1783075808483264,1783075808486004,1783075808486014,1783075808582685,1783075808611280,1783075809047299,1783075809104906
4,4,26,1783075809225738,1783075809241753,1783075809244512,1783075809244522,1783075809341317,1783075809368096,1783075809804130,1783075809861742
4,4,27,1783075809982567,1783075809998574,1783075810001312,1783075810001320,1783075810097795,1783075810126394,1783075810562502,1783075810620163
4,4,28,1783075810741010,1783075810757021,1783075810759784,1783075810759793,1783075810856588,1783075810885186,1783075811321298,1783075811378915
4,4,29,1783075811499752,1783075811515771,1783075811518526,1783075811518535,1783075811615274,1783075811643869,1783075812079926,1783075812137569
4,4,30,1783075812258507,1783075812274596,1783075812277388,1783075812277398,1783075812373910,1783075812402532,1783075812838654,1783075812896262
4,4,31,1783075813017157,1783075813033176,1783075813035939,1783075813035948,1783075813132677,1783075813161283,1783075813597369,1783075813654977
4,4,32,1783075813775927,1783075813791967,1783075813794721,1783075813794731,1783075813891419,1783075813920006,1783075814356035,1783075814413644
4,4,33,1783075814534491,1783075814550506,1783075814553244,1783075814553253,1783075814649950,1783075814678536,1783075815114547,1783075815172192
4,4,34,1783075815293021,1783075815309029,1783075815311773,1783075815311783,1783075815408505,1783075815437113,1783075815873150,1783075815930755
4,4,35,1783075816051576,1783075816067595,1783075816070339,1783075816070347,1783075816166882,1783075816195482,1783075816631474,1783075816689099
4,4,36,1783075816809973,1783075816825995,1783075816828745,1783075816828753,1783075816925143,1783075816953736,1783075817389964,1783075817447901
4,4,37,1783075817568479,1783075817584515,1783075817587263,1783075817587273,1783075817684053,1783075817712664,1783075818148664,1783075818206498
4,4,38,1783075818327725,1783075818343745,1783075818346488,1783075818346496,1783075818443138,1783075818471720,1783075818907654,1783075818965583
4,4,39,1783075819086486,1783075819102523,1783075819105260,1783075819105269,1783075819201863,1783075819230452,1783075819666518,1783075819724161
4,4,40,1783075819845111,1783075819861127,1783075819863897,1783075819863906,1783075819960488,1783075819989090,1783075820425102,1783075820482703
4,4,41,1783075820603547,1783075820619563,1783075820622314,1783075820622324,1783075820719026,1783075820747628,1783075821183646,1783075821241242
4,4,42,1783075821362089,1783075821378108,1783075821380850,1783075821380860,1783075821477567,1783075821506184,1783075821942160,1783075821999760
4,4,43,1783075822120597,1783075822136615,1783075822139365,1783075822139375,1783075822236015,1783075822264612,1783075822700684,1783075822758290
4,4,44,1783075822879152,1783075822895166,1783075822897917,1783075822897925,1783075822994570,1783075823023159,1783075823459219,1783075823516834
4,4,45,1783075823637687,1783075823653699,1783075823656446,1783075823656454,1783075823753082,1783075823781674,1783075824217692,1783075824275297
4,4,46,1783075824396139,1783075824412160,1783075824414925,1783075824414935,1783075824511340,1783075824539944,1783075824975951,1783075825033553
4,4,47,1783075825154387,1783075825170409,1783075825173149,1783075825173158,1783075825269802,1783075825298392,1783075825734463,1783075825792066
4,4,48,1783075825912908,1783075825928920,1783075825931678,1783075825931686,1783075826028017,1783075826056627,1783075826492652,1783075826550277
4,4,49,1783075826671111,1783075826687130,1783075826689880,1783075826689889,1783075826786502,1783075826815096,1783075827251185,1783075827308785
4,5,0,1783075827429620,1783075827445638,1783075827448395,1783075827448405,1783075827545060,1783075827573661,1783075828009670,1783075828067274
4,5,1,1783075828188109,1783075828204122,1783075828206885,1783075828206894,1783075828303304,1783075828331893,1783075828767998,1783075828825614
4,5,2,1783075828946467,1783075828962478,1783075828965218,1783075828965227,1783075829061742,1783075829090331,1783075829526331,1783075829583943
4,5,3,1783075829704776,1783075829720795,1783075829723545,1783075829723554,1783075829820131,1783075829848716,1783075830284749,1783075830342363
4,5,4,1783075830463209,1783075830479226,1783075830481969,1783075830481980,1783075830578626,1783075830607220,1783075831043241,1783075831100849
4,5,5,1783075831221681,1783075831237706,1783075831240470,1783075831240479,1783075831337088,1783075831365687,1783075831801693,1783075831859311
4,5,6,1783075831980143,1783075831996153,1783075831998916,1783075831998926,1783075832095579,1783075832124176,1783075832560244,1783075832617844
4,5,7,1783075832738679,1783075832754682,1783075832757431,1783075832757441,1783075832854116,1783075832882704,1783075833318718,1783075833376317
4,5,8,1783075833497158,1783075833513190,1783075833515958,1783075833515967,1783075833612649,1783075833641245,1783075834077313,1783075834134918
4,5,9,1783075834255751,1783075834271764,1783075834274512,1783075834274520,1783075834371195,1783075834399794,1783075834835847,1783075834893465
4,5,10,1783075835014291,1783075835030297,1783075835033052,1783075835033062,1783075835129729,1783075835158316,1783075835594373,1783075835651976
4,5,11,1783075835772807,1783075835788823,1783075835791570,1783075835791579,1783075835888209,1783075835916811,1783075836352966,1783075836410594
4,5,12,1783075836531434,1783075836547452,1783075836550209,1783075836550219,1783075836646941,1783075836675540,1783075837111595,1783075837169200
4,5,13,1783075837290032,1783075837306057,1783075837308818,1783075837308826,1783075837405572,1783075837434165,1783075837870230,1783075837927838
4,5,14,1783075838048684,1783075838064698,1783075838067454,1783075838067463,1783075838164068,1783075838192669,1783075838628716,1783075838686316
4,5,15,1783075838807144,1783075838823169,1783075838825920,1783075838825929,1783075838922584,1783075838951182,1783075839387240,1783075839444846
4,5,16,1783075839565698,1783075839581708,1783075839584451,1783075839584460,1783075839681090,1783075839709691,1783075840145756,1783075840203368
4,5,17,1783075840324219,1783075840340229,1783075840342980,1783075840342990,1783075840439485,1783075840468081,1783075840904083,1783075840961688
4,5,18,1783075841082534,1783075841098549,1783075841101301,1783075841101312,1783075841197939,1783075841226528,1783075841662549,1783075841720146
4,5,19,1783075841840980,1783075841856998,1783075841859758,1783075841859767,1783075841956397,1783075841984999,1783075842421061,1783075842478662
4,5,20,1783075842599532,1783075842615549,1783075842618294,1783075842618303,1783075842714985,1783075842743581,1783075843179644,1783075843237242
4,5,21,1783075843358079,1783075843374098,1783075843376835,1783075843376845,1783075843473207,1783075843501813,1783075843937874,1783075843995481
4,5,22,1783075844116320,1783075844132333,1783075844135097,1783075844135106,1783075844231719,1783075844260312,1783075844696312,1783075844753911
4,5,23,1783075844874745,1783075844890757,1783075844893494,1783075844893501,1783075844990177,1783075845018760,1783075845454789,1783075845512407
4,5,24,1783075845633245,1783075845649256,1783075845652021,1783075845652030,1783075845748487,1783075845777085,1783075846213118,1783075846270725
4,5,25,1783075846391567,1783075846407576,1783075846410333,1783075846410341,1783075846506955,1783075846535570,1783075846971576,1783075847029178
4,5,26,1783075847150016,1783075847166036,1783075847168785,1783075847168795,1783075847265196,1783075847293785,1783075847729819,1783075847787421
4,5,27,1783075847908255,1783075847924271,1783075847927026,1783075847927035,1783075848023599,1783075848052211,1783075848488194,1783075848545813
4,5,28,1783075848666650,1783075848682660,1783075848685402,1783075848685411,1783075848782005,1783075848810585,1783075849246552,1783075849304158
4,5,29,1783075849424973,1783075849440985,1783075849443731,1783075849443741,1783075849540381,1783075849568980,1783075850005014,1783075850062616
4,5,30,1783075850183449,1783075850199464,1783075850202222,1783075850202231,1783075850298854,1783075850327447,1783075850763454,1783075850821056
4,5,31,1783075850941903,1783075850957921,1783075850960673,1783075850960681,1783075851057360,1783075851085975,1783075851522099,1783075851579709
4,5,32,1783075851700539,1783075851716571,1783075851719316,1783075851719324,1783075851816052,1783075851844650,1783075852280718,1783075852338314
4,5,33,1783075852459146,1783075852475165,1783075852477901,1783075852477911,1783075852574455,1783075852603038,1783075853039076,1783075853096675
4,5,34,1783075853217508,1783075853233527,1783075853236296,1783075853236308,1783075853332820,1783075853361414,1783075853797501,1783075853855121
4,5,35,1783075853975948,1783075853991967,1783075853994722,1783075853994730,1783075854091343,1783075854119943,1783075854555980,1783075854613581
4,5,36,1783075854734419,1783075854750445,1783075854753181,1783075854753189,1783075854849866,1783075854878458,1783075855314431,1783075855372038
4,5,37,1783075855492871,1783075855508890,1783075855511653,1783075855511663,1783075855607867,1783075855636469,1783075856072509,1783075856130110
4,5,38,1783075856250946,1783075856266962,1783075856269714,1783075856269722,1783075856366235,1783075856394824,1783075856830852,1783075856888456
4,5,39,1783075857009305,1783075857025328,1783075857028084,1783075857028094,1783075857124747,1783075857153348,1783075857589376,1783075857646978
4,5,40,1783075857767815,1783075857783825,1783075857786570,1783075857786579,1783075857883254,1783075857911848,1783075858347887,1783075858405490
4,5,41,1783075858526341,1783075858542349,1783075858545088,1783075858545097,1783075858641703,1783075858670287,1783075859106274,1783075859163885
4,5,42,1783075859284717,1783075859300733,1783075859303496,1783075859303505,1783075859400156,1783075859428758,1783075859864829,1783075859922432
4,5,43,1783075860043259,1783075860059274,1783075860062019,1783075860062028,1783075860158589,1783075860187181,1783075860623189,1783075860680794
4,5,44,1783075860801629,1783075860817639,1783075860820403,1783075860820413,1783075860917108,1783075860945701,1783075861381745,1783075861439361
4,5,45,1783075861560221,1783075861576237,1783075861578994,1783075861579004,1783075861675428,1783075861704025,1783075862140006,1783075862197607
4,5,46,1783075862318446,1783075862334461,1783075862337200,1783075862337210,1783075862433870,1783075862462469,1783075862898461,1783075862956063
4,5,47,1783075863076883,1783075863092897,1783075863095656,1783075863095665,1783075863192104,1783075863220700,1783075863656741,1783075863714341
4,5,48,1783075863835170,1783075863851179,1783075863853938,1783075863853946,1783075863950353,1783075863978937,1783075864414982,1783075864472585
4,5,49,1783075864593424,1783075864609437,1783075864612187,1783075864612195,1783075864708834,1783075864737442,1783075865173426,1783075865231027
4,6,0,1783075865351861,1783075865367879,1783075865370633,1783075865370641,1783075865467245,1783075865495855,1783075865931890,1783075865989494
4,6,1,1783075866110318,1783075866126330,1783075866129074,1783075866129083,1783075866225444,1783075866254040,1783075866690105,1783075866747705
4,6,2,1783075866868530,1783075866884544,1783075866887299,1783075866887309,1783075866983930,1783075867012520,1783075867448579,1783075867506177
4,6,3,1783075867627034,1783075867643049,1783075867645786,1783075867645796,1783075867742482,1783075867771077,1783075868207098,1783075868264701
4,6,4,1783075868385529,1783075868401547,1783075868404292,1783075868404301,1783075868500938,1783075868529555,1783075868965556,1783075869023156
4,6,5,1783075869143991,1783075869160010,1783075869162755,1783075869162763,1783075869259364,1783075869287976,1783075869724020,1783075869781627
4,6,6,1783075869902470,1783075869918483,1783075869921236,1783075869921244,1783075870017998,1783075870046585,1783075870482716,1783075870540328
4,6,7,1783075870661161,1783075870677166,1783075870679911,1783075870679919,1783075870776286,1783075870804888,1783075871240920,1783075871298531
4,6,8,1783075871419379,1783075871435405,1783075871438150,1783075871438158,1783075871534838,1783075871563441,1783075871999457,1783075872057063
4,6,9,1783075872177897,1783075872193903,1783075872196647,1783075872196656,1783075872293179,1783075872321775,1783075872757815,1783075872815419
4,6,10,1783075872936251,1783075872952265,1783075872955020,1783075872955029,1783075873051666,1783075873080267,1783075873516247,1783075873573844
4,6,11,1783075873694707,1783075873710728,1783075873713468,1783075873713479,1783075873810148,1783075873838740,1783075874274781,1783075874332387
4,6,12,1783075874453217,1783075874469238,1783075874471997,1783075874472007,1783075874568577,1783075874597179,1783075875033218,1783075875090818
4,6,13,1783075875211656,1783075875227673,1783075875230430,1783075875230440,1783075875327083,1783075875355693,1783075875791696,1783075875849305
4,6,14,1783075875970149,1783075875986174,1783075875988920,1783075875988929,1783075876085521,1783075876114113,1783075876550105,1783075876607706
4,6,15,1783075876728543,1783075876744571,1783075876747330,1783075876747339,1783075876844090,1783075876872696,1783075877308762,1783075877366355
4,6,16,1783075877487202,1783075877503241,1783075877505977,1783075877505986,1783075877602546,1783075877631135,1783075878067197,1783075878124802
4,6,17,1783075878245633,1783075878261640,1783075878264389,1783075878264399,1783075878361042,1783075878389628,1783075878825670,1783075878883275
4,6,18,1783075879004106,1783075879020128,1783075879022884,1783075879022893,1783075879119382,1783075879147976,1783075879584012,1783075879641607
4,6,19,1783075879762447,1783075879778466,1783075879781216,1783075879781226,1783075879877666,1783075879906263,1783075880342272,1783075880399872
4,6,20,1783075880520720,1783075880536727,1783075880539473,1783075880539482,1783075880636191,1783075880664793,1783075881100853,1783075881158457
4,6,21,1783075881279281,1783075881295289,1783075881298039,1783075881298047,1783075881394702,1783075881423293,1783075881859365,1783075881916969
4,6,22,1783075882037813,1783075882053829,1783075882056587,1783075882056595,1783075882153190,1783075882181792,1783075882617763,1783075882675360
4,6,23,1783075882796225,1783075882812242,1783075882814985,1783075882814994,1783075882911324,1783075882939923,1783075883375922,1783075883433518
4,6,24,1783075883554385,1783075883570407,1783075883573147,1783075883573157,1783075883669801,1783075883698387,1783075884134479,1783075884192084
4,6,25,1783075884312920,1783075884328935,1783075884331682,1783075884331690,1783075884428352,1783075884456946,1783075884892964,1783075884950570
4,6,26,1783075885071396,1783075885087411,1783075885090157,1783075885090167,1783075885186751,1783075885215355,1783075885651378,1783075885708978
4,6,27,1783075885829819,1783075885845844,1783075885848587,1783075885848596,1783075885945252,1783075885973845,1783075886409812,1783075886467411
4,6,28,1783075886588252,1783075886604272,1783075886607015,1783075886607023,1783075886703724,1783075886732323,1783075887168363,1783075887225965
4,6,29,1783075887346807,1783075887362844,1783075887365593,1783075887365603,1783075887462244,1783075887490835,1783075887926914,1783075887984518
4,6,30,1783075888105346,1783075888121356,1783075888124100,1783075888124107,1783075888220731,1783075888249327,1783075888685364,1783075888742966
4,6,31,1783075888863823,1783075888879842,1783075888882597,1783075888882606,1783075888979331,1783075889007927,1783075889443993,1783075889501596
4,6,32,1783075889622476,1783075889638510,1783075889641260,1783075889641268,1783075889737620,1783075889766209,1783075890202262,1783075890259864
4,6,33,1783075890380715,1783075890396721,1783075890399470,1783075890399480,1783075890495998,1783075890524593,1783075890960663,1783075891018266
4,6,34,1783075891139103,1783075891155118,1783075891157855,1783075891157863,1783075891254487,1783075891283073,1783075891719109,1783075891776710
4,6,35,1783075891897530,1783075891913547,1783075891916291,1783075891916300,1783075892012893,1783075892041495,1783075892477552,1783075892535173
4,6,36,1783075892656001,1783075892672008,1783075892674756,1783075892674766,1783075892771321,1783075892799911,1783075893235927,1783075893293832
4,6,37,1783075893414671,1783075893430695,1783075893433434,1783075893433442,1783075893530030,1783075893558630,1783075893994663,1783075894052259
4,6,38,1783075894173096,1783075894189121,1783075894191869,1783075894191879,1783075894288496,1783075894317091,1783075894753103,1783075894810703
4,6,39,1783075894931536,1783075894947547,1783075894950291,1783075894950300,1783075895046945,1783075895075550,1783075895511628,1783075895569245
4,6,40,1783075895690065,1783075895706083,1783075895708830,1783075895708838,1783075895805382,1783075895833970,1783075896270049,1783075896327655
4,6,41,1783075896448497,1783075896464515,1783075896467268,1783075896467278,1783075896563947,1783075896592548,1783075897028567,1783075897086170
4,6,42,1783075897207009,1783075897223033,1783075897225769,1783075897225777,1783075897322342,1783075897350937,1783075897786998,1783075897844609
4,6,43,1783075897965444,1783075897981479,1783075897984229,1783075897984237,1783075898080710,1783075898109315,1783075898545408,1783075898603012
4,6,44,1783075898723842,1783075898739864,1783075898742616,1783075898742625,1783075898839383,1783075898867979,1783075899303951,1783075899361556
4,6,45,1783075899482393,1783075899498420,1783075899501157,1783075899501165,1783075899597847,1783075899626438,1783075900062470,1783075900120073
4,6,46,1783075900240908,1783075900256925,1783075900259674,1783075900259682,1783075900356076,1783075900384672,1783075900820696,1783075900878311
4,6,47,1783075900999149,1783075901015166,1783075901017910,1783075901017919,1783075901114563,1783075901143150,1783075901579180,1783075901636786
4,6,48,1783075901757625,1783075901773634,1783075901776392,1783075901776400,1783075901873062,1783075901901653,1783075902337631,1783075902395241
4,6,49,1783075902516094,1783075902532122,1783075902534870,1783075902534880,1783075902631536,1783075902660124,1783075903096193,1783075903153791
4,7,0,1783075903274634,1783075903290650,1783075903293398,1783075903293407,1783075903390066,1783075903418651,1783075903854783,1783075903912400
4,7,1,1783075904033234,1783075904049244,1783075904051989,1783075904051997,1783075904148695,1783075904177289,1783075904613361,1783075904670961
4,7,2,1783075904791803,1783075904807808,1783075904810562,1783075904810571,1783075904907127,1783075904935717,1783075905371777,1783075905429385
4,7,3,1783075905550246,1783075905566263,1783075905569018,1783075905569029,1783075905665680,1783075905694270,1783075906130254,1783075906187851
4,7,4,1783075906308693,1783075906324708,1783075906327470,1783075906327480,1783075906424109,1783075906452710,1783075906888744,1783075906946349
4,7,5,1783075907067204,1783075907083232,1783075907085972,1783075907085982,1783075907182657,1783075907211252,1783075907647331,1783075907704949
4,7,6,1783075907825783,1783075907841799,1783075907844561,1783075907844571,1783075907941170,1783075907969767,1783075908405829,1783075908463432
4,7,7,1783075908584287,1783075908600314,1783075908603058,1783075908603067,1783075908699686,1783075908728289,1783075909164252,1783075909221845
4,7,8,1783075909342691,1783075909358706,1783075909361441,1783075909361449,1783075909458074,1783075909486659,1783075909922677,1783075909980282
4,7,9,1783075910101109,1783075910117112,1783075910119855,1783075910119863,1783075910216474,1783075910245083,1783075910681138,1783075910738740
4,7,10,1783075910859572,1783075910875592,1783075910878339,1783075910878349,1783075910974881,1783075911003488,1783075911439589,1783075911497191
4,7,11,1783075911618034,1783075911634082,1783075911636836,1783075911636845,1783075911733472,1783075911762061,1783075912198111,1783075912255713
4,7,12,1783075912376547,1783075912392560,1783075912395306,1783075912395316,1783075912492046,1783075912520678,1783075912956777,1783075913014380
4,7,13,1783075913135220,1783075913151234,1783075913153972,1783075913153981,1783075913250619,1783075913279206,1783075913715188,1783075913772793
4,7,14,1783075913893631,1783075913909643,1783075913912391,1783075913912400,1783075914009053,1783075914037651,1783075914473673,1783075914531305
4,7,15,1783075914652142,1783075914668154,1783075914670904,1783075914670915,1783075914767634,1783075914796228,1783075915232241,1783075915289841
4,7,16,1783075915410671,1783075915426690,1783075915429441,1783075915429450,1783075915525925,1783075915554520,1783075915990569,1783075916048172
4,7,17,1783075916169005,1783075916185019,1783075916187768,1783075916187778,1783075916284514,1783075916313108,1783075916749184,1783075916806790
4,7,18,1783075916927626,1783075916943643,1783075916946389,1783075916946399,1783075917042997,1783075917071594,1783075917507573,1783075917565171
4,7,19,1783075917686007,1783075917702028,1783075917704779,1783075917704788,1783075917801476,1783075917830070,1783075918266144,1783075918323747
4,7,20,1783075918444582,1783075918460598,1783075918463362,1783075918463372,1783075918560036,1783075918588643,1783075919024776,1783075919082376
4,7,21,1783075919203226,1783075919219238,1783075919221981,1783075919221989,1783075919318518,1783075919347103,1783075919783177,1783075919840793
4,7,22,1783075919961640,1783075919977649,1783075919980398,1783075919980407,1783075920077140,1783075920105738,1783075920541773,1783075920599370
4,7,23,1783075920720206,1783075920736217,1783075920738977,1783075920738986,1783075920835759,1783075920864356,1783075921300350,1783075921357951
4,7,24,1783075921478777,1783075921494800,1783075921497551,1783075921497561,1783075921594220,1783075921622816,1783075922058826,1783075922116425
4,7,25,1783075922237257,1783075922253264,1783075922256014,1783075922256023,1783075922352528,1783075922381116,1783075922817198,1783075922874810
4,7,26,1783075922995650,1783075923011669,1783075923014416,1783075923014425,1783075923111005,1783075923139602,1783075923575589,1783075923633185
4,7,27,1783075923754040,1783075923770056,1783075923772809,1783075923772820,1783075923869340,1783075923897920,1783075924333965,1783075924391577
4,7,28,1783075924512427,1783075924528442,1783075924531204,1783075924531213,1783075924627849,1783075924656444,1783075925092522,1783075925150134
4,7,29,1783075925270978,1783075925286985,1783075925289722,1783075925289730,1783075925386329,1783075925414920,1783075925850948,1783075925908568
4,7,30,1783075926029384,1783075926045394,1783075926048152,1783075926048161,1783075926144807,1783075926173390,1783075926609430,1783075926667030
4,7,31,1783075926787865,1783075926803885,1783075926806633,1783075926806642,1783075926903098,1783075926931697,1783075927367682,1783075927425284
4,7,32,1783075927546149,1783075927562157,1783075927564899,1783075927564908,1783075927661315,1783075927689920,1783075928125984,1783075928183606
4,7,33,1783075928304434,1783075928320442,1783075928323200,1783075928323209,1783075928419857,1783075928448460,1783075928884505,1783075928942111
4,7,34,1783075929062940,1783075929078950,1783075929081687,1783075929081697,1783075929178368,1783075929206977,1783075929642993,1783075929700609
4,7,35,1783075929821442,1783075929837453,1783075929840197,1783075929840206,1783075929936954,1783075929965550,1783075930401627,1783075930459238
4,7,36,1783075930580095,1783075930596107,1783075930598854,1783075930598864,1783075930695524,1783075930724122,1783075931160109,1783075931217713
4,7,37,1783075931338557,1783075931354573,1783075931357308,1783075931357317,1783075931454008,1783075931482601,1783075931918625,1783075931976528
4,7,38,1783075932097367,1783075932113395,1783075932116142,1783075932116152,1783075932212767,1783075932241366,1783075932677422,1783075932735021
4,7,39,1783075932855853,1783075932871867,1783075932874622,1783075932874630,1783075932971212,1783075932999823,1783075933435894,1783075933493795
4,7,40,1783075933614671,1783075933630681,1783075933633430,1783075933633439,1783075933730167,1783075933758767,1783075934194798,1783075934252400
4,7,41,1783075934373235,1783075934389242,1783075934391989,1783075934391998,1783075934488609,1783075934517222,1783075934953290,1783075935010897
4,7,42,1783075935131737,1783075935147747,1783075935150518,1783075935150529,1783075935247181,1783075935275789,1783075935711858,1783075935769458
4,7,43,1783075935890312,1783075935906338,1783075935909083,1783075935909092,1783075936005567,1783075936034161,1783075936470282,1783075936527901
4,7,44,1783075936648744,1783075936664754,1783075936667517,1783075936667526,1783075936764091,1783075936792700,1783075937228705,1783075937286317
4,7,45,1783075937407142,1783075937423161,1783075937425911,1783075937425920,1783075937522244,1783075937550837,1783075937986892,1783075938044486
4,7,46,1783075938165319,1783075938181343,1783075938184095,1783075938184103,1783075938280794,1783075938309399,1783075938745456,1783075938803074
4,7,47,1783075938923908,1783075938939933,1783075938942685,1783075938942693,1783075939039331,1783075939067943,1783075939504041,1783075939561646
4,7,48,1783075939682479,1783075939698512,1783075939701249,1783075939701258,1783075939797823,1783075939826412,1783075940262416,1783075940320021
4,7,49,1783075940440874,1783075940456894,1783075940459643,1783075940459652,1783075940556313,1783075940584910,1783075941020917,1783075941078513
4,8,0,1783075941199352,1783075941215369,1783075941218127,1783075941218136,1783075941314468,1783075941343069,1783075941779096,1783075941836699
4,8,1,1783075941957545,1783075941973572,1783075941976323,1783075941976332,1783075942072780,1783075942101372,1783075942537407,1783075942595005
4,8,2,1783075942715848,1783075942731862,1783075942734606,1783075942734617,1783075942831304,1783075942859918,1783075943295939,1783075943353536
4,8,3,1783075943474386,1783075943490426,1783075943493177,1783075943493186,1783075943589881,1783075943618468,1783075944054514,1783075944112116
4,8,4,1783075944232948,1783075944248953,1783075944251720,1783075944251729,1783075944348149,1783075944376738,1783075944812781,1783075944870380
4,8,5,1783075944991224,1783075945007246,1783075945009983,1783075945009991,1783075945106554,1783075945135135,1783075945571195,1783075945628795
4,8,6,1783075945749632,1783075945765660,1783075945768422,1783075945768431,1783075945864987,1783075945893590,1783075946329644,1783075946387245
4,8,7,1783075946508106,1783075946524124,1783075946526879,1783075946526888,1783075946623528,1783075946652165,1783075947088157,1783075947145758
4,8,8,1783075947266591,1783075947282622,1783075947285359,1783075947285367,1783075947382032,1783075947410636,1783075947846680,1783075947904282
4,8,9,1783075948025124,1783075948041133,1783075948043881,1783075948043889,1783075948140476,1783075948169077,1783075948605183,1783075948662780
4,8,10,1783075948783619,1783075948799635,1783075948802388,1783075948802397,1783075948899025,1783075948927624,1783075949363670,1783075949421265
4,8,11,1783075949542138,1783075949558145,1783075949560881,1783075949560890,1783075949657648,1783075949686236,1783075950122257,1783075950179865
4,8,12,1783075950300696,1783075950316704,1783075950319466,1783075950319475,1783075950416135,1783075950444746,1783075950880831,1783075950938439
4,8,13,1783075951059264,1783075951075295,1783075951078032,1783075951078040,1783075951174735,1783075951203340,1783075951639373,1783075951696978
4,8,14,1783075951817821,1783075951833835,1783075951836600,1783075951836609,1783075951933255,1783075951961850,1783075952397909,1783075952455508
4,8,15,1783075952576350,1783075952592368,1783075952595115,1783075952595124,1783075952691754,1783075952720364,1783075953156408,1783075953214004
4,8,16,1783075953334842,1783075953350862,1783075953353611,1783075953353620,1783075953450174,1783075953478764,1783075953914834,1783075953972437
4,8,17,1783075954093266,1783075954109273,1783075954112033,1783075954112042,1783075954208411,1783075954237011,1783075954673047,1783075954730649
4,8,18,1783075954851488,1783075954867508,1783075954870259,1783075954870268,1783075954966859,1783075954995458,1783075955431489,1783075955489089
4,8,19,1783075955609946,1783075955625959,1783075955628712,1783075955628722,1783075955725362,1783075955753962,1783075956190002,1783075956247605
4,8,20,1783075956368447,1783075956384454,1783075956387198,1783075956387206,1783075956483844,1783075956512455,1783075956948565,1783075957006168
4,8,21,1783075957127015,1783075957143036,1783075957145778,1783075957145788,1783075957242453,1783075957271054,1783075957707098,1783075957764701
4,8,22,1783075957885555,1783075957901576,1783075957904325,1783075957904335,1783075958000955,1783075958029574,1783075958465614,1783075958523235
4,8,23,1783075958644073,1783075958660102,1783075958662869,1783075958662878,1783075958759550,1783075958788156,1783075959224152,1783075959281750
4,8,24,1783075959402596,1783075959418607,1783075959421346,1783075959421356,1783075959518005,1783075959546619,1783075959982708,1783075960040312
4,8,25,1783075960161152,1783075960177172,1783075960179920,1783075960179930,1783075960276286,1783075960304882,1783075960740859,1783075960798473
4,8,26,1783075960919316,1783075960935328,1783075960938066,1783075960938075,1783075961034776,1783075961063366,1783075961499365,1783075961556965
4,8,27,1783075961677804,1783075961693822,1783075961696567,1783075961696575,1783075961793284,1783075961821889,1783075962257909,1783075962315514
4,8,28,1783075962436353,1783075962452377,1783075962455129,1783075962455139,1783075962551798,1783075962580400,1783075963016460,1783075963074063
4,8,29,1783075963194898,1783075963210911,1783075963213649,1783075963213657,1783075963310270,1783075963338876,1783075963774900,1783075963832513
4,8,30,1783075963953359,1783075963969377,1783075963972127,1783075963972136,1783075964068753,1783075964097345,1783075964533333,1783075964590935
4,8,31,1783075964711773,1783075964727793,1783075964730542,1783075964730551,1783075964827208,1783075964855801,1783075965291827,1783075965349427
4,8,32,1783075965470279,1783075965486315,1783075965489075,1783075965489085,1783075965585736,1783075965614337,1783075966050460,1783075966108063
4,8,33,1783075966228906,1783075966244929,1783075966247680,1783075966247689,1783075966344281,1783075966372893,1783075966808923,1783075966866525
4,8,34,1783075966987364,1783075967003373,1783075967006123,1783075967006132,1783075967102875,1783075967131471,1783075967567465,1783075967625062
4,8,35,1783075967745911,1783075967761930,1783075967764687,1783075967764697,1783075967861307,1783075967889921,1783075968325913,1783075968383517
4,8,36,1783075968504381,1783075968520414,1783075968523162,1783075968523171,1783075968619804,1783075968648400,1783075969084447,1783075969142050
4,8,37,1783075969262885,1783075969278895,1783075969281633,1783075969281641,1783075969378327,1783075969406925,1783075969843002,1783075969900600
4,8,38,1783075970021426,1783075970037447,1783075970040191,1783075970040199,1783075970136747,1783075970165348,1783075970601338,1783075970658935
4,8,39,1783075970779779,1783075970795792,1783075970798549,1783075970798558,1783075970895179,1783075970923786,1783075971359897,1783075971417508
4,8,40,1783075971538377,1783075971554408,1783075971557144,1783075971557153,1783075971653755,1783075971682344,1783075972118385,1783075972175985
4,8,41,1783075972296821,1783075972312834,1783075972315584,1783075972315593,1783075972412204,1783075972440795,1783075972876797,1783075972934399
4,8,42,1783075973055234,1783075973071249,1783075973073988,1783075973073997,1783075973170544,1783075973199154,1783075973635162,1783075973692761
4,8,43,1783075973813603,1783075973829634,1783075973832383,1783075973832392,1783075973929176,1783075973957781,1783075974393849,1783075974451452
4,8,44,1783075974572328,1783075974588335,1783075974591079,1783075974591089,1783075974687689,1783075974716284,1783075975152280,1783075975209880
4,8,45,1783075975330732,1783075975346743,1783075975349479,1783075975349488,1783075975445760,1783075975474348,1783075975910386,1783075975967998
4,8,46,1783075976088827,1783075976104834,1783075976107585,1783075976107596,1783075976204154,1783075976232753,1783075976668776,1783075976726374
4,8,47,1783075976847214,1783075976863237,1783075976865987,1783075976865997,1783075976962546,1783075976991139,1783075977427205,1783075977484816
4,8,48,1783075977605680,1783075977621693,1783075977624457,1783075977624467,1783075977721069,1783075977749667,1783075978185636,1783075978243240
4,8,49,1783075978364074,1783075978380080,1783075978382830,1783075978382839,1783075978479290,1783075978507918,1783075978943928,1783075979001529
4,9,0,1783075979122365,1783075979138380,1783075979141130,1783075979141139,1783075979237690,1783075979266283,1783075979702312,1783075979759916
4,9,1,1783075979880756,1783075979896775,1783075979899526,1783075979899535,1783075979996086,1783075980024674,1783075980460782,1783075980518399
4,9,2,1783075980639250,1783075980655259,1783075980658001,1783075980658010,1783075980754355,1783075980782944,1783075981218928,1783075981276538
4,9,3,1783075981397387,1783075981413397,1783075981416144,1783075981416154,1783075981512693,1783075981541290,1783075981977303,1783075982034899
4,9,4,1783075982155734,1783075982171749,1783075982174498,1783075982174507,1783075982271097,1783075982299702,1783075982735717,1783075982793336
4,9,5,1783075982914180,1783075982930204,1783075982932945,1783075982932953,1783075983029501,1783075983058138,1783075983494153,1783075983551767
4,9,6,1783075983672621,1783075983688635,1783075983691378,1783075983691387,1783075983787714,1783075983816309,1783075984252333,1783075984309933
4,9,7,1783075984430777,1783075984446792,1783075984449529,1783075984449538,1783075984546165,1783075984574750,1783075985010728,1783075985068328
4,9,8,1783075985189164,1783075985205173,1783075985207919,1783075985207928,1783075985304547,1783075985333144,1783075985769179,1783075985826782
4,9,9,1783075985947629,1783075985963642,1783075985966388,1783075985966397,1783075986062996,1783075986091589,1783075986527696,1783075986585297
4,9,10,1783075986706148,1783075986722173,1783075986724912,1783075986724921,1783075986821498,1783075986850091,1783075987286144,1783075987343749
4,9,11,1783075987464586,1783075987480600,1783075987483347,1783075987483356,1783075987579678,1783075987608278,1783075988044294,1783075988101894
4,9,12,1783075988222728,1783075988238735,1783075988241480,1783075988241489,1783075988337977,1783075988366571,1783075988802609,1783075988860211
4,9,13,1783075988981052,1783075988997069,1783075988999826,1783075988999836,1783075989096369,1783075989124972,1783075989560989,1783075989618589
4,9,14,1783075989739432,1783075989755442,1783075989758188,1783075989758197,1783075989854942,1783075989883552,1783075990319630,1783075990377248
4,9,15,1783075990498108,1783075990514121,1783075990516876,1783075990516885,1783075990613583,1783075990642191,1783075991078284,1783075991135894
4,9,16,1783075991256753,1783075991272776,1783075991275526,1783075991275535,1783075991372266,1783075991400870,1783075991836967,1783075991894577
4,9,17,1783075992015416,1783075992031426,1783075992034175,1783075992034184,1783075992130589,1783075992159191,1783075992595173,1783075992652783
4,9,18,1783075992773620,1783075992789631,1783075992792373,1783075992792382,1783075992889024,1783075992917624,1783075993353624,1783075993411224
4,9,19,1783075993532082,1783075993548100,1783075993550854,1783075993550863,1783075993647523,1783075993676139,1783075994112188,1783075994169792
4,9,20,1783075994290635,1783075994306663,1783075994309405,1783075994309414,1783075994406086,1783075994434681,1783075994870703,1783075994928317
4,9,21,1783075995049147,1783075995065163,1783075995067909,1783075995067917,1783075995164306,1783075995192919,1783075995628906,1783075995686507
4,9,22,1783075995807348,1783075995823352,1783075995826089,1783075995826109,1783075995922755,1783075995951354,1783075996387379,1783075996444981
4,9,23,1783075996565844,1783075996581853,1783075996584608,1783075996584619,1783075996681136,1783075996709744,1783075997145765,1783075997203362
4,9,24,1783075997324212,1783075997340252,1783075997342996,1783075997343006,1783075997439560,1783075997468163,1783075997904261,1783075997961877
4,9,25,1783075998082703,1783075998098710,1783075998101460,1783075998101470,1783075998198081,1783075998226681,1783075998662728,1783075998720330
4,9,26,1783075998841176,1783075998857188,1783075998859939,1783075998859948,1783075998956679,1783075998985292,1783075999421316,1783075999478921
4,9,27,1783075999599791,1783075999615806,1783075999618554,1783075999618563,1783075999715209,1783075999743808,1783076000179783,1783076000237381
4,9,28,1783076000358224,1783076000374243,1783076000376998,1783076000377007,1783076000473367,1783076000501953,1783076000938074,1783076000995680
4,9,29,1783076001116523,1783076001132535,1783076001135285,1783076001135295,1783076001231959,1783076001260560,1783076001696610,1783076001754211
4,9,30,1783076001875057,1783076001891077,1783076001893814,1783076001893824,1783076001990487,1783076002019079,1783076002455103,1783076002512725
4,9,31,1783076002633567,1783076002649581,1783076002652332,1783076002652341,1783076002748890,1783076002777492,1783076003213506,1783076003271102
4,9,32,1783076003391944,1783076003407980,1783076003410739,1783076003410748,1783076003507382,1783076003536022,1783076003972004,1783076004029604
4,9,33,1783076004150444,1783076004166454,1783076004169211,1783076004169220,1783076004265906,1783076004294499,1783076004730505,1783076004788115
4,9,34,1783076004908962,1783076004924972,1783076004927728,1783076004927737,1783076005024286,1783076005052884,1783076005488901,1783076005546517
4,9,35,1783076005667363,1783076005683380,1783076005686139,1783076005686147,1783076005782826,1783076005811426,1783076006247432,1783076006305031
4,9,36,1783076006425876,1783076006441908,1783076006444669,1783076006444678,1783076006541346,1783076006569956,1783076007006032,1783076007063635
4,9,37,1783076007184472,1783076007200490,1783076007203252,1783076007203262,1783076007299868,1783076007328469,1783076007764495,1783076007822116
4,9,38,1783076007942967,1783076007958989,1783076007961728,1783076007961740,1783076008058345,1783076008086928,1783076008522940,1783076008580545
4,9,39,1783076008701383,1783076008717397,1783076008720161,1783076008720171,1783076008816518,1783076008845114,1783076009281144,1783076009338745
4,9,40,1783076009459582,1783076009475609,1783076009478373,1783076009478382,1783076009575005,1783076009603610,1783076010039698,1783076010097300
4,9,41,1783076010218149,1783076010234157,1783076010236895,1783076010236904,1783076010333549,1783076010362148,1783076010798184,1783076010855789
4,9,42,1783076010976623,1783076010992629,1783076010995376,1783076010995385,1783076011092069,1783076011120666,1783076011556635,1783076011614232
4,9,43,1783076011735060,1783076011751080,1783076011753836,1783076011753845,1783076011850210,1783076011878820,1783076012314881,1783076012372481
4,9,44,1783076012493313,1783076012509342,1783076012512100,1783076012512108,1783076012608773,1783076012637388,1783076013073396,1783076013130999
4,9,45,1783076013251834,1783076013267845,1783076013270591,1783076013270600,1783076013367205,1783076013395810,1783076013831823,1783076013889423
4,9,46,1783076014010257,1783076014026271,1783076014029021,1783076014029031,1783076014125633,1783076014154223,1783076014590238,1783076014647839
4,9,47,1783076014768673,1783076014784699,1783076014787449,1783076014787459,1783076014884174,1783076014912769,1783076015348824,1783076015406423
4,9,48,1783076015527278,1783076015543316,1783076015546067,1783076015546076,1783076015642645,1783076015671249,1783076016107284,1783076016164888
4,9,49,1783076016285722,1783076016301727,1783076016304476,1783076016304485,1783076016401146,1783076016429730,1783076016865816,1783076016923419
5,0,0,1783076033117886,1783076033133929,1783076033137348,1783076033137358,1783076033258750,1783076033289234,1783076033728921,1783076033786521
5,0,1,1783076033908638,1783076033924700,1783076033928117,1783076033928127,1783076034049642,1783076034080123,1783076034519872,1783076034577473
5,0,2,1783076034699570,1783076034715620,1783076034719041,1783076034719050,1783076034840588,1783076034871077,1783076035310729,1783076035368328
5,0,3,1783076035490443,1783076035506498,1783076035509920,1783076035509931,1783076035631525,1783076035662002,1783076036101735,1783076036159352
5,0,4,1783076036281441,1783076036297481,1783076036300898,1783076036300906,1783076036422438,1783076036452929,1783076036892652,1783076036950253
5,0,5,1783076037072353,1783076037088402,1783076037091822,1783076037091832,1783076037213319,1783076037243798,1783076037683497,1783076037741100
5,0,6,1783076037863200,1783076037879257,1783076037882683,1783076037882692,1783076038004224,1783076038034707,1783076038474480,1783076038532081
5,0,7,1783076038654188,1783076038670241,1783076038673662,1783076038673672,1783076038795220,1783076038825701,1783076039265467,1783076039323100
5,0,8,1783076039445174,1783076039461217,1783076039464634,1783076039464642,1783076039586185,1783076039616672,1783076040056368,1783076040113979
5,0,9,1783076040236067,1783076040252120,1783076040255540,1783076040255549,1783076040377048,1783076040407531,1783076040847198,1783076040904800
5,0,10,1783076041026900,1783076041042960,1783076041046377,1783076041046387,1783076041167904,1783076041198392,1783076041638086,1783076041695683
5,0,11,1783076041817784,1783076041833836,1783076041837257,1783076041837266,1783076041958442,1783076041988926,1783076042428661,1783076042486579
5,0,12,1783076042608658,1783076042624698,1783076042628118,1783076042628127,1783076042749699,1783076042780182,1783076043219846,1783076043277744
5,0,13,1783076043399817,1783076043415865,1783076043419284,1783076043419293,1783076043540780,1783076043571266,1783076044010987,1783076044068590
5,0,14,1783076044190684,1783076044206726,1783076044210150,1783076044210160,1783076044331720,1783076044362206,1783076044802028,1783076044859957
5,0,15,1783076044982057,1783076044998107,1783076045001535,1783076045001544,1783076045123102,1783076045153581,1783076045593267,1783076045650863
5,0,16,1783076045772967,1783076045789010,1783076045792437,1783076045792447,1783076045913876,1783076045944355,1783076046384108,1783076046441722
5,0,17,1783076046563836,1783076046579879,1783076046583302,1783076046583311,1783076046704880,1783076046735367,1783076047175082,1783076047232683
5,0,18,1783076047354764,1783076047370805,1783076047374237,1783076047374246,1783076047495858,1783076047526349,1783076047966116,1783076048023718
5,0,19,1783076048145828,1783076048161867,1783076048165293,1783076048165303,1783076048286381,1783076048316862,1783076048756571,1783076048814171
5,0,20,1783076048936280,1783076048952327,1783076048955751,1783076048955759,1783076049077121,1783076049107595,1783076049547282,1783076049604881
5,0,21,1783076049726959,1783076049743000,1783076049746419,1783076049746428,1783076049867931,1783076049898418,1783076050338167,1783076050395770
5,0,22,1783076050517873,1783076050533923,1783076050537342,1783076050537351,1783076050658768,1783076050689248,1783076051128895,1783076051186503
5,0,23,1783076051308627,1783076051324683,1783076051328105,1783076051328115,1783076051449741,1783076051480225,1783076051919954,1783076051977559
5,0,24,1783076052099671,1783076052115713,1783076052119135,1783076052119144,1783076052240719,1783076052271205,1783076052710877,1783076052768474
5,0,25,1783076052890562,1783076052906603,1783076052910013,1783076052910021,1783076053031385,1783076053061865,1783076053501618,1783076053559230
5,0,26,1783076053681295,1783076053697341,1783076053700762,1783076053700772,1783076053822280,1783076053852751,1783076054292466,1783076054350063
5,0,27,1783076054472180,1783076054488230,1783076054491648,1783076054491657,1783076054613265,1783076054643750,1783076055083484,1783076055141082
5,0,28,1783076055263175,1783076055279216,1783076055282634,1783076055282642,1783076055404135,1783076055434617,1783076055874356,1783076055931959
5,0,29,1783076056054041,1783076056070092,1783076056073505,1783076056073515,1783076056195089,1783076056225573,1783076056665291,1783076056722901
5,0,30,1783076056844988,1783076056861031,1783076056864449,1783076056864458,1783076056985978,1783076057016466,1783076057456169,1783076057513794
5,0,31,1783076057635880,1783076057651928,1783076057655350,1783076057655360,1783076057776671,1783076057807148,1783076058246866,1783076058304467
5,0,32,1783076058426577,1783076058442619,1783076058446029,1783076058446038,1783076058567563,1783076058598041,1783076059037790,1783076059095396
5,0,33,1783076059217481,1783076059233525,1783076059236944,1783076059236953,1783076059358133,1783076059388618,1783076059828322,1783076059885923
5,0,34,1783076060007991,1783076060024036,1783076060027453,1783076060027461,1783076060148555,1783076060179041,1783076060618776,1783076060676374
5,0,35,1783076060798475,1783076060814517,1783076060817928,1783076060817937,1783076060939469,1783076060969950,1783076061409669,1783076061467273
5,0,36,1783076061589391,1783076061605426,1783076061608848,1783076061608858,1783076061730215,1783076061760684,1783076062200380,1783076062257980
5,0,37,1783076062380081,1783076062396124,1783076062399545,1783076062399554,1783076062521186,1783076062551665,1783076062991333,1783076063048928
5,0,38,1783076063171021,1783076063187075,1783076063190507,1783076063190517,1783076063312050,1783076063342537,1783076063782277,1783076063839883
5,0,39,1783076063961981,1783076063978036,1783076063981464,1783076063981475,1783076064103044,1783076064133522,1783076064573247,1783076064631153
5,0,40,1783076064753242,1783076064769279,1783076064772712,1783076064772721,1783076064894229,1783076064924716,1783076065364364,1783076065421968
5,0,41,1783076065544090,1783076065560132,1783076065563556,1783076065563564,1783076065684760,1783076065715249,1783076066154937,1783076066212537
5,0,42,1783076066334636,1783076066350682,1783076066354121,1783076066354131,1783076066475698,1783076066506185,1783076066945868,1783076067003464
5,0,43,1783076067125544,1783076067141599,1783076067145031,1783076067145041,1783076067266598,1783076067297084,1783076067736780,1783076067794384
5,0,44,1783076067916494,1783076067932538,1783076067935974,1783076067935982,1783076068057448,1783076068087925,1783076068527555,1783076068585151
5,0,45,1783076068707255,1783076068723301,1783076068726723,1783076068726731,1783076068848226,1783076068878713,1783076069318453,1783076069376051
5,0,46,1783076069498180,1783076069514219,1783076069517643,1783076069517651,1783076069639235,1783076069669716,1783076070109410,1783076070167014
5,0,47,1783076070289118,1783076070305158,1783076070308581,1783076070308592,1783076070429693,1783076070460175,1783076070899912,1783076070957516
5,0,48,1783076071079595,1783076071095636,1783076071099061,1783076071099069,1783076071220567,1783076071251058,1783076071690761,1783076071748359
5,0,49,1783076071870460,1783076071886498,1783076071889921,1783076071889930,1783076072011403,1783076072041878,1783076072481620,1783076072539230
5,1,0,1783076072661319,1783076072677358,1783076072680777,1783076072680786,1783076072802239,1783076072832726,1783076073272420,1783076073330318
5,1,1,1783076073452416,1783076073468459,1783076073471909,1783076073471919,1783076073593565,1783076073624046,1783076074063758,1783076074121354
5,1,2,1783076074243443,1783076074259485,1783076074262928,1783076074262937,1783076074384519,1783076074414998,1783076074854704,1783076074912318
5,1,3,1783076075034416,1783076075050465,1783076075053876,1783076075053884,1783076075175410,1783076075205877,1783076075645598,1783076075703201
5,1,4,1783076075825297,1783076075841335,1783076075844775,1783076075844786,1783076075965961,1783076075996441,1783076076436170,1783076076493798
5,1,5,1783076076615920,1783076076631959,1783076076635382,1783076076635392,1783076076756824,1783076076787297,1783076077227065,1783076077284672
5,1,6,1783076077406749,1783076077422790,1783076077426207,1783076077426216,1783076077548004,1783076077578487,1783076078018223,1783076078075819
5,1,7,1783076078197917,1783076078213955,1783076078217372,1783076078217381,1783076078338561,1783076078369046,1783076078808792,1783076078866393
5,1,8,1783076078988483,1783076079004521,1783076079007951,1783076079007961,1783076079129514,1783076079159994,1783076079599718,1783076079657322
5,1,9,1783076079779409,1783076079795449,1783076079798870,1783076079798879,1783076079920360,1783076079950848,1783076080390617,1783076080448217
5,1,10,1783076080570326,1783076080586373,1783076080589783,1783076080589792,1783076080711374,1783076080741847,1783076081181543,1783076081239139
5,1,11,1783076081361223,1783076081377272,1783076081380693,1783076081380702,1783076081502260,1783076081532747,1783076081972428,1783076082030027
5,1,12,1783076082152129,1783076082168178,1783076082171601,1783076082171611,1783076082292901,1783076082323377,1783076082763133,1783076082820740
5,1,13,1783076082942829,1783076082958873,1783076082962308,1783076082962318,1783076083083476,1783076083113962,1783076083553652,1783076083611247
5,1,14,1783076083733346,1783076083749383,1783076083752821,1783076083752831,1783076083874270,1783076083904749,1783076084344494,1783076084402100
5,1,15,1783076084524211,1783076084540257,1783076084543674,1783076084543683,1783076084665148,1783076084695634,1783076085135329,1783076085192924
5,1,16,1783076085315010,1783076085331056,1783076085334480,1783076085334488,1783076085455817,1783076085486320,1783076085925990,1783076085983589
5,1,17,1783076086105708,1783076086121748,1783076086125169,1783076086125180,1783076086246766,1783076086277248,1783076086716956,1783076086774557
5,1,18,1783076086896657,1783076086912702,1783076086916124,1783076086916133,1783076087037637,1783076087068121,1783076087507804,1783076087565397
5,1,19,1783076087687483,1783076087703534,1783076087706954,1783076087706962,1783076087828476,1783076087858964,1783076088298659,1783076088356251
5,1,20,1783076088478370,1783076088494424,1783076088497848,1783076088497858,1783076088619346,1783076088649829,1783076089089525,1783076089147139
5,1,21,1783076089269218,1783076089285264,1783076089288683,1783076089288691,1783076089410315,1783076089440798,1783076089880445,1783076089938048
5,1,22,1783076090060150,1783076090076191,1783076090079614,1783076090079623,1783076090201153,1783076090231637,1783076090671314,1783076090728912
5,1,23,1783076090851011,1783076090867049,1783076090870466,1783076090870474,1783076090991693,1783076091022172,1783076091461861,1783076091519482
5,1,24,1783076091641572,1783076091657639,1783076091661056,1783076091661065,1783076091782496,1783076091812984,1783076092252681,1783076092310274
5,1,25,1783076092432364,1783076092448404,1783076092451842,1783076092451852,1783076092573387,1783076092603872,1783076093043560,1783076093101464
5,1,26,1783076093223542,1783076093239595,1783076093243014,1783076093243023,1783076093364628,1783076093395115,1783076093834812,1783076093892425
5,1,27,1783076094014511,1783076094030551,1783076094033976,1783076094033985,1783076094155500,1783076094185982,1783076094625742,1783076094683343
5,1,28,1783076094805419,1783076094821459,1783076094824894,1783076094824902,1783076094946435,1783076094976917,1783076095416607,1783076095474203
5,1,29,1783076095596311,1783076095612349,1783076095615768,1783076095615778,1783076095736884,1783076095767368,1783076096207084,1783076096264678
5,1,30,1783076096386771,1783076096402813,1783076096406241,1783076096406251,1783076096527524,1783076096558007,1783076096997657,1783076097055258
5,1,31,1783076097177336,1783076097193377,1783076097196794,1783076097196803,1783076097318288,1783076097348771,1783076097788483,1783076097846083
5,1,32,1783076097968167,1783076097984211,1783076097987630,1783076097987639,1783076098109331,1783076098139813,1783076098579573,1783076098637172
5,1,33,1783076098759252,1783076098775307,1783076098778725,1783076098778734,1783076098900377,1783076098930865,1783076099370599,1783076099428198
5,1,34,1783076099550332,1783076099566378,1783076099569787,1783076099569796,1783076099691306,1783076099721777,1783076100161503,1783076100219103
5,1,35,1783076100341195,1783076100357239,1783076100360665,1783076100360675,1783076100481795,1783076100512277,1783076100951945,1783076101009845
5,1,36,1783076101131939,1783076101147988,1783076101151424,1783076101151434,1783076101272972,1783076101303453,1783076101743132,1783076101800736
5,1,37,1783076101922818,1783076101938854,1783076101942273,1783076101942282,1783076102063818,1783076102094302,1783076102534005,1783076102591603
5,1,38,1783076102713696,1783076102729746,1783076102733167,1783076102733176,1783076102854718,1783076102885206,1783076103324914,1783076103382527
5,1,39,1783076103504663,1783076103520707,1783076103524136,1783076103524146,1783076103645669,1783076103676140,1783076104115826,1783076104173427
5,1,40,1783076104295533,1783076104311573,1783076104314995,1783076104315004,1783076104436503,1783076104466979,1783076104906693,1783076104964301
5,1,41,1783076105086381,1783076105102429,1783076105105838,1783076105105847,1783076105227356,1783076105257843,1783076105697616,1783076105755219
5,1,42,1783076105877319,1783076105893358,1783076105896779,1783076105896789,1783076106018324,1783076106048813,1783076106488558,1783076106546164
5,1,43,1783076106668274,1783076106684314,1783076106687735,1783076106687745,1783076106809217,1783076106839695,1783076107279420,1783076107337023
5,1,44,1783076107459124,1783076107475169,1783076107478592,1783076107478602,1783076107600116,1783076107630605,1783076108070257,1783076108127858
5,1,45,1783076108249957,1783076108266012,1783076108269431,1783076108269440,1783076108390955,1783076108421441,1783076108861086,1783076108918679
5,1,46,1783076109040749,1783076109056791,1783076109060232,1783076109060241,1783076109181826,1783076109212309,1783076109651993,1783076109709592
5,1,47,1783076109831684,1783076109847722,1783076109851141,1783076109851150,1783076109972621,1783076110003106,1783076110442724,1783076110500349
5,1,48,1783076110622461,1783076110638505,1783076110641916,1783076110641924,1783076110763480,1783076110793947,1783076111233574,1783076111291183
5,1,49,1783076111413285,1783076111429323,1783076111432743,1783076111432752,1783076111554298,1783076111584785,1783076112024466,1783076112082066
5,2,0,1783076112204168,1783076112220224,1783076112223661,1783076112223670,1783076112345178,1783076112375664,1783076112815378,1783076112872979
5,2,1,1783076112995061,1783076113011120,1783076113014536,1783076113014545,1783076113136032,1783076113166517,1783076113606266,1783076113663870
5,2,2,1783076113785957,1783076113802012,1783076113805432,1783076113805441,1783076113927148,1783076113957633,1783076114397362,1783076114454962
5,2,3,1783076114577084,1783076114593128,1783076114596550,1783076114596560,1783076114717765,1783076114748242,1783076115187935,1783076115245835
5,2,4,1783076115367918,1783076115383963,1783076115387393,1783076115387401,1783076115508877,1783076115539359,1783076115979047,1783076116036648
5,2,5,1783076116158748,1783076116174796,1783076116178214,1783076116178224,1783076116299887,1783076116330362,1783076116770025,1783076116827628
5,2,6,1783076116949727,1783076116965772,1783076116969197,1783076116969208,1783076117090613,1783076117121098,1783076117560881,1783076117618480
5,2,7,1783076117740580,1783076117756615,1783076117760042,1783076117760051,1783076117881439,1783076117911921,1783076118351625,1783076118409227
5,2,8,1783076118531337,1783076118547378,1783076118550809,1783076118550818,1783076118672330,1783076118702814,1783076119142531,1783076119200124
5,2,9,1783076119322222,1783076119338265,1783076119341675,1783076119341683,1783076119463033,1783076119493527,1783076119933262,1783076119990862
5,2,10,1783076120112959,1783076120129005,1783076120132449,1783076120132459,1783076120253997,1783076120284477,1783076120724222,1783076120781825
5,2,11,1783076120903917,1783076120919953,1783076120923372,1783076120923380,1783076121044872,1783076121075346,1783076121515107,1783076121572709
5,2,12,1783076121694846,1783076121710894,1783076121714313,1783076121714322,1783076121835811,1783076121866295,1783076122306025,1783076122363626
5,2,13,1783076122485728,1783076122501771,1783076122505189,1783076122505198,1783076122626400,1783076122656886,1783076123096589,1783076123154184
5,2,14,1783076123276258,1783076123292299,1783076123295727,1783076123295737,1783076123416950,1783076123447429,1783076123887151,1783076123944756
5,2,15,1783076124066847,1783076124082890,1783076124086309,1783076124086319,1783076124207837,1783076124238316,1783076124677963,1783076124735565
5,2,16,1783076124857646,1783076124873687,1783076124877118,1783076124877127,1783076124998479,1783076125028965,1783076125468645,1783076125526260
5,2,17,1783076125648354,1783076125664400,1783076125667831,1783076125667839,1783076125789378,1783076125819865,1783076126259543,1783076126317143
5,2,18,1783076126439225,1783076126455267,1783076126458684,1783076126458692,1783076126580135,1783076126610619,1783076127050310,1783076127107912
5,2,19,1783076127230020,1783076127246064,1783076127249497,1783076127249507,1783076127371031,1783076127401518,1783076127841265,1783076127898871
5,2,20,1783076128020967,1783076128037006,1783076128040442,1783076128040452,1783076128161842,1783076128192311,1783076128632018,1783076128689622
5,2,21,1783076128811705,1783076128827744,1783076128831165,1783076128831175,1783076128952670,1783076128983151,1783076129422844,1783076129480463
5,2,22,1783076129602556,1783076129618594,1783076129622004,1783076129622013,1783076129743550,1783076129774025,1783076130213762,1783076130271364
5,2,23,1783076130393467,1783076130409510,1783076130412944,1783076130412953,1783076130534459,1783076130564940,1783076131004616,1783076131062218
5,2,24,1783076131184289,1783076131200326,1783076131203745,1783076131203753,1783076131325218,1783076131355699,1783076131795400,1783076131853004
5,2,25,1783076131975109,1783076131991152,1783076131994592,1783076131994601,1783076132116211,1783076132146684,1783076132586380,1783076132643978
5,2,26,1783076132766048,1783076132782100,1783076132785510,1783076132785520,1783076132907040,1783076132937523,1783076133377224,1783076133434818
5,2,27,1783076133556913,1783076133572963,1783076133576394,1783076133576404,1783076133697913,1783076133728399,1783076134168074,1783076134225675
5,2,28,1783076134347764,1783076134363806,1783076134367223,1783076134367233,1783076134488799,1783076134519284,1783076134959047,1783076135016642
5,2,29,1783076135138734,1783076135154780,1783076135158213,1783076135158223,1783076135279734,1783076135310215,1783076135749983,1783076135807585
5,2,30,1783076135929693,1783076135945734,1783076135949155,1783076135949165,1783076136070623,1783076136101097,1783076136540869,1783076136598467
5,2,31,1783076136720558,1783076136736607,1783076136740027,1783076136740036,1783076136861469,1783076136891947,1783076137331643,1783076137389248
5,2,32,1783076137511350,1783076137527394,1783076137530815,1783076137530824,1783076137652359,1783076137682839,1783076138122544,1783076138180141
5,2,33,1783076138302236,1783076138318278,1783076138321689,1783076138321699,1783076138443205,1783076138473695,1783076138913472,1783076138971085
5,2,34,1783076139093196,1783076139109243,1783076139112675,1783076139112685,1783076139233936,1783076139264419,1783076139704112,1783076139761716
5,2,35,1783076139883790,1783076139899831,1783076139903252,1783076139903262,1783076140024501,1783076140054983,1783076140494735,1783076140552331
5,2,36,1783076140674432,1783076140690476,1783076140693897,1783076140693906,1783076140815318,1783076140845800,1783076141285641,1783076141343259
5,2,37,1783076141465354,1783076141481426,1783076141484873,1783076141484882,1783076141606248,1783076141636730,1783076142076466,1783076142134066
5,2,38,1783076142256164,1783076142272213,1783076142275631,1783076142275640,1783076142397309,1783076142427793,1783076142867504,1783076142925110
5,2,39,1783076143047212,1783076143063253,1783076143066695,1783076143066705,1783076143187967,1783076143218447,1783076143658123,1783076143715719
5,2,40,1783076143837815,1783076143853853,1783076143857275,1783076143857285,1783076143978831,1783076144009312,1783076144449033,1783076144506653
5,2,41,1783076144628755,1783076144644787,1783076144648213,1783076144648223,1783076144769789,1783076144800270,1783076145239974,1783076145297575
5,2,42,1783076145419661,1783076145435711,1783076145439136,1783076145439145,1783076145560549,1783076145591028,1783076146030674,1783076146088273
5,2,43,1783076146210368,1783076146226413,1783076146229822,1783076146229832,1783076146351273,1783076146381739,1783076146821412,1783076146879018
5,2,44,1783076147001092,1783076147017135,1783076147020569,1783076147020578,1783076147142109,1783076147172591,1783076147612305,1783076147669903
5,2,45,1783076147791991,1783076147808033,1783076147811450,1783076147811459,1783076147932845,1783076147963329,1783076148403050,1783076148460650
5,2,46,1783076148582756,1783076148598804,1783076148602222,1783076148602232,1783076148723716,1783076148754181,1783076149193847,1783076149251446
5,2,47,1783076149373527,1783076149389566,1783076149392985,1783076149392994,1783076149514554,1783076149545033,1783076149984746,1783076150042344
5,2,48,1783076150164448,1783076150180490,1783076150183907,1783076150183917,1783076150305304,1783076150335778,1783076150775476,1783076150833083
5,2,49,1783076150955153,1783076150971205,1783076150974629,1783076150974643,1783076151096079,1783076151126568,1783076151566314,1783076151623915
5,3,0,1783076151746011,1783076151762064,1783076151765482,1783076151765490,1783076151887162,1783076151917648,1783076152357412,1783076152415014
5,3,1,1783076152537125,1783076152553163,1783076152556603,1783076152556614,1783076152678084,1783076152708568,1783076153148302,1783076153205901
5,3,2,1783076153327997,1783076153344044,1783076153347464,1783076153347473,1783076153469006,1783076153499504,1783076153939195,1783076153996791
5,3,3,1783076154118887,1783076154134928,1783076154138349,1783076154138358,1783076154259552,1783076154290033,1783076154729754,1783076154787352
5,3,4,1783076154909432,1783076154925472,1783076154928902,1783076154928910,1783076155050548,1783076155081039,1783076155520743,1783076155578339
5,3,5,1783076155700425,1783076155716460,1783076155719881,1783076155719890,1783076155841271,1783076155871749,1783076156311513,1783076156369115
5,3,6,1783076156491248,1783076156507302,1783076156510736,1783076156510747,1783076156632274,1783076156662747,1783076157102451,1783076157160047
5,3,7,1783076157282138,1783076157298181,1783076157301607,1783076157301616,1783076157422830,1783076157453311,1783076157893051,1783076157950658
5,3,8,1783076158072740,1783076158088777,1783076158092197,1783076158092206,1783076158213766,1783076158244244,1783076158683983,1783076158741582
5,3,9,1783076158863681,1783076158879715,1783076158883152,1783076158883161,1783076159004553,1783076159035028,1783076159474706,1783076159532336
5,3,10,1783076159654418,1783076159670457,1783076159673872,1783076159673882,1783076159795279,1783076159826869,1783076160266601,1783076160324203
5,3,11,1783076160446293,1783076160462338,1783076160465746,1783076160465755,1783076160587237,1783076160617717,1783076161057454,1783076161115064
5,3,12,1783076161237156,1783076161253212,1783076161256629,1783076161256638,1783076161378020,1783076161408502,1783076161848224,1783076161905824
5,3,13,1783076162027916,1783076162043960,1783076162047382,1783076162047390,1783076162168558,1783076162199032,1783076162638742,1783076162696334
5,3,14,1783076162818437,1783076162834484,1783076162837905,1783076162837914,1783076162959370,1783076162989842,1783076163429507,1783076163487124
5,3,15,1783076163609219,1783076163625262,1783076163628682,1783076163628692,1783076163750211,1783076163780690,1783076164220426,1783076164278026
5,3,16,1783076164400113,1783076164416155,1783076164419574,1783076164419583,1783076164541065,1783076164571548,1783076165011213,1783076165068811
5,3,17,1783076165190896,1783076165206934,1783076165210352,1783076165210361,1783076165331801,1783076165362292,1783076165801992,1783076165859592
5,3,18,1783076165981690,1783076165997740,1783076166001163,1783076166001171,1783076166122621,1783076166153098,1783076166592836,1783076166650434
5,3,19,1783076166772593,1783076166788643,1783076166792062,1783076166792071,1783076166913590,1783076166944099,1783076167383786,1783076167441378
5,3,20,1783076167563468,1783076167579512,1783076167582929,1783076167582940,1783076167704395,1783076167734879,1783076168174545,1783076168232141
5,3,21,1783076168354227,1783076168370269,1783076168373678,1783076168373687,1783076168494956,1783076168525440,1783076168965145,1783076169022743
5,3,22,1783076169144835,1783076169160880,1783076169164311,1783076169164321,1783076169285452,1783076169315929,1783076169755597,1783076169813196
5,3,23,1783076169935290,1783076169951334,1783076169954753,1783076169954762,1783076170076285,1783076170106766,1783076170546530,1783076170604128
5,3,24,1783076170726230,1783076170742269,1783076170745682,1783076170745691,1783076170867158,1783076170897618,1783076171337299,1783076171394906
5,3,25,1783076171517007,1783076171533057,1783076171536486,1783076171536497,1783076171657789,1783076171688274,1783076172127929,1783076172185524
5,3,26,1783076172307619,1783076172323666,1783076172327102,1783076172327112,1783076172448671,1783076172479170,1783076172918883,1783076172976482
5,3,27,1783076173098580,1783076173114627,1783076173118036,1783076173118046,1783076173239706,1783076173270188,1783076173709909,1783076173767520
5,3,28,1783076173889629,1783076173905675,1783076173909094,1783076173909102,1783076174030203,1783076174060684,1783076174500382,1783076174557983
5,3,29,1783076174680071,1783076174696115,1783076174699535,1783076174699545,1783076174820993,1783076174851480,1783076175291174,1783076175348766
5,3,30,1783076175470847,1783076175486911,1783076175490343,1783076175490353,1783076175611888,1783076175642369,1783076176082067,1783076176139665
5,3,31,1783076176261782,1783076176277825,1783076176281246,1783076176281255,1783076176402693,1783076176433164,1783076176872847,1783076176930451
5,3,32,1783076177052546,1783076177068588,1783076177072019,1783076177072028,1783076177193289,1783076177223768,1783076177663464,1783076177721059
5,3,33,1783076177843144,1783076177859186,1783076177862612,1783076177862621,1783076177983944,1783076178014428,1783076178454111,1783076178511732
5,3,34,1783076178633809,1783076178649851,1783076178653273,1783076178653282,1783076178774644,1783076178805117,1783076179244750,1783076179302646
5,3,35,1783076179424735,1783076179440777,1783076179444208,1783076179444218,1783076179565692,1783076179596177,1783076180035870,1783076180093467
5,3,36,1783076180215552,1783076180231606,1783076180235028,1783076180235036,1783076180356614,1783076180387089,1783076180826793,1783076180884394
5,3,37,1783076181006493,1783076181022532,1783076181025955,1783076181025964,1783076181147332,1783076181177805,1783076181617492,1783076181675100
5,3,38,1783076181797184,1783076181813228,1783076181816665,1783076181816674,1783076181938225,1783076181968702,1783076182408376,1783076182465989
5,3,39,1783076182588078,1783076182604122,1783076182607538,1783076182607547,1783076182729142,1783076182759628,1783076183199347,1783076183256948
5,3,40,1783076183379050,1783076183395096,1783076183398519,1783076183398528,1783076183519917,1783076183550406,1783076183990063,1783076184047661
5,3,41,1783076184169752,1783076184185803,1783076184189222,1783076184189232,1783076184310353,1783076184340833,1783076184780578,1783076184838179
5,3,42,1783076184960258,1783076184976305,1783076184979722,1783076184979731,1783076185101254,1783076185131734,1783076185571469,1783076185629066
5,3,43,1783076185751169,1783076185767206,1783076185770624,1783076185770633,1783076185891822,1783076185922303,1783076186361997,1783076186419599
5,3,44,1783076186541728,1783076186557777,1783076186561197,1783076186561206,1783076186682413,1783076186712892,1783076187152548,1783076187210146
5,3,45,1783076187332251,1783076187348299,1783076187351720,1783076187351730,1783076187473049,1783076187503557,1783076187943233,1783076188000832
5,3,46,1783076188122932,1783076188138984,1783076188142410,1783076188142419,1783076188263754,1783076188294245,1783076188733915,1783076188791520
5,3,47,1783076188913610,1783076188929646,1783076188933062,1783076188933071,1783076189054622,1783076189085097,1783076189524790,1783076189582394
5,3,48,1783076189704494,1783076189720534,1783076189723954,1783076189723962,1783076189845356,1783076189875837,1783076190315550,1783076190373156
5,3,49,1783076190495261,1783076190511305,1783076190514743,1783076190514752,1783076190636164,1783076190666640,1783076191106288,1783076191163884
5,4,0,1783076191285998,1783076191302048,1783076191305469,1783076191305479,1783076191426744,1783076191457213,1783076191896935,1783076191954537
5,4,1,1783076192076614,1783076192092655,1783076192096078,1783076192096088,1783076192217608,1783076192248090,1783076192687806,1783076192745420
5,4,2,1783076192867519,1783076192883564,1783076192886996,1783076192887005,1783076193008585,1783076193039061,1783076193478757,1783076193536360
5,4,3,1783076193658455,1783076193674503,1783076193677913,1783076193677923,1783076193799462,1783076193829944,1783076194269682,1783076194327285
5,4,4,1783076194449385,1783076194465439,1783076194468873,1783076194468883,1783076194590302,1783076194620779,1783076195060477,1783076195118080
5,4,5,1783076195240159,1783076195256201,1783076195259620,1783076195259629,1783076195381143,1783076195411625,1783076195851317,1783076195908920
5,4,6,1783076196030992,1783076196047041,1783076196050475,1783076196050484,1783076196171944,1783076196202420,1783076196642117,1783076196699713
5,4,7,1783076196821814,1783076196837867,1783076196841299,1783076196841308,1783076196962790,1783076196993269,1783076197432947,1783076197490565
5,4,8,1783076197612645,1783076197628684,1783076197632109,1783076197632118,1783076197753571,1783076197784060,1783076198223753,1783076198281351
5,4,9,1783076198403446,1783076198419485,1783076198422904,1783076198422913,1783076198544378,1783076198574862,1783076199014540,1783076199072137
5,4,10,1783076199194228,1783076199210280,1783076199213689,1783076199213699,1783076199335224,1783076199365705,1783076199805436,1783076199863037
5,4,11,1783076199985122,1783076200001161,1783076200004585,1783076200004595,1783076200126092,1783076200156618,1783076200596320,1783076200653910
5,4,12,1783076200776017,1783076200792063,1783076200795482,1783076200795491,1783076200916985,1783076200947463,1783076201387054,1783076201444654
5,4,13,1783076201566758,1783076201582812,1783076201586232,1783076201586242,1783076201707620,1783076201738116,1783076202177819,1783076202235419
5,4,14,1783076202357505,1783076202373557,1783076202376977,1783076202376986,1783076202498588,1783076202529077,1783076202968830,1783076203026429
5,4,15,1783076203148515,1783076203164565,1783076203167989,1783076203167998,1783076203289132,1783076203319613,1783076203759259,1783076203816876
5,4,16,1783076203938967,1783076203955004,1783076203958441,1783076203958451,1783076204079964,1783076204110444,1783076204550178,1783076204607787
5,4,17,1783076204729875,1783076204745915,1783076204749334,1783076204749343,1783076204870834,1783076204901319,1783076205341030,1783076205398623
5,4,18,1783076205520730,1783076205536778,1783076205540208,1783076205540217,1783076205661781,1783076205692268,1783076206131943,1783076206189543
5,4,19,1783076206311621,1783076206327664,1783076206331103,1783076206331112,1783076206452432,1783076206482941,1783076206922621,1783076206980219
5,4,20,1783076207102316,1783076207118365,1783076207121797,1783076207121806,1783076207243255,1783076207273720,1783076207713455,1783076207771058
5,4,21,1783076207893143,1783076207909193,1783076207912619,1783076207912629,1783076208034291,1783076208064779,1783076208504502,1783076208562106
5,4,22,1783076208684219,1783076208700268,1783076208703689,1783076208703698,1783076208825427,1783076208855906,1783076209295588,1783076209353184
5,4,23,1783076209475284,1783076209491332,1783076209494768,1783076209494777,1783076209616213,1783076209646693,1783076210086459,1783076210144056
5,4,24,1783076210266149,1783076210282193,1783076210285603,1783076210285612,1783076210406943,1783076210437420,1783076210877135,1783076210934740
5,4,25,1783076211056840,1783076211072882,1783076211076310,1783076211076320,1783076211197807,1783076211228289,1783076211667913,1783076211725514
5,4,26,1783076211847609,1783076211863649,1783076211867070,1783076211867078,1783076211988528,1783076212019006,1783076212458622,1783076212516235
5,4,27,1783076212638315,1783076212654359,1783076212657773,1783076212657782,1783076212778984,1783076212809447,1783076213249161,1783076213306766
5,4,28,1783076213428837,1783076213444881,1783076213448298,1783076213448307,1783076213569581,1783076213600061,1783076214039732,1783076214097331
5,4,29,1783076214219413,1783076214235455,1783076214238873,1783076214238881,1783076214360360,1783076214390843,1783076214830524,1783076214888128
5,4,30,1783076215010229,1783076215026287,1783076215029715,1783076215029724,1783076215151269,1783076215181753,1783076215621421,1783076215679019
5,4,31,1783076215801106,1783076215817152,1783076215820573,1783076215820582,1783076215941724,1783076215972202,1783076216411898,1783076216469492
5,4,32,1783076216591598,1783076216607648,1783076216611079,1783076216611090,1783076216732507,1783076216762992,1783076217202718,1783076217260312
5,4,33,1783076217382411,1783076217398449,1783076217401870,1783076217401879,1783076217523259,1783076217553730,1783076217993418,1783076218051019
5,4,34,1783076218173107,1783076218189151,1783076218192570,1783076218192580,1783076218314302,1783076218344788,1783076218784468,1783076218842073
5,4,35,1783076218964161,1783076218980195,1783076218983616,1783076218983626,1783076219105164,1783076219135642,1783076219575274,1783076219632870
5,4,36,1783076219754965,1783076219771013,1783076219774431,1783076219774440,1783076219895981,1783076219926456,1783076220366091,1783076220423688
5,4,37,1783076220545805,1783076220561848,1783076220565265,1783076220565274,1783076220686731,1783076220717206,1783076221156871,1783076221214467
5,4,38,1783076221336565,1783076221352613,1783076221356045,1783076221356054,1783076221477619,1783076221508095,1783076221947765,1783076222005364
5,4,39,1783076222127458,1783076222143497,1783076222146919,1783076222146929,1783076222268337,1783076222298819,1783076222738512,1783076222796109
5,4,40,1783076222918211,1783076222934248,1783076222937659,1783076222937667,1783076223059029,1783076223089509,1783076223529154,1783076223586752
5,4,41,1783076223708839,1783076223724879,1783076223728301,1783076223728311,1783076223850007,1783076223880485,1783076224320188,1783076224377791
5,4,42,1783076224499918,1783076224515975,1783076224519393,1783076224519401,1783076224640579,1783076224671065,1783076225110773,1783076225168370
5,4,43,1783076225290455,1783076225306500,1783076225309910,1783076225309919,1783076225431309,1783076225461783,1783076225901511,1783076225959116
5,4,44,1783076226081221,1783076226097266,1783076226100704,1783076226100714,1783076226221834,1783076226252314,1783076226692038,1783076226749641
5,4,45,1783076226871717,1783076226887756,1783076226891193,1783076226891202,1783076227012745,1783076227043235,1783076227482964,1783076227540581
5,4,46,1783076227662676,1783076227678717,1783076227682149,1783076227682157,1783076227803420,1783076227833907,1783076228273626,1783076228331222
5,4,47,1783076228453310,1783076228469355,1783076228472771,1783076228472779,1783076228594247,1783076228624734,1783076229064398,1783076229121998
5,4,48,1783076229244096,1783076229260145,1783076229263589,1783076229263599,1783076229384893,1783076229415374,1783076229855046,1783076229912638
5,4,49,1783076230034702,1783076230050748,1783076230054182,1783076230054193,1783076230175594,1783076230206080,1783076230645796,1783076230703397
5,5,0,1783076230825490,1783076230841540,1783076230844974,1783076230844984,1783076230966558,1783076230997041,1783076231436775,1783076231494397
5,5,1,1783076231616500,1783076231632552,1783076231635971,1783076231635979,1783076231757550,1783076231788036,1783076232227701,1783076232285296
5,5,2,1783076232407399,1783076232423442,1783076232426871,1783076232426880,1783076232548370,1783076232578847,1783076233018441,1783076233076032
5,5,3,1783076233198135,1783076233214194,1783076233217607,1783076233217616,1783076233339246,1783076233369730,1783076233809408,1783076233867018
5,5,4,1783076233989093,1783076234005135,1783076234008566,1783076234008574,1783076234130051,1783076234160533,1783076234600175,1783076234657767
5,5,5,1783076234779862,1783076234795910,1783076234799329,1783076234799337,1783076234920795,1783076234951279,1783076235390964,1783076235448564
5,5,6,1783076235570683,1783076235586727,1783076235590151,1783076235590160,1783076235711689,1783076235742168,1783076236181807,1783076236239405
5,5,7,1783076236361508,1783076236377552,1783076236380970,1783076236380979,1783076236502542,1783076236533028,1783076236972621,1783076237030226
5,5,8,1783076237152297,1783076237168344,1783076237171763,1783076237171772,1783076237293049,1783076237323533,1783076237763117,1783076237820715
5,5,9,1783076237942793,1783076237958841,1783076237962260,1783076237962268,1783076238083972,1783076238114459,1783076238554141,1783076238611737
5,5,10,1783076238733833,1783076238749873,1783076238753293,1783076238753302,1783076238874974,1783076238905461,1783076239345162,1783076239402763
5,5,11,1783076239524885,1783076239540953,1783076239544373,1783076239544384,1783076239666053,1783076239696547,1783076240136214,1783076240193814
5,5,12,1783076240315902,1783076240331943,1783076240335363,1783076240335373,1783076240457100,1783076240487598,1783076240927271,1783076240984870
5,5,13,1783076241106948,1783076241122985,1783076241126416,1783076241126425,1783076241247902,1783076241278386,1783076241718055,1783076241775648
5,5,14,1783076241897736,1783076241913781,1783076241917199,1783076241917208,1783076242038788,1783076242069276,1783076242508993,1783076242566595
5,5,15,1783076242688676,1783076242704720,1783076242708145,1783076242708155,1783076242829716,1783076242860200,1783076243299868,1783076243357463
5,5,16,1783076243479556,1783076243495622,1783076243499059,1783076243499069,1783076243620432,1783076243650904,1783076244090561,1783076244148173
5,5,17,1783076244270289,1783076244286326,1783076244289736,1783076244289745,1783076244410946,1783076244441428,1783076244881168,1783076244938772
5,5,18,1783076245060866,1783076245076917,1783076245080337,1783076245080346,1783076245201499,1783076245231983,1783076245671681,1783076245729278
5,5,19,1783076245851375,1783076245867421,1783076245870838,1783076245870848,1783076245992530,1783076246023018,1783076246462716,1783076246520319
5,5,20,1783076246642411,1783076246658458,1783076246661869,1783076246661878,1783076246783488,1783076246813970,1783076247253651,1783076247311245
5,5,21,1783076247433325,1783076247449365,1783076247452796,1783076247452804,1783076247574453,1783076247604941,1783076248044627,1783076248102224
5,5,22,1783076248224316,1783076248240371,1783076248243791,1783076248243799,1783076248365461,1783076248395939,1783076248835567,1783076248893167
5,5,23,1783076249015266,1783076249031303,1783076249034731,1783076249034741,1783076249156253,1783076249186734,1783076249626379,1783076249683980
5,5,24,1783076249806080,1783076249822126,1783076249825538,1783076249825548,1783076249947116,1783076249977606,1783076250417254,1783076250474882
5,5,25,1783076250596978,1783076250613017,1783076250616448,1783076250616457,1783076250737961,1783076250768442,1783076251208112,1783076251265707
5,5,26,1783076251387782,1783076251403821,1783076251407239,1783076251407247,1783076251528817,1783076251559301,1783076251998984,1783076252056580
5,5,27,1783076252178679,1783076252194722,1783076252198144,1783076252198152,1783076252319509,1783076252349998,1783076252789741,1783076252847347
5,5,28,1783076252969438,1783076252985488,1783076252988907,1783076252988915,1783076253110307,1783076253140787,1783076253580465,1783076253638063
5,5,29,1783076253760164,1783076253776209,1783076253779629,1783076253779637,1783076253901174,1783076253931648,1783076254371298,1783076254428898
5,5,30,1783076254551021,1783076254567071,1783076254570499,1783076254570508,1783076254692087,1783076254722564,1783076255162239,1783076255219835
5,5,31,1783076255341904,1783076255357948,1783076255361384,1783076255361393,1783076255482946,1783076255513459,1783076255953167,1783076256010768
5,5,32,1783076256132855,1783076256148895,1783076256152318,1783076256152328,1783076256273689,1783076256304174,1783076256743875,1783076256801496
5,5,33,1783076256923584,1783076256939618,1783076256943039,1783076256943048,1783076257064426,1783076257094906,1783076257534604,1783076257592199
5,5,34,1783076257714294,1783076257730336,1783076257733747,1783076257733755,1783076257854999,1783076257885478,1783076258325174,1783076258382775
5,5,35,1783076258504874,1783076258520910,1783076258524331,1783076258524340,1783076258645738,1783076258676216,1783076259115878,1783076259173473
5,5,36,1783076259295544,1783076259311588,1783076259315007,1783076259315015,1783076259436431,1783076259466912,1783076259906648,1783076259964264
5,5,37,1783076260086363,1783076260102399,1783076260105826,1783076260105835,1783076260227392,1783076260257856,1783076260697568,1783076260755473
5,5,38,1783076260877557,1783076260893597,1783076260897018,1783076260897027,1783076261018500,1783076261048973,1783076261488736,1783076261546333
5,5,39,1783076261668422,1783076261684470,1783076261687890,1783076261687899,1783076261808972,1783076261839457,1783076262279205,1783076262336800
5,5,40,1783076262458884,1783076262474950,1783076262478396,1783076262478405,1783076262599781,1783076262630252,1783076263069927,1783076263127831
5,5,41,1783076263249929,1783076263265972,1783076263269409,1783076263269418,1783076263390940,1783076263421430,1783076263861146,1783076263918757
5,5,42,1783076264040862,1783076264056901,1783076264060326,1783076264060336,1783076264181566,1783076264212047,1783076264651643,1783076264709244
5,5,43,1783076264831317,1783076264847359,1783076264850789,1783076264850798,1783076264972007,1783076265002490,1783076265442176,1783076265499799
5,5,44,1783076265621883,1783076265637925,1783076265641349,1783076265641358,1783076265762853,1783076265793340,1783076266233048,1783076266290647
5,5,45,1783076266412748,1783076266428788,1783076266432213,1783076266432222,1783076266553604,1783076266584086,1783076267023742,1783076267081342
5,5,46,1783076267203428,1783076267219476,1783076267222898,1783076267222908,1783076267344444,1783076267374926,1783076267814592,1783076267872192
5,5,47,1783076267994279,1783076268010342,1783076268013756,1783076268013764,1783076268135321,1783076268165802,1783076268605474,1783076268663083
5,5,48,1783076268785160,1783076268801198,1783076268804620,1783076268804628,1783076268926142,1783076268956615,1783076269396286,1783076269453898
5,5,49,1783076269576026,1783076269592075,1783076269595493,1783076269595502,1783076269716850,1783076269747329,1783076270186980,1783076270244580
5,6,0,1783076270366682,1783076270382722,1783076270386144,1783076270386154,1783076270507700,1783076270538179,1783076270977779,1783076271035372
5,6,1,1783076271157473,1783076271173519,1783076271176937,1783076271176947,1783076271298186,1783076271328663,1783076271768391,1783076271826291
5,6,2,1783076271948367,1783076271964408,1783076271967827,1783076271967835,1783076272089453,1783076272119940,1783076272559598,1783076272617195
5,6,3,1783076272739267,1783076272755312,1783076272758731,1783076272758740,1783076272880329,1783076272910814,1783076273350513,1783076273408111
5,6,4,1783076273530235,1783076273546283,1783076273549691,1783076273549699,1783076273671229,1783076273701706,1783076274141404,1783076274199017
5,6,5,1783076274321115,1783076274337160,1783076274340577,1783076274340586,1783076274461800,1783076274492300,1783076274931980,1783076274989573
5,6,6,1783076275111660,1783076275127711,1783076275131130,1783076275131139,1783076275252491,1783076275282979,1783076275722751,1783076275780353
5,6,7,1783076275902454,1783076275918513,1783076275921936,1783076275921944,1783076276043443,1783076276073916,1783076276513625,1783076276571226
5,6,8,1783076276693316,1783076276709358,1783076276712795,1783076276712805,1783076276833933,1783076276864409,1783076277304092,1783076277361706
5,6,9,1783076277483815,1783076277499863,1783076277503296,1783076277503306,1783076277624724,1783076277655213,1783076278094885,1783076278152483
5,6,10,1783076278274581,1783076278290627,1783076278294038,1783076278294046,1783076278415424,1783076278445896,1783076278885585,1783076278943484
5,6,11,1783076279065577,1783076279081625,1783076279085055,1783076279085065,1783076279206514,1783076279237003,1783076279676696,1783076279734289
5,6,12,1783076279856383,1783076279872425,1783076279875844,1783076279875853,1783076279997318,1783076280027795,1783076280467512,1783076280525130
5,6,13,1783076280647227,1783076280663265,1783076280666702,1783076280666711,1783076280788153,1783076280818633,1783076281258269,1783076281315869
5,6,14,1783076281437941,1783076281453993,1783076281457428,1783076281457438,1783076281579041,1783076281609521,1783076282049132,1783076282107027
5,6,15,1783076282229109,1783076282245155,1783076282248589,1783076282248597,1783076282370242,1783076282400723,1783076282840455,1783076282898059
5,6,16,1783076283020144,1783076283036186,1783076283039605,1783076283039614,1783076283161297,1783076283191784,1783076283631482,1783076283689078
5,6,17,1783076283811174,1783076283827223,1783076283830642,1783076283830651,1783076283952260,1783076283982734,1783076284422395,1783076284480011
5,6,18,1783076284602112,1783076284618147,1783076284621572,1783076284621581,1783076284743105,1783076284773589,1783076285213256,1783076285270848
5,6,19,1783076285392929,1783076285408976,1783076285412406,1783076285412415,1783076285533903,1783076285564389,1783076286004082,1783076286061982
5,6,20,1783076286184070,1783076286200116,1783076286203550,1783076286203559,1783076286325036,1783076286355526,1783076286795217,1783076286852813
5,6,21,1783076286974904,1783076286990952,1783076286994398,1783076286994407,1783076287116068,1783076287146553,1783076287586261,1783076287643857
5,6,22,1783076287765949,1783076287781996,1783076287785415,1783076287785424,1783076287906675,1783076287937164,1783076288376854,1783076288434451
5,6,23,1783076288556562,1783076288572602,1783076288576021,1783076288576029,1783076288697546,1783076288728035,1783076289167719,1783076289225316
5,6,24,1783076289347392,1783076289363440,1783076289366859,1783076289366868,1783076289488422,1783076289518908,1783076289958606,1783076290016201
5,6,25,1783076290138291,1783076290154333,1783076290157744,1783076290157752,1783076290279331,1783076290309799,1783076290749492,1783076290807099
5,6,26,1783076290929190,1783076290945239,1783076290948655,1783076290948664,1783076291070207,1783076291100695,1783076291540391,1783076291597987
5,6,27,1783076291720086,1783076291736125,1783076291739545,1783076291739553,1783076291860682,1783076291891160,1783076292330887,1783076292388484
5,6,28,1783076292510588,1783076292526631,1783076292530042,1783076292530052,1783076292651603,1783076292682078,1783076293121804,1783076293179410
5,6,29,1783076293301488,1783076293317532,1783076293320948,1783076293320956,1783076293442511,1783076293473005,1783076293912742,1783076293970341
5,6,30,1783076294092434,1783076294108476,1783076294111896,1783076294111905,1783076294233430,1783076294263912,1783076294703639,1783076294761241
5,6,31,1783076294883331,1783076294899371,1783076294902788,1783076294902797,1783076295024373,1783076295054850,1783076295494446,1783076295552039
5,6,32,1783076295674146,1783076295690183,1783076295693591,1783076295693600,1783076295814773,1783076295845251,1783076296285004,1783076296342609
5,6,33,1783076296464723,1783076296480780,1783076296484212,1783076296484222,1783076296605674,1783076296636155,1783076297075850,1783076297133446
5,6,34,1783076297255523,1783076297271565,1783076297274984,1783076297274993,1783076297396272,1783076297426753,1783076297866484,1783076297924089
5,6,35,1783076298046190,1783076298062234,1783076298065644,1783076298065652,1783076298187168,1783076298217638,1783076298657352,1783076298714958
5,6,36,1783076298837052,1783076298853100,1783076298856525,1783076298856534,1783076298978115,1783076299008605,1783076299448314,1783076299505922
5,6,37,1783076299628002,1783076299644045,1783076299647472,1783076299647482,1783076299768969,1783076299799452,1783076300239134,1783076300296725
5,6,38,1783076300418817,1783076300434867,1783076300438284,1783076300438293,1783076300559409,1783076300589898,1783076301029620,1783076301087219
5,6,39,1783076301209308,1783076301225349,1783076301228773,1783076301228782,1783076301350313,1783076301380791,1783076301820560,1783076301878162
5,6,40,1783076302000252,1783076302016297,1783076302019717,1783076302019726,1783076302141284,1783076302171757,1783076302611468,1783076302669076
5,6,41,1783076302791161,1783076302807208,1783076302810641,1783076302810650,1783076302932175,1783076302962650,1783076303402300,1783076303459893
5,6,42,1783076303581994,1783076303598044,1783076303601466,1783076303601476,1783076303722610,1783076303753087,1783076304192756,1783076304250355
5,6,43,1783076304372445,1783076304388483,1783076304391905,1783076304391914,1783076304513422,1783076304543896,1783076304983625,1783076305041222
5,6,44,1783076305163294,1783076305179340,1783076305182757,1783076305182767,1783076305304075,1783076305334557,1783076305774263,1783076305831858
5,6,45,1783076305953954,1783076305970007,1783076305973430,1783076305973438,1783076306094601,1783076306125067,1783076306564730,1783076306622324
5,6,46,1783076306744408,1783076306760457,1783076306763871,1783076306763881,1783076306885307,1783076306915787,1783076307355486,1783076307413082
5,6,47,1783076307535178,1783076307551223,1783076307554654,1783076307554663,1783076307676104,1783076307706583,1783076308146246,1783076308203842
5,6,48,1783076308325932,1783076308341978,1783076308345396,1783076308345405,1783076308466911,1783076308497414,1783076308937092,1783076308994692
5,6,49,1783076309116781,1783076309132819,1783076309136248,1783076309136258,1783076309257582,1783076309288060,1783076309727769,1783076309785370
5,7,0,1783076309907436,1783076309923469,1783076309926892,1783076309926902,1783076310048596,1783076310079078,1783076310518809,1783076310576411
5,7,1,1783076310698486,1783076310714524,1783076310717939,1783076310717948,1783076310839179,1783076310869643,1783076311309360,1783076311366957
5,7,2,1783076311489076,1783076311505117,1783076311508536,1783076311508545,1783076311629981,1783076311660457,1783076312100126,1783076312157724
5,7,3,1783076312279807,1783076312295849,1783076312299269,1783076312299278,1783076312420726,1783076312451204,1783076312890880,1783076312948475
5,7,4,1783076313070557,1783076313086598,1783076313090007,1783076313090016,1783076313211520,1783076313241996,1783076313681609,1783076313739207
5,7,5,1783076313861297,1783076313877346,1783076313880769,1783076313880779,1783076314002204,1783076314032690,1783076314472433,1783076314530031
5,7,6,1783076314652113,1783076314668160,1783076314671577,1783076314671585,1783076314793040,1783076314823519,1783076315263254,1783076315320854
5,7,7,1783076315442936,1783076315458985,1783076315462414,1783076315462424,1783076315583953,1783076315614438,1783076316054088,1783076316111696
5,7,8,1783076316233787,1783076316249836,1783076316253253,1783076316253261,1783076316374753,1783076316405236,1783076316844926,1783076316902520
5,7,9,1783076317024593,1783076317040637,1783076317044059,1783076317044069,1783076317165555,1783076317196040,1783076317635719,1783076317693315
5,7,10,1783076317815392,1783076317831432,1783076317834850,1783076317834859,1783076317956062,1783076317986535,1783076318426193,1783076318484110
5,7,11,1783076318606214,1783076318622256,1783076318625667,1783076318625675,1783076318747208,1783076318777677,1783076319217402,1783076319275008
5,7,12,1783076319397112,1783076319413153,1783076319416576,1783076319416585,1783076319538145,1783076319568619,1783076320008297,1783076320065895
5,7,13,1783076320187984,1783076320204022,1783076320207441,1783076320207451,1783076320328977,1783076320359456,1783076320799114,1783076320856708
5,7,14,1783076320978786,1783076320994828,1783076320998244,1783076320998253,1783076321119494,1783076321149974,1783076321589629,1783076321647228
5,7,15,1783076321769319,1783076321785357,1783076321788779,1783076321788788,1783076321910298,1783076321940782,1783076322380485,1783076322438085
5,7,16,1783076322560192,1783076322576236,1783076322579654,1783076322579663,1783076322701147,1783076322731633,1783076323171297,1783076323228894
5,7,17,1783076323350992,1783076323367032,1783076323370476,1783076323370486,1783076323492027,1783076323522502,1783076323962204,1783076324020108
5,7,18,1783076324142224,1783076324158264,1783076324161673,1783076324161682,1783076324283144,1783076324313625,1783076324753336,1783076324810933
5,7,19,1783076324933003,1783076324949045,1783076324952463,1783076324952472,1783076325073925,1783076325104410,1783076325544096,1783076325601701
5,7,20,1783076325723785,1783076325739830,1783076325743250,1783076325743259,1783076325864792,1783076325895273,1783076326334941,1783076326392540
5,7,21,1783076326514649,1783076326530697,1783076326534118,1783076326534128,1783076326655584,1783076326686061,1783076327125717,1783076327183309
5,7,22,1783076327305384,1783076327321427,1783076327324846,1783076327324855,1783076327446277,1783076327476761,1783076327916444,1783076327974042
5,7,23,1783076328096120,1783076328112159,1783076328115574,1783076328115583,1783076328236747,1783076328267232,1783076328706881,1783076328764478
5,7,24,1783076328886579,1783076328902631,1783076328906042,1783076328906051,1783076329027712,1783076329058184,1783076329497870,1783076329555472
5,7,25,1783076329677561,1783076329693603,1783076329697022,1783076329697032,1783076329818205,1783076329848691,1783076330288397,1783076330345997
5,7,26,1783076330468096,1783076330484141,1783076330487558,1783076330487567,1783076330608803,1783076330639285,1783076331079025,1783076331136617
5,7,27,1783076331258706,1783076331274749,1783076331278186,1783076331278196,1783076331399332,1783076331429808,1783076331869566,1783076331927165
5,7,28,1783076332049250,1783076332065289,1783076332068725,1783076332068733,1783076332189991,1783076332220468,1783076332660200,1783076332717798
5,7,29,1783076332839889,1783076332855931,1783076332859350,1783076332859360,1783076332980809,1783076333011291,1783076333450987,1783076333508597
5,7,30,1783076333630686,1783076333646727,1783076333650146,1783076333650155,1783076333771340,1783076333801819,1783076334241502,1783076334299101
5,7,31,1783076334421179,1783076334437245,1783076334440663,1783076334440672,1783076334561960,1783076334592448,1783076335032139,1783076335089753
5,7,32,1783076335211833,1783076335227883,1783076335231299,1783076335231308,1783076335352849,1783076335383332,1783076335823020,1783076335880624
5,7,33,1783076336002717,1783076336018762,1783076336022187,1783076336022197,1783076336143674,1783076336174152,1783076336613891,1783076336671488
5,7,34,1783076336793586,1783076336809652,1783076336813070,1783076336813079,1783076336934522,1783076336964990,1783076337404668,1783076337462260
5,7,35,1783076337584357,1783076337600404,1783076337603823,1783076337603832,1783076337725353,1783076337755838,1783076338195533,1783076338253132
5,7,36,1783076338375203,1783076338391251,1783076338394684,1783076338394692,1783076338516072,1783076338546552,1783076338986302,1783076339043901
5,7,37,1783076339165990,1783076339182039,1783076339185458,1783076339185467,1783076339306730,1783076339337215,1783076339776907,1783076339834508
5,7,38,1783076339956608,1783076339972645,1783076339976069,1783076339976078,1783076340097675,1783076340128156,1783076340567887,1783076340625487
5,7,39,1783076340747585,1783076340763625,1783076340767051,1783076340767061,1783076340888465,1783076340918941,1783076341358575,1783076341416165
5,7,40,1783076341538263,1783076341554310,1783076341557731,1783076341557742,1783076341679182,1783076341709663,1783076342149374,1783076342206975
5,7,41,1783076342329073,1783076342345119,1783076342348552,1783076342348561,1783076342469964,1783076342500456,1783076342940172,1783076342997774
5,7,42,1783076343119868,1783076343135935,1783076343139352,1783076343139361,1783076343260902,1783076343291378,1783076343731000,1783076343788609
5,7,43,1783076343910695,1783076343926738,1783076343930158,1783076343930168,1783076344051833,1783076344082316,1783076344522009,1783076344579621
5,7,44,1783076344701694,1783076344717739,1783076344721156,1783076344721166,1783076344842661,1783076344873137,1783076345312827,1783076345370421
5,7,45,1783076345492521,1783076345508564,1783076345511983,1783076345511993,1783076345633516,1783076345664002,1783076346103679,1783076346161279
5,7,46,1783076346283370,1783076346299409,1783076346302837,1783076346302846,1783076346424012,1783076346454480,1783076346894162,1783076346951783
5,7,47,1783076347073865,1783076347089911,1783076347093329,1783076347093338,1783076347214820,1783076347245303,1783076347684964,1783076347742557
5,7,48,1783076347864652,1783076347880698,1783076347884118,1783076347884128,1783076348005622,1783076348036100,1783076348475781,1783076348533403
5,7,49,1783076348655505,1783076348671542,1783076348674978,1783076348674988,1783076348796470,1783076348826952,1783076349266608,1783076349324218
5,8,0,1783076349446321,1783076349462362,1783076349465784,1783076349465793,1783076349587410,1783076349617887,1783076350057574,1783076350115171
5,8,1,1783076350237263,1783076350253310,1783076350256735,1783076350256745,1783076350378286,1783076350408777,1783076350848487,1783076350906102
5,8,2,1783076351028197,1783076351044233,1783076351047669,1783076351047677,1783076351169052,1783076351199537,1783076351639174,1783076351696767
5,8,3,1783076351818851,1783076351834897,1783076351838326,1783076351838334,1783076351959475,1783076351989961,1783076352429651,1783076352487271
5,8,4,1783076352609372,1783076352625414,1783076352628844,1783076352628853,1783076352750301,1783076352780784,1783076353220417,1783076353278014
5,8,5,1783076353400115,1783076353416164,1783076353419594,1783076353419603,1783076353541044,1783076353571522,1783076354011173,1783076354068774
5,8,6,1783076354190867,1783076354206906,1783076354210325,1783076354210334,1783076354331814,1783076354362293,1783076354801989,1783076354859598
5,8,7,1783076354981676,1783076354997715,1783076355001138,1783076355001147,1783076355122607,1783076355153086,1783076355592760,1783076355650355
5,8,8,1783076355772446,1783076355788492,1783076355791909,1783076355791918,1783076355913562,1783076355944044,1783076356383747,1783076356441346
5,8,9,1783076356563460,1783076356579498,1783076356582935,1783076356582946,1783076356704455,1783076356734932,1783076357174609,1783076357232208
5,8,10,1783076357354299,1783076357370342,1783076357373762,1783076357373771,1783076357495301,1783076357523650,1783076357963258,1783076358020848
5,8,11,1783076358142935,1783076358158974,1783076358162395,1783076358162404,1783076358283576,1783076358314059,1783076358753715,1783076358811310
5,8,12,1783076358933385,1783076358949429,1783076358952862,1783076358952871,1783076359074527,1783076359105014,1783076359544689,1783076359602287
5,8,13,1783076359724372,1783076359740418,1783076359743836,1783076359743845,1783076359865020,1783076359895505,1783076360335187,1783076360392799
5,8,14,1783076360514913,1783076360530956,1783076360534390,1783076360534400,1783076360655854,1783076360686329,1783076361125959,1783076361183569
5,8,15,1783076361305662,1783076361321701,1783076361325126,1783076361325135,1783076361446291,1783076361476784,1783076361916408,1783076361973998
5,8,16,1783076362096077,1783076362112121,1783076362115540,1783076362115549,1783076362236762,1783076362267249,1783076362706943,1783076362764548
5,8,17,1783076362886628,1783076362902667,1783076362906077,1783076362906086,1783076363027587,1783076363058068,1783076363497763,1783076363555364
5,8,18,1783076363677428,1783076363693478,1783076363696898,1783076363696908,1783076363818386,1783076363848865,1783076364288547,1783076364346145
5,8,19,1783076364468256,1783076364484322,1783076364487747,1783076364487757,1783076364609280,1783076364639765,1783076365079422,1783076365137017
5,8,20,1783076365259100,1783076365275143,1783076365278562,1783076365278571,1783076365399958,1783076365430443,1783076365870131,1783076365927739
5,8,21,1783076366049810,1783076366065850,1783076366069280,1783076366069289,1783076366190531,1783076366221008,1783076366660684,1783076366718278
5,8,22,1783076366840391,1783076366856441,1783076366859861,1783076366859870,1783076366981408,1783076367011887,1783076367451608,1783076367509226
5,8,23,1783076367631297,1783076367647333,1783076367650750,1783076367650759,1783076367772172,1783076367802658,1783076368242351,1783076368299944
5,8,24,1783076368422038,1783076368438088,1783076368441506,1783076368441515,1783076368563046,1783076368593515,1783076369033207,1783076369090810
5,8,25,1783076369212888,1783076369228934,1783076369232353,1783076369232362,1783076369353894,1783076369384374,1783076369824026,1783076369881624
5,8,26,1783076370003691,1783076370019726,1783076370023146,1783076370023155,1783076370144701,1783076370175180,1783076370614852,1783076370672445
5,8,27,1783076370794535,1783076370810576,1783076370813988,1783076370813996,1783076370935493,1783076370965964,1783076371405622,1783076371463220
5,8,28,1783076371585327,1783076371601364,1783076371604786,1783076371604794,1783076371726245,1783076371756728,1783076372196362,1783076372253961
5,8,29,1783076372376044,1783076372392084,1783076372395507,1783076372395517,1783076372517087,1783076372547567,1783076372987246,1783076373044844
5,8,30,1783076373166913,1783076373182955,1783076373186389,1783076373186398,1783076373307962,1783076373338446,1783076373778151,1783076373835754
5,8,31,1783076373957848,1783076373973898,1783076373977328,1783076373977338,1783076374098848,1783076374129322,1783076374569009,1783076374626603
5,8,32,1783076374748705,1783076374764744,1783076374768169,1783076374768178,1783076374889654,1783076374920131,1783076375359772,1783076375417362
5,8,33,1783076375539464,1783076375555508,1783076375558927,1783076375558934,1783076375680489,1783076375710964,1783076376150612,1783076376208211
5,8,34,1783076376330314,1783076376346353,1783076376349778,1783076376349787,1783076376471184,1783076376501673,1783076376941342,1783076376998948
5,8,35,1783076377121031,1783076377137070,1783076377140488,1783076377140497,1783076377261618,1783076377292091,1783076377731803,1783076377789403
5,8,36,1783076377911499,1783076377927541,1783076377930967,1783076377930976,1783076378052200,1783076378082677,1783076378522345,1783076378579939
5,8,37,1783076378702036,1783076378718090,1783076378721519,1783076378721529,1783076378842914,1783076378873398,1783076379313053,1783076379370642
5,8,38,1783076379492730,1783076379508772,1783076379512199,1783076379512208,1783076379633751,1783076379664239,1783076380103890,1783076380161486
5,8,39,1783076380283584,1783076380299637,1783076380303066,1783076380303076,1783076380424317,1783076380454796,1783076380894504,1783076380952105
5,8,40,1783076381074204,1783076381090243,1783076381093670,1783076381093679,1783076381214883,1783076381245353,1783076381685041,1783076381742641
5,8,41,1783076381864733,1783076381880775,1783076381884201,1783076381884209,1783076382005729,1783076382036218,1783076382475915,1783076382533516
5,8,42,1783076382655607,1783076382671648,1783076382675084,1783076382675094,1783076382796242,1783076382826729,1783076383266398,1783076383323988
5,8,43,1783076383446062,1783076383462121,1783076383465543,1783076383465553,1783076383587160,1783076383617645,1783076384057378,1783076384114981
5,8,44,1783076384237084,1783076384253135,1783076384256569,1783076384256580,1783076384377757,1783076384408236,1783076384847991,1783076384905615
5,8,45,1783076385027724,1783076385043767,1783076385047190,1783076385047198,1783076385168376,1783076385198852,1783076385638501,1783076385696094
5,8,46,1783076385818200,1783076385834240,1783076385837650,1783076385837659,1783076385959161,1783076385989637,1783076386429286,1783076386486910
5,8,47,1783076386608987,1783076386625032,1783076386628452,1783076386628462,1783076386749954,1783076386780432,1783076387220122,1783076387277715
5,8,48,1783076387399800,1783076387415842,1783076387419271,1783076387419280,1783076387540796,1783076387571274,1783076388010940,1783076388068538
5,8,49,1783076388190624,1783076388206666,1783076388210090,1783076388210110,1783076388331580,1783076388362063,1783076388801749,1783076388859349
5,9,0,1783076388981423,1783076388997466,1783076389000886,1783076389000894,1783076389122397,1783076389152875,1783076389592518,1783076389650115
5,9,1,1783076389772196,1783076389788240,1783076389791671,1783076389791681,1783076389913223,1783076389943711,1783076390383408,1783076390441002
5,9,2,1783076390563113,1783076390579159,1783076390582580,1783076390582589,1783076390704045,1783076390734534,1783076391174193,1783076391231789
5,9,3,1783076391353878,1783076391369917,1783076391373357,1783076391373367,1783076391494760,1783076391525241,1783076391964922,1783076392022517
5,9,4,1783076392144610,1783076392160652,1783076392164085,1783076392164094,1783076392285615,1783076392316093,1783076392755736,1783076392813334
5,9,5,1783076392935418,1783076392951460,1783076392954880,1783076392954888,1783076393076405,1783076393106884,1783076393546556,1783076393604147
5,9,6,1783076393726230,1783076393742275,1783076393745695,1783076393745703,1783076393867195,1783076393897668,1783076394337403,1783076394395007
5,9,7,1783076394517109,1783076394533145,1783076394536568,1783076394536578,1783076394657583,1783076394688054,1783076395127755,1783076395185353
5,9,8,1783076395307458,1783076395323498,1783076395326932,1783076395326942,1783076395448455,1783076395478943,1783076395918669,1783076395976267
5,9,9,1783076396098364,1783076396114403,1783076396117819,1783076396117827,1783076396239240,1783076396269719,1783076396709394,1783076396767001
5,9,10,1783076396889069,1783076396905114,1783076396908533,1783076396908542,1783076397029757,1783076397060236,1783076397499936,1783076397557537
5,9,11,1783076397679610,1783076397695652,1783076397699084,1783076397699093,1783076397820254,1783076397850737,1783076398290434,1783076398348035
5,9,12,1783076398470163,1783076398486205,1783076398489623,1783076398489632,1783076398610928,1783076398641408,1783076399081125,1783076399138720
5,9,13,1783076399260812,1783076399276852,1783076399280288,1783076399280298,1783076399401758,1783076399432237,1783076399871916,1783076399929516
5,9,14,1783076400051611,1783076400067650,1783076400071069,1783076400071078,1783076400192583,1783076400223070,1783076400662759,1783076400720353
5,9,15,1783076400842419,1783076400858468,1783076400861879,1783076400861887,1783076400983361,1783076401013833,1783076401453528,1783076401511145
5,9,16,1783076401633250,1783076401649291,1783076401652731,1783076401652740,1783076401774051,1783076401804534,1783076402244261,1783076402301859
5,9,17,1783076402423964,1783076402440012,1783076402443431,1783076402443440,1783076402564727,1783076402595207,1783076403034983,1783076403092584
5,9,18,1783076403214673,1783076403230713,1783076403234130,1783076403234139,1783076403355498,1783076403385981,1783076403825723,1783076403883320
5,9,19,1783076404005396,1783076404021441,1783076404024864,1783076404024873,1783076404146436,1783076404176909,1783076404616573,1783076404674166
5,9,20,1783076404796245,1783076404812298,1783076404815720,1783076404815730,1783076404937318,1783076404967792,1783076405407524,1783076405465122
5,9,21,1783076405587207,1783076405603249,1783076405606666,1783076405606676,1783076405728324,1783076405758805,1783076406198506,1783076406256102
5,9,22,1783076406378199,1783076406394237,1783076406397662,1783076406397670,1783076406519226,1783076406549701,1783076406989424,1783076407047018
5,9,23,1783076407169097,1783076407185145,1783076407188562,1783076407188570,1783076407310108,1783076407340590,1783076407780339,1783076407838237
5,9,24,1783076407960314,1783076407976355,1783076407979775,1783076407979785,1783076408101228,1783076408131707,1783076408571393,1783076408628983
5,9,25,1783076408751071,1783076408767112,1783076408770531,1783076408770540,1783076408892049,1783076408922523,1783076409362200,1783076409419801
5,9,26,1783076409541897,1783076409557938,1783076409561357,1783076409561366,1783076409682848,1783076409713328,1783076410152981,1783076410210578
5,9,27,1783076410332662,1783076410348707,1783076410352128,1783076410352139,1783076410473612,1783076410504088,1783076410943787,1783076411001683
5,9,28,1783076411123778,1783076411139830,1783076411143258,1783076411143268,1783076411264500,1783076411294969,1783076411734660,1783076411792258
5,9,29,1783076411914353,1783076411930398,1783076411933826,1783076411933836,1783076412055307,1783076412085778,1783076412525490,1783076412583095
5,9,30,1783076412705190,1783076412721229,1783076412724646,1783076412724654,1783076412846107,1783076412876585,1783076413316271,1783076413373866
5,9,31,1783076413495990,1783076413512032,1783076413515451,1783076413515461,1783076413636927,1783076413667409,1783076414107098,1783076414164699
5,9,32,1783076414286791,1783076414302837,1783076414306269,1783076414306279,1783076414427555,1783076414458036,1783076414897737,1783076414955333
5,9,33,1783076415077410,1783076415093454,1783076415096873,1783076415096881,1783076415218474,1783076415248954,1783076415688584,1783076415746183
5,9,34,1783076415868283,1783076415884330,1783076415887757,1783076415887766,1783076416009204,1783076416039689,1783076416479320,1783076416536918
5,9,35,1783076416659012,1783076416675054,1783076416678475,1783076416678483,1783076416799969,1783076416830444,1783076417270168,1783076417327769
5,9,36,1783076417449856,1783076417465896,1783076417469317,1783076417469326,1783076417590890,1783076417621370,1783076418061095,1783076418118992
5,9,37,1783076418241078,1783076418257118,1783076418260538,1783076418260547,1783076418382161,1783076418412649,1783076418852323,1783076418909921
5,9,38,1783076419032048,1783076419048104,1783076419051525,1783076419051534,1783076419173098,1783076419203582,1783076419643298,1783076419700895
5,9,39,1783076419822989,1783076419839029,1783076419842465,1783076419842473,1783076419964027,1783076419994495,1783076420434221,1783076420491834
5,9,40,1783076420613911,1783076420629951,1783076420633388,1783076420633396,1783076420754663,1783076420785141,1783076421224823,1783076421282718
5,9,41,1783076421404792,1783076421420840,1783076421424259,1783076421424267,1783076421545537,1783076421576019,1783076422015691,1783076422073296
5,9,42,1783076422195391,1783076422211436,1783076422214856,1783076422214865,1783076422336386,1783076422366873,1783076422806495,1783076422864093
5,9,43,1783076422986181,1783076423002220,1783076423005633,1783076423005642,1783076423126993,1783076423157466,1783076423597133,1783076423654743
5,9,44,1783076423776845,1783076423792880,1783076423796315,1783076423796323,1783076423917636,1783076423948104,1783076424387871,1783076424447110
5,9,45,1783076424569022,1783076424585091,1783076424588511,1783076424588520,1783076424710000,1783076424740464,1783076425180082,1783076425237699
5,9,46,1783076425359814,1783076425375874,1783076425379295,1783076425379304,1783076425501033,1783076425531519,1783076425971319,1783076426029255
5,9,47,1783076426151362,1783076426167427,1783076426170852,1783076426170862,1783076426292191,1783076426322687,1783076426762357,1783076426819966
5,9,48,1783076426942084,1783076426958138,1783076426961550,1783076426961559,1783076427083227,1783076427113711,1783076427553510,1783076427611165
5,9,49,1783076427733395,1783076427749523,1783076427752970,1783076427752979,1783076427874541,1783076427905083,1783076428344895,1783076428402558
6,0,0,1783076445049438,1783076445065501,1783076445069601,1783076445069609,1783076445208403,1783076445240782,1783076445684181,1783076445741796
6,0,1,1783076445865123,1783076445881175,1783076445885272,1783076445885282,1783076446023736,1783076446056190,1783076446499646,1783076446557283
6,0,2,1783076446680761,1783076446696865,1783076446701009,1783076446701018,1783076446839827,1783076446872240,1783076447315695,1783076447373367
6,0,3,1783076447496678,1783076447512729,1783076447516823,1783076447516832,1783076447655564,1783076447687939,1783076448131303,1783076448189219
6,0,4,1783076448312545,1783076448328625,1783076448332756,1783076448332767,1783076448471546,1783076448503912,1783076448947357,1783076449004964
6,0,5,1783076449128278,1783076449144329,1783076449148426,1783076449148434,1783076449286938,1783076449319322,1783076449762716,1783076449820360
6,0,6,1783076449943685,1783076449959741,1783076449963836,1783076449963844,1783076450102264,1783076450134646,1783076450578061,1783076450635679
6,0,7,1783076450758987,1783076450775038,1783076450779144,1783076450779153,1783076450918014,1783076450950401,1783076451393949,1783076451451611
6,0,8,1783076451574972,1783076451591040,1783076451595151,1783076451595160,1783076451733885,1783076451766290,1783076452209728,1783076452267351
6,0,9,1783076452390661,1783076452406725,1783076452410836,1783076452410846,1783076452549645,1783076452582058,1783076453025474,1783076453083123
6,0,10,1783076453206536,1783076453222699,1783076453226845,1783076453226855,1783076453365713,1783076453398148,1783076453841627,1783076453899260
6,0,11,1783076454022561,1783076454038613,1783076454042722,1783076454042731,1783076454181510,1783076454213900,1783076454657270,1783076454715194
6,0,12,1783076454838530,1783076454854585,1783076454858687,1783076454858697,1783076454997620,1783076455029978,1783076455473378,1783076455531004
6,0,13,1783076455654339,1783076455670400,1783076455674498,1783076455674506,1783076455813039,1783076455845418,1783076456288853,1783076456346473
6,0,14,1783076456469787,1783076456485865,1783076456489961,1783076456489971,1783076456628756,1783076456661144,1783076457104507,1783076457162125
6,0,15,1783076457285434,1783076457301485,1783076457305596,1783076457305606,1783076457444357,1783076457476729,1783076457920173,1783076457977787
6,0,16,1783076458101106,1783076458117175,1783076458121278,1783076458121288,1783076458259879,1783076458292280,1783076458735707,1783076458793425
6,0,17,1783076458916765,1783076458932820,1783076458936933,1783076458936942,1783076459075584,1783076459108028,1783076459551503,1783076459609141
6,0,18,1783076459732563,1783076459748680,1783076459752820,1783076459752839,1783076459891880,1783076459924260,1783076460367718,1783076460425339
6,0,19,1783076460548667,1783076460564721,1783076460568817,1783076460568827,1783076460707143,1783076460739519,1783076461182932,1783076461240748
6,0,20,1783076461364082,1783076461380148,1783076461384242,1783076461384249,1783076461522878,1783076461555227,1783076461998577,1783076462056189
6,0,21,1783076462179528,1783076462195572,1783076462199672,1783076462199682,1783076462338465,1783076462370842,1783076462814176,1783076462871789
6,0,22,1783076462995092,1783076463011161,1783076463015257,1783076463015265,1783076463154003,1783076463186394,1783076463629797,1783076463687403
6,0,23,1783076463810739,1783076463826794,1783076463830891,1783076463830902,1783076463969645,1783076464002020,1783076464445418,1783076464503025
6,0,24,1783076464626332,1783076464642380,1783076464646474,1783076464646486,1783076464785448,1783076464817830,1783076465261211,1783076465318815
6,0,25,1783076465442138,1783076465458186,1783076465462292,1783076465462303,1783076465601120,1783076465633482,1783076466076936,1783076466134547
6,0,26,1783076466257836,1783076466273882,1783076466277983,1783076466277992,1783076466416780,1783076466449169,1783076466892655,1783076466950284
6,0,27,1783076467073586,1783076467089636,1783076467093727,1783076467093736,1783076467232304,1783076467264673,1783076467707984,1783076467765589
6,0,28,1783076467888885,1783076467904951,1783076467909047,1783076467909056,1783076468047631,1783076468080005,1783076468523403,1783076468581019
6,0,29,1783076468704335,1783076468720383,1783076468724479,1783076468724488,1783076468863236,1783076468895606,1783076469338967,1783076469396571
6,0,30,1783076469519880,1783076469535947,1783076469540041,1783076469540052,1783076469678806,1783076469711200,1783076470154628,1783076470212232
6,0,31,1783076470335536,1783076470351589,1783076470355688,1783076470355699,1783076470494426,1783076470526808,1783076470970195,1783076471027800
6,0,32,1783076471151117,1783076471167179,1783076471171274,1783076471171283,1783076471309897,1783076471342286,1783076471785680,1783076471843290
6,0,33,1783076471966595,1783076471982658,1783076471986757,1783076471986766,1783076472125417,1783076472157789,1783076472601154,1783076472658758
6,0,34,1783076472782067,1783076472798141,1783076472802239,1783076472802249,1783076472941145,1783076472973507,1783076473416843,1783076473474448
6,0,35,1783076473597772,1783076473613826,1783076473617922,1783076473617933,1783076473756307,1783076473788680,1783076474232142,1783076474289743
6,0,36,1783076474413058,1783076474429103,1783076474433195,1783076474433204,1783076474571673,1783076474604039,1783076475047381,1783076475104981
6,0,37,1783076475228289,1783076475244348,1783076475248448,1783076475248459,1783076475387206,1783076475419586,1783076475863000,1783076475920603
6,0,38,1783076476043907,1783076476059958,1783076476064051,1783076476064059,1783076476202670,1783076476235030,1783076476678425,1783076476736027
6,0,39,1783076476859341,1783076476875389,1783076476879486,1783076476879495,1783076477018142,1783076477050523,1783076477493918,1783076477551546
6,0,40,1783076477674862,1783076477690915,1783076477695026,1783076477695034,1783076477833619,1783076477865998,1783076478309386,1783076478366989
6,0,41,1783076478490290,1783076478506333,1783076478510432,1783076478510442,1783076478648806,1783076478681188,1783076479124611,1783076479182213
6,0,42,1783076479305522,1783076479321572,1783076479325667,1783076479325675,1783076479464289,1783076479496677,1783076479940111,1783076479997716
6,0,43,1783076480121011,1783076480137070,1783076480141163,1783076480141171,1783076480279961,1783076480312336,1783076480755716,1783076480813327
6,0,44,1783076480936627,1783076480952675,1783076480956769,1783076480956778,1783076481095594,1783076481127961,1783076481571417,1783076481629023
6,0,45,1783076481752349,1783076481768417,1783076481772515,1783076481772524,1783076481911333,1783076481943708,1783076482387059,1783076482444664
6,0,46,1783076482567986,1783076482584032,1783076482588129,1783076482588139,1783076482727045,1783076482759421,1783076483202804,1783076483260407
6,0,47,1783076483383703,1783076483399753,1783076483403851,1783076483403860,1783076483542686,1783076483575063,1783076484018448,1783076484076054
6,0,48,1783076484199354,1783076484215408,1783076484219504,1783076484219513,1783076484358289,1783076484390676,1783076484834054,1783076484891661
6,0,49,1783076485014971,1783076485031032,1783076485035131,1783076485035140,1783076485173697,1783076485206073,1783076485649402,1783076485707011
6,1,0,1783076485830318,1783076485846361,1783076485850457,1783076485850467,1783076485989195,1783076486021549,1783076486464969,1783076486522577
6,1,1,1783076486645915,1783076486661959,1783076486666059,1783076486666069,1783076486804843,1783076486837211,1783076487280586,1783076487338199
6,1,2,1783076487461495,1783076487477546,1783076487481642,1783076487481651,1783076487620464,1783076487652850,1783076488096261,1783076488153866
6,1,3,1783076488277167,1783076488293217,1783076488297315,1783076488297323,1783076488436014,1783076488468398,1783076488911827,1783076488969431
6,1,4,1783076489092732,1783076489108780,1783076489112875,1783076489112884,1783076489251791,1783076489284165,1783076489727510,1783076489785118
6,1,5,1783076489908424,1783076489924501,1783076489928597,1783076489928607,1783076490067394,1783076490099765,1783076490543162,1783076490600782
6,1,6,1783076490724082,1783076490740139,1783076490744237,1783076490744246,1783076490883113,1783076490915487,1783076491358877,1783076491416480
6,1,7,1783076491539794,1783076491555841,1783076491559938,1783076491559947,1783076491698887,1783076491731257,1783076492174644,1783076492232247
6,1,8,1783076492355563,1783076492371634,1783076492375729,1783076492375739,1783076492514225,1783076492546623,1783076492989952,1783076493047557
6,1,9,1783076493170862,1783076493186906,1783076493191002,1783076493191010,1783076493329922,1783076493362299,1783076493805683,1783076493863293
6,1,10,1783076493986601,1783076494002653,1783076494006747,1783076494006756,1783076494145525,1783076494177897,1783076494621304,1783076494678904
6,1,11,1783076494802221,1783076494818303,1783076494822395,1783076494822404,1783076494960759,1783076494993128,1783076495436551,1783076495494152
6,1,12,1783076495617464,1783076495633513,1783076495637609,1783076495637619,1783076495776156,1783076495808533,1783076496251884,1783076496309488
6,1,13,1783076496432791,1783076496448853,1783076496452949,1783076496452957,1783076496591572,1783076496623948,1783076497067311,1783076497124912
6,1,14,1783076497248216,1783076497264272,1783076497268368,1783076497268378,1783076497407020,1783076497439397,1783076497882822,1783076497940431
6,1,15,1783076498063738,1783076498079785,1783076498083880,1783076498083889,1783076498222722,1783076498255095,1783076498698508,1783076498756109
6,1,16,1783076498879412,1783076498895463,1783076498899558,1783076498899566,1783076499037972,1783076499070362,1783076499513725,1783076499571343
6,1,17,1783076499694646,1783076499710720,1783076499714822,1783076499714832,1783076499853901,1783076499886272,1783076500329639,1783076500387240
6,1,18,1783076500510566,1783076500526620,1783076500530715,1783076500530724,1783076500669544,1783076500701921,1783076501145346,1783076501202954
6,1,19,1783076501326251,1783076501342309,1783076501346406,1783076501346415,1783076501485073,1783076501517450,1783076501960874,1783076502018479
6,1,20,1783076502141781,1783076502157831,1783076502161924,1783076502161933,1783076502300663,1783076502333039,1783076502776446,1783076502834053
6,1,21,1783076502957353,1783076502973399,1783076502977491,1783076502977501,1783076503116252,1783076503148626,1783076503592046,1783076503649646
6,1,22,1783076503772935,1783076503788985,1783076503793082,1783076503793091,1783076503932012,1783076503964378,1783076504407778,1783076504465379
6,1,23,1783076504588700,1783076504604748,1783076504608855,1783076504608865,1783076504747154,1783076504779531,1783076505222903,1783076505280506
6,1,24,1783076505403813,1783076505419875,1783076505423968,1783076505423977,1783076505562918,1783076505595296,1783076506038731,1783076506096334
6,1,25,1783076506219625,1783076506235671,1783076506239766,1783076506239776,1783076506378191,1783076506410556,1783076506853967,1783076506911585
6,1,26,1783076507034891,1783076507050942,1783076507055042,1783076507055051,1783076507193650,1783076507226019,1783076507669370,1783076507726972
6,1,27,1783076507850306,1783076507866361,1783076507870458,1783076507870467,1783076508009194,1783076508041572,1783076508484977,1783076508542599
6,1,28,1783076508665898,1783076508681940,1783076508686036,1783076508686044,1783076508824357,1783076508856738,1783076509300091,1783076509357697
6,1,29,1783076509480999,1783076509497063,1783076509501158,1783076509501167,1783076509640081,1783076509672453,1783076510115876,1783076510173478
6,1,30,1783076510296800,1783076510312847,1783076510316940,1783076510316950,1783076510455690,1783076510488077,1783076510931490,1783076510989089
6,1,31,1783076511112388,1783076511128432,1783076511132527,1783076511132535,1783076511271353,1783076511303728,1783076511747194,1783076511804829
6,1,32,1783076511928118,1783076511944173,1783076511948266,1783076511948275,1783076512087262,1783076512119645,1783076512563029,1783076512620634
6,1,33,1783076512743925,1783076512759996,1783076512764089,1783076512764098,1783076512902606,1783076512934980,1783076513378347,1783076513435952
6,1,34,1783076513559278,1783076513575329,1783076513579426,1783076513579435,1783076513717922,1783076513750309,1783076514193681,1783076514251286
6,1,35,1783076514374578,1783076514390627,1783076514394725,1783076514394735,1783076514533505,1783076514565888,1783076515009343,1783076515066944
6,1,36,1783076515190259,1783076515206309,1783076515210401,1783076515210409,1783076515348993,1783076515381368,1783076515824806,1783076515882414
6,1,37,1783076516005703,1783076516021742,1783076516025837,1783076516025845,1783076516164697,1783076516197074,1783076516640443,1783076516698046
6,1,38,1783076516821365,1783076516837425,1783076516841520,1783076516841530,1783076516980305,1783076517012680,1783076517456052,1783076517513666
6,1,39,1783076517637006,1783076517653057,1783076517657156,1783076517657166,1783076517796120,1783076517828506,1783076518271872,1783076518329474
6,1,40,1783076518452773,1783076518468819,1783076518472918,1783076518472929,1783076518611416,1783076518643785,1783076519087215,1783076519144819
6,1,41,1783076519268116,1783076519284165,1783076519288266,1783076519288276,1783076519426763,1783076519459145,1783076519902554,1783076519960159
6,1,42,1783076520083447,1783076520099495,1783076520103593,1783076520103604,1783076520242134,1783076520274511,1783076520717923,1783076520775529
6,1,43,1783076520898830,1783076520914878,1783076520918976,1783076520918985,1783076521057769,1783076521090155,1783076521533539,1783076521591159
6,1,44,1783076521714461,1783076521730526,1783076521734622,1783076521734632,1783076521873550,1783076521905931,1783076522349371,1783076522406973
6,1,45,1783076522530312,1783076522546360,1783076522550456,1783076522550466,1783076522689177,1783076522721550,1783076523164906,1783076523222506
6,1,46,1783076523345805,1783076523361865,1783076523365957,1783076523365966,1783076523504742,1783076523537149,1783076523980515,1783076524038119
6,1,47,1783076524161420,1783076524177466,1783076524181559,1783076524181569,1783076524320459,1783076524352844,1783076524796268,1783076524853869
6,1,48,1783076524977161,1783076524993213,1783076524997310,1783076524997318,1783076525136142,1783076525168525,1783076525611941,1783076525669549
6,1,49,1783076525792859,1783076525808902,1783076525812998,1783076525813007,1783076525951472,1783076525983847,1783076526427229,1783076526484837
6,2,0,1783076526608153,1783076526624212,1783076526628311,1783076526628321,1783076526767098,1783076526799480,1783076527242871,1783076527300482
6,2,1,1783076527423783,1783076527439837,1783076527443935,1783076527443945,1783076527582283,1783076527614663,1783076528058027,1783076528115634
6,2,2,1783076528238942,1783076528254995,1783076528259087,1783076528259097,1783076528397884,1783076528430258,1783076528873674,1783076528931276
6,2,3,1783076529054591,1783076529070652,1783076529074745,1783076529074753,1783076529213541,1783076529245923,1783076529689321,1783076529746923
6,2,4,1783076529870236,1783076529886278,1783076529890370,1783076529890379,1783076530029301,1783076530061674,1783076530505111,1783076530562730
6,2,5,1783076530686030,1783076530702080,1783076530706175,1783076530706184,1783076530844727,1783076530877114,1783076531320513,1783076531378116
6,2,6,1783076531501405,1783076531517456,1783076531521590,1783076531521601,1783076531660437,1783076531692813,1783076532136188,1783076532193791
6,2,7,1783076532317089,1783076532333142,1783076532337238,1783076532337247,1783076532476018,1783076532508401,1783076532951786,1783076533009401
6,2,8,1783076533132701,1783076533148754,1783076533152851,1783076533152861,1783076533291647,1783076533324022,1783076533767369,1783076533824975
6,2,9,1783076533948283,1783076533964326,1783076533968427,1783076533968437,1783076534107373,1783076534139744,1783076534583147,1783076534640753
6,2,10,1783076534764043,1783076534780091,1783076534784192,1783076534784202,1783076534922927,1783076534955301,1783076535398696,1783076535456293
6,2,11,1783076535579638,1783076535595698,1783076535599796,1783076535599806,1783076535738580,1783076535770947,1783076536214310,1783076536271912
6,2,12,1783076536395218,1783076536411265,1783076536415373,1783076536415381,1783076536554221,1783076536586607,1783076537029981,1783076537087581
6,2,13,1783076537210891,1783076537226948,1783076537231042,1783076537231052,1783076537369607,1783076537401982,1783076537845363,1783076537902972
6,2,14,1783076538026273,1783076538042330,1783076538046426,1783076538046436,1783076538184820,1783076538217196,1783076538660554,1783076538718155
6,2,15,1783076538841463,1783076538857523,1783076538861620,1783076538861629,1783076539000303,1783076539032681,1783076539476072,1783076539533690
6,2,16,1783076539656991,1783076539673049,1783076539677145,1783076539677154,1783076539815887,1783076539848262,1783076540291642,1783076540349245
6,2,17,1783076540472545,1783076540488588,1783076540492682,1783076540492691,1783076540631478,1783076540663843,1783076541107251,1783076541164853
6,2,18,1783076541288155,1783076541304223,1783076541308319,1783076541308327,1783076541446984,1783076541479359,1783076541922753,1783076541980356
6,2,19,1783076542103640,1783076542119682,1783076542123780,1783076542123790,1783076542262126,1783076542294497,1783076542737888,1783076542795489
6,2,20,1783076542918793,1783076542934838,1783076542938930,1783076542938939,1783076543077694,1783076543110064,1783076543553384,1783076543610995
6,2,21,1783076543734295,1783076543750358,1783076543754453,1783076543754463,1783076543893191,1783076543925569,1783076544368946,1783076544426548
6,2,22,1783076544549877,1783076544565934,1783076544570029,1783076544570039,1783076544708826,1783076544741203,1783076545184605,1783076545242207
6,2,23,1783076545365525,1783076545381572,1783076545385669,1783076545385678,1783076545524421,1783076545556827,1783076546000221,1783076546057827
6,2,24,1783076546181127,1783076546197175,1783076546201273,1783076546201282,1783076546339957,1783076546372324,1783076546815698,1783076546873304
6,2,25,1783076546996602,1783076547012653,1783076547016748,1783076547016756,1783076547155508,1783076547187891,1783076547631307,1783076547688903
6,2,26,1783076547812202,1783076547828246,1783076547832341,1783076547832351,1783076547971061,1783076548003436,1783076548446867,1783076548504465
6,2,27,1783076548627798,1783076548643865,1783076548647960,1783076548647969,1783076548786845,1783076548819234,1783076549262614,1783076549320215
6,2,28,1783076549443514,1783076549459581,1783076549463676,1783076549463686,1783076549602512,1783076549634888,1783076550078273,1783076550135880
6,2,29,1783076550259172,1783076550275215,1783076550279308,1783076550279318,1783076550417679,1783076550450046,1783076550893460,1783076550951066
6,2,30,1783076551074358,1783076551090410,1783076551094505,1783076551094514,1783076551233104,1783076551265493,1783076551708877,1783076551766476
6,2,31,1783076551889782,1783076551905832,1783076551909928,1783076551909938,1783076552048908,1783076552081277,1783076552524679,1783076552582308
6,2,32,1783076552705620,1783076552721660,1783076552725756,1783076552725764,1783076552864084,1783076552896467,1783076553339814,1783076553397417
6,2,33,1783076553520718,1783076553536790,1783076553540884,1783076553540893,1783076553679402,1783076553711777,1783076554155176,1783076554212779
6,2,34,1783076554336095,1783076554352144,1783076554356241,1783076554356251,1783076554494900,1783076554527309,1783076554970732,1783076555028331
6,2,35,1783076555151629,1783076555167682,1783076555171778,1783076555171787,1783076555310623,1783076555342996,1783076555786411,1783076555844016
6,2,36,1783076555967306,1783076555983354,1783076555987448,1783076555987458,1783076556125949,1783076556158322,1783076556601735,1783076556659339
6,2,37,1783076556782650,1783076556798701,1783076556802799,1783076556802809,1783076556941592,1783076556973961,1783076557417360,1783076557474968
6,2,38,1783076557598279,1783076557614322,1783076557618416,1783076557618425,1783076557757023,1783076557789399,1783076558232824,1783076558290433
6,2,39,1783076558413740,1783076558429794,1783076558433902,1783076558433911,1783076558572701,1783076558605090,1783076559048444,1783076559106059
6,2,40,1783076559229373,1783076559245428,1783076559249526,1783076559249536,1783076559388420,1783076559420793,1783076559864158,1783076559921761
6,2,41,1783076560045055,1783076560061112,1783076560065207,1783076560065216,1783076560203922,1783076560236291,1783076560679663,1783076560737261
6,2,42,1783076560860559,1783076560876632,1783076560880728,1783076560880738,1783076561019566,1783076561051942,1783076561495311,1783076561552932
6,2,43,1783076561676232,1783076561692288,1783076561696383,1783076561696392,1783076561834951,1783076561867335,1783076562310702,1783076562368303
6,2,44,1783076562491604,1783076562507666,1783076562511761,1783076562511771,1783076562650739,1783076562683118,1783076563126481,1783076563184090
6,2,45,1783076563307394,1783076563323440,1783076563327546,1783076563327554,1783076563466345,1783076563498721,1783076563942151,1783076563999757
6,2,46,1783076564123051,1783076564139094,1783076564143188,1783076564143197,1783076564281589,1783076564313967,1783076564757403,1783076564815009
6,2,47,1783076564938303,1783076564954351,1783076564958446,1783076564958455,1783076565096853,1783076565129221,1783076565572612,1783076565630218
6,2,48,1783076565753511,1783076565769583,1783076565773679,1783076565773689,1783076565912276,1783076565944657,1783076566388058,1783076566445662
6,2,49,1783076566568978,1783076566585022,1783076566589118,1783076566589128,1783076566727617,1783076566759996,1783076567203422,1783076567261019
6,3,0,1783076567384329,1783076567400368,1783076567404465,1783076567404475,1783076567543268,1783076567575648,1783076568019034,1783076568076637
6,3,1,1783076568199926,1783076568215970,1783076568220061,1783076568220070,1783076568358877,1783076568391264,1783076568834650,1783076568892253
6,3,2,1783076569015559,1783076569031605,1783076569035701,1783076569035710,1783076569174495,1783076569206865,1783076569650259,1783076569707863
6,3,3,1783076569831178,1783076569847231,1783076569851325,1783076569851334,1783076569989891,1783076570022272,1783076570465619,1783076570523225
6,3,4,1783076570646539,1783076570662600,1783076570666700,1783076570666710,1783076570805469,1783076570837836,1783076571281207,1783076571338812
6,3,5,1783076571462114,1783076571478159,1783076571482251,1783076571482260,1783076571621052,1783076571653439,1783076572096846,1783076572154449
6,3,6,1783076572277756,1783076572293812,1783076572297909,1783076572297920,1783076572436747,1783076572469117,1783076572912495,1783076572970097
6,3,7,1783076573093399,1783076573109446,1783076573113538,1783076573113547,1783076573252243,1783076573284622,1783076573727988,1783076573785590
6,3,8,1783076573908883,1783076573924934,1783076573929026,1783076573929035,1783076574067561,1783076574099933,1783076574543285,1783076574600888
6,3,9,1783076574724171,1783076574740216,1783076574744310,1783076574744320,1783076574882871,1783076574915259,1783076575358662,1783076575416266
6,3,10,1783076575539581,1783076575555649,1783076575559747,1783076575559755,1783076575698049,1783076575730424,1783076576173742,1783076576231354
6,3,11,1783076576354651,1783076576370698,1783076576374789,1783076576374798,1783076576513551,1783076576545944,1783076576989376,1783076577046976
6,3,12,1783076577170296,1783076577186342,1783076577190437,1783076577190447,1783076577328805,1783076577361193,1783076577804612,1783076577862215
6,3,13,1783076577985524,1783076578001574,1783076578005672,1783076578005682,1783076578144413,1783076578176783,1783076578620155,1783076578677752
6,3,14,1783076578801044,1783076578817101,1783076578821196,1783076578821204,1783076578960048,1783076578992428,1783076579435828,1783076579493431
6,3,15,1783076579616733,1783076579632779,1783076579636870,1783076579636879,1783076579775543,1783076579807917,1783076580251306,1783076580308909
6,3,16,1783076580432202,1783076580448264,1783076580452360,1783076580452369,1783076580590967,1783076580623352,1783076581066723,1783076581124325
6,3,17,1783076581247620,1783076581263679,1783076581267774,1783076581267783,1783076581406570,1783076581438945,1783076581882374,1783076581939983
6,3,18,1783076582063278,1783076582079325,1783076582083419,1783076582083428,1783076582222147,1783076582254519,1783076582697882,1783076582755483
6,3,19,1783076582878792,1783076582894839,1783076582898934,1783076582898943,1783076583037707,1783076583070089,1783076583513434,1783076583571055
6,3,20,1783076583694367,1783076583710409,1783076583714504,1783076583714514,1783076583853004,1783076583885380,1783076584328768,1783076584386378
6,3,21,1783076584509681,1783076584525729,1783076584529822,1783076584529830,1783076584668501,1783076584700881,1783076585144257,1783076585201856
6,3,22,1783076585325159,1783076585341215,1783076585345322,1783076585345331,1783076585484082,1783076585516451,1783076585959845,1783076586017450
6,3,23,1783076586140756,1783076586156797,1783076586160892,1783076586160902,1783076586299761,1783076586332132,1783076586775502,1783076586833104
6,3,24,1783076586956414,1783076586972453,1783076586976548,1783076586976559,1783076587115019,1783076587147403,1783076587590813,1783076587648417
6,3,25,1783076587771714,1783076587787759,1783076587791852,1783076587791861,1783076587930564,1783076587962949,1783076588406331,1783076588463929
6,3,26,1783076588587251,1783076588603298,1783076588607395,1783076588607404,1783076588746155,1783076588778527,1783076589221842,1783076589279445
6,3,27,1783076589402758,1783076589418804,1783076589422896,1783076589422905,1783076589561793,1783076589594165,1783076590037542,1783076590095158
6,3,28,1783076590218474,1783076590234517,1783076590238630,1783076590238639,1783076590377377,1783076590409756,1783076590853130,1783076590910739
6,3,29,1783076591034046,1783076591050116,1783076591054212,1783076591054221,1783076591192873,1783076591225234,1783076591668646,1783076591726244
6,3,30,1783076591849533,1783076591865585,1783076591869681,1783076591869691,1783076592008442,1783076592040831,1783076592484204,1783076592541804
6,3,31,1783076592665116,1783076592681177,1783076592685275,1783076592685285,1783076592824072,1783076592856445,1783076593299833,1783076593357443
6,3,32,1783076593480748,1783076593496826,1783076593500919,1783076593500928,1783076593639693,1783076593672072,1783076594115473,1783076594173078
6,3,33,1783076594296369,1783076594312416,1783076594316514,1783076594316523,1783076594455357,1783076594487726,1783076594931119,1783076594988735
6,3,34,1783076595112032,1783076595128079,1783076595132173,1783076595132182,1783076595270996,1783076595303368,1783076595746736,1783076595804340
6,3,35,1783076595927641,1783076595943695,1783076595947790,1783076595947801,1783076596086104,1783076596118481,1783076596561840,1783076596619450
6,3,36,1783076596742758,1783076596758835,1783076596762932,1783076596762942,1783076596901582,1783076596933952,1783076597377263,1783076597434863
6,3,37,1783076597558170,1783076597574235,1783076597578333,1783076597578343,1783076597716845,1783076597749232,1783076598192647,1783076598250247
6,3,38,1783076598373541,1783076598389590,1783076598393683,1783076598393692,1783076598532217,1783076598564589,1783076599007942,1783076599065545
6,3,39,1783076599188859,1783076599204910,1783076599209007,1783076599209016,1783076599347368,1783076599379738,1783076599823139,1783076599880757
6,3,40,1783076600004051,1783076600020099,1783076600024195,1783076600024205,1783076600162908,1783076600195277,1783076600638645,1783076600696247
6,3,41,1783076600819541,1783076600835582,1783076600839677,1783076600839686,1783076600978398,1783076601010782,1783076601454153,1783076601511769
6,3,42,1783076601635148,1783076601651198,1783076601655295,1783076601655305,1783076601794133,1783076601826491,1783076602269864,1783076602327469
6,3,43,1783076602450768,1783076602466839,1783076602470934,1783076602470943,1783076602609701,1783076602642079,1783076603085502,1783076603143107
6,3,44,1783076603266412,1783076603282465,1783076603286561,1783076603286571,1783076603425392,1783076603457752,1783076603901164,1783076603958769
6,3,45,1783076604082064,1783076604098127,1783076604102225,1783076604102235,1783076604240664,1783076604273045,1783076604716348,1783076604773950
6,3,46,1783076604897263,1783076604913304,1783076604917401,1783076604917410,1783076605055944,1783076605088317,1783076605531699,1783076605589322
6,3,47,1783076605712611,1783076605728656,1783076605732751,1783076605732760,1783076605871101,1783076605903473,1783076606346870,1783076606404474
6,3,48,1783076606527794,1783076606543838,1783076606547934,1783076606547944,1783076606686652,1783076606719013,1783076607162402,1783076607220004
6,3,49,1783076607343315,1783076607359374,1783076607363469,1783076607363478,1783076607502010,1783076607534403,1783076607977782,1783076608035389
6,4,0,1783076608158689,1783076608174737,1783076608178832,1783076608178841,1783076608317175,1783076608349557,1783076608792979,1783076608850594
6,4,1,1783076608973885,1783076608989932,1783076608994029,1783076608994039,1783076609132830,1783076609165208,1783076609608600,1783076609666201
6,4,2,1783076609789506,1783076609805562,1783076609809660,1783076609809671,1783076609948421,1783076609980803,1783076610424092,1783076610481697
6,4,3,1783076610605017,1783076610621060,1783076610625160,1783076610625171,1783076610764095,1783076610796471,1783076611239881,1783076611297477
6,4,4,1783076611420780,1783076611436839,1783076611440940,1783076611440950,1783076611579636,1783076611612018,1783076612055365,1783076612112968
6,4,5,1783076612236260,1783076612252299,1783076612256408,1783076612256417,1783076612395019,1783076612427399,1783076612870773,1783076612928372
6,4,6,1783076613051667,1783076613067714,1783076613071808,1783076613071817,1783076613210605,1783076613242982,1783076613686345,1783076613743953
6,4,7,1783076613867257,1783076613883301,1783076613887397,1783076613887406,1783076614026069,1783076614058447,1783076614501762,1783076614559382
6,4,8,1783076614682683,1783076614698727,1783076614702820,1783076614702829,1783076614841545,1783076614873903,1783076615317308,1783076615374907
6,4,9,1783076615498211,1783076615514256,1783076615518369,1783076615518378,1783076615657165,1783076615689545,1783076616132924,1783076616190525
6,4,10,1783076616313812,1783076616329864,1783076616333960,1783076616333970,1783076616472807,1783076616505179,1783076616948578,1783076617006184
6,4,11,1783076617129482,1783076617145530,1783076617149624,1783076617149633,1783076617288311,1783076617320692,1783076617764097,1783076617821703
6,4,12,1783076617945011,1783076617961067,1783076617965160,1783076617965169,1783076618103953,1783076618136321,1783076618579726,1783076618637331
6,4,13,1783076618760624,1783076618776678,1783076618780775,1783076618780784,1783076618919429,1783076618951803,1783076619395101,1783076619452707
6,4,14,1783076619576029,1783076619592101,1783076619596198,1783076619596207,1783076619734864,1783076619767239,1783076620210570,1783076620268172
6,4,15,1783076620391471,1783076620407512,1783076620411604,1783076620411613,1783076620550415,1783076620582788,1783076621026187,1783076621083788
6,4,16,1783076621207076,1783076621223129,1783076621227224,1783076621227234,1783076621365845,1783076621398227,1783076621841596,1783076621899201
6,4,17,1783076622022505,1783076622038556,1783076622042652,1783076622042661,1783076622181245,1783076622213618,1783076622656977,1783076622714579
6,4,18,1783076622837883,1783076622853937,1783076622858030,1783076622858039,1783076622996568,1783076623028939,1783076623472332,1783076623529955
6,4,19,1783076623653255,1783076623669306,1783076623673402,1783076623673412,1783076623812216,1783076623844591,1783076624287920,1783076624345526
6,4,20,1783076624468835,1783076624484901,1783076624488995,1783076624489004,1783076624627837,1783076624660215,1783076625103606,1783076625161209
6,4,21,1783076625284523,1783076625300584,1783076625304679,1783076625304688,1783076625443498,1783076625475870,1783076625919253,1783076625976866
6,4,22,1783076626100177,1783076626116221,1783076626120317,1783076626120327,1783076626259005,1783076626291380,1783076626734782,1783076626792399
6,4,23,1783076626915713,1783076626931785,1783076626935878,1783076626935887,1783076627074662,1783076627107033,1783076627550389,1783076627607988
6,4,24,1783076627731282,1783076627747330,1783076627751424,1783076627751432,1783076627890188,1783076627922564,1783076628365932,1783076628423535
6,4,25,1783076628546862,1783076628562930,1783076628567027,1783076628567037,1783076628705774,1783076628738160,1783076629181554,1783076629239152
6,4,26,1783076629362460,1783076629378525,1783076629382619,1783076629382629,1783076629520979,1783076629553383,1783076629996710,1783076630054329
6,4,27,1783076630177626,1783076630193676,1783076630197771,1783076630197781,1783076630336557,1783076630368934,1783076630812331,1783076630869940
6,4,28,1783076630993241,1783076631009287,1783076631013383,1783076631013393,1783076631152103,1783076631184482,1783076631627871,1783076631685470
6,4,29,1783076631808778,1783076631824827,1783076631828919,1783076631828927,1783076631967694,1783076632000066,1783076632443392,1783076632501295
6,4,30,1783076632624614,1783076632640660,1783076632644756,1783076632644766,1783076632783627,1783076632816001,1783076633259349,1783076633316945
6,4,31,1783076633440246,1783076633456307,1783076633460400,1783076633460409,1783076633599131,1783076633631506,1783076634074821,1783076634132433
6,4,32,1783076634255731,1783076634271789,1783076634275885,1783076634275895,1783076634414830,1783076634447199,1783076634890601,1783076634948206
6,4,33,1783076635071506,1783076635087551,1783076635091648,1783076635091657,1783076635230484,1783076635262869,1783076635706212,1783076635763816
6,4,34,1783076635887105,1783076635903146,1783076635907242,1783076635907251,1783076636046021,1783076636078383,1783076636521802,1783076636579423
6,4,35,1783076636702718,1783076636718768,1783076636722863,1783076636722871,1783076636861616,1783076636894002,1783076637337381,1783076637395286
6,4,36,1783076637518627,1783076637534687,1783076637538783,1783076637538792,1783076637677543,1783076637709907,1783076638153267,1783076638210871
6,4,37,1783076638334176,1783076638350227,1783076638354322,1783076638354332,1783076638493067,1783076638525442,1783076638968875,1783076639026482
6,4,38,1783076639149785,1783076639165830,1783076639169939,1783076639169948,1783076639308561,1783076639340934,1783076639784335,1783076639841934
6,4,39,1783076639965246,1783076639981296,1783076639985395,1783076639985404,1783076640124209,1783076640156582,1783076640600026,1783076640657629
6,4,40,1783076640780934,1783076640796976,1783076640801069,1783076640801078,1783076640939562,1783076640971938,1783076641415220,1783076641472826
6,4,41,1783076641596146,1783076641612189,1783076641616281,1783076641616291,1783076641754970,1783076641787340,1783076642230661,1783076642288276
6,4,42,1783076642411582,1783076642427641,1783076642431737,1783076642431746,1783076642570591,1783076642602983,1783076643046344,1783076643103964
6,4,43,1783076643227275,1783076643243321,1783076643247415,1783076643247424,1783076643385984,1783076643418364,1783076643861708,1783076643919312
6,4,44,1783076644042640,1783076644058686,1783076644062794,1783076644062805,1783076644201426,1783076644233808,1783076644677193,1783076644734796
6,4,45,1783076644858111,1783076644874169,1783076644878269,1783076644878278,1783076645016965,1783076645049328,1783076645492646,1783076645550266
6,4,46,1783076645673562,1783076645689619,1783076645693714,1783076645693723,1783076645832694,1783076645865079,1783076646308501,1783076646366104
6,4,47,1783076646489397,1783076646505460,1783076646509560,1783076646509571,1783076646648442,1783076646680816,1783076647124284,1783076647181902
6,4,48,1783076647305193,1783076647321235,1783076647325347,1783076647325356,1783076647464291,1783076647496669,1783076647940106,1783076647997711
6,4,49,1783076648121012,1783076648137076,1783076648141168,1783076648141178,1783076648279478,1783076648311853,1783076648755244,1783076648812843
6,5,0,1783076648936137,1783076648952193,1783076648956286,1783076648956295,1783076649095232,1783076649127610,1783076649570916,1783076649628518
6,5,1,1783076649751804,1783076649767857,1783076649771950,1783076649771960,1783076649910707,1783076649943084,1783076650386504,1783076650444110
6,5,2,1783076650567439,1783076650583494,1783076650587588,1783076650587596,1783076650726205,1783076650758592,1783076651201970,1783076651259566
6,5,3,1783076651382860,1783076651398920,1783076651403014,1783076651403024,1783076651541807,1783076651574196,1783076652017492,1783076652075094
6,5,4,1783076652198394,1783076652214449,1783076652218542,1783076652218552,1783076652357232,1783076652389608,1783076652833020,1783076652891640
6,5,5,1783076653015177,1783076653031249,1783076653035342,1783076653035350,1783076653174004,1783076653206348,1783076653649588,1783076653707201
6,5,6,1783076653830520,1783076653846566,1783076653850677,1783076653850686,1783076653989304,1783076654021678,1783076654465060,1783076654522667
6,5,7,1783076654645973,1783076654662050,1783076654666147,1783076654666157,1783076654804591,1783076654836949,1783076655280207,1783076655337806
6,5,8,1783076655461113,1783076655477165,1783076655481260,1783076655481268,1783076655619983,1783076655652352,1783076656095555,1783076656153158
6,5,9,1783076656276456,1783076656292499,1783076656296594,1783076656296603,1783076656435167,1783076656467558,1783076656910817,1783076656968415
6,5,10,1783076657091731,1783076657107780,1783076657111874,1783076657111883,1783076657250341,1783076657282714,1783076657726006,1783076657783609
6,5,11,1783076657906908,1783076657922971,1783076657927067,1783076657927077,1783076658065969,1783076658098338,1783076658541689,1783076658599298
6,5,12,1783076658722603,1783076658738651,1783076658742743,1783076658742752,1783076658881455,1783076658913829,1783076659357124,1783076659414719
6,5,13,1783076659538045,1783076659554111,1783076659558208,1783076659558218,1783076659696507,1783076659728869,1783076660172131,1783076660229749
6,5,14,1783076660353039,1783076660369105,1783076660373197,1783076660373206,1783076660512010,1783076660544382,1783076660987702,1783076661045301
6,5,15,1783076661168588,1783076661184642,1783076661188733,1783076661188742,1783076661327480,1783076661359852,1783076661803215,1783076661860813
6,5,16,1783076661984137,1783076662000204,1783076662004302,1783076662004310,1783076662142935,1783076662175303,1783076662618567,1783076662676166
6,5,17,1783076662799499,1783076662815552,1783076662819648,1783076662819658,1783076662958601,1783076662990975,1783076663434226,1783076663491852
6,5,18,1783076663615165,1783076663631218,1783076663635315,1783076663635324,1783076663774105,1783076663806479,1783076664249799,1783076664307394
6,5,19,1783076664430687,1783076664446750,1783076664450846,1783076664450855,1783076664589672,1783076664622042,1783076665065271,1783076665122871
6,5,20,1783076665246155,1783076665262208,1783076665266302,1783076665266311,1783076665405025,1783076665437400,1783076665880762,1783076665938379
6,5,21,1783076666061665,1783076666077711,1783076666081804,1783076666081813,1783076666220619,1783076666252992,1783076666696287,1783076666753904
6,5,22,1783076666877199,1783076666893248,1783076666897341,1783076666897351,1783076667035960,1783076667068335,1783076667511629,1783076667569227
6,5,23,1783076667692581,1783076667708659,1783076667712753,1783076667712762,1783076667851447,1783076667883817,1783076668327194,1783076668386341
6,5,24,1783076668509457,1783076668525540,1783076668529638,1783076668529646,1783076668668388,1783076668700736,1783076669144227,1783076669201876
6,5,25,1783076669325206,1783076669341281,1783076669345380,1783076669345390,1783076669483694,1783076669516077,1783076669959519,1783076670017196
6,5,26,1783076670140615,1783076670156755,1783076670160882,1783076670160892,1783076670299596,1783076670332019,1783076670775421,1783076670833056
6,5,27,1783076670956379,1783076670972433,1783076670976559,1783076670976568,1783076671115541,1783076671147909,1783076671591337,1783076671648964
6,5,28,1783076671772273,1783076671788324,1783076671792429,1783076671792438,1783076671931291,1783076671963669,1783076672407030,1783076672464646
6,5,29,1783076672587994,1783076672604059,1783076672608185,1783076672608195,1783076672746951,1783076672779315,1783076673222653,1783076673280268
6,5,30,1783076673403563,1783076673419612,1783076673423721,1783076673423730,1783076673562589,1783076673594993,1783076674038322,1783076674095956
6,5,31,1783076674219273,1783076674235328,1783076674239438,1783076674239448,1783076674378169,1783076674410539,1783076674854060,1783076674911680
6,5,32,1783076675034984,1783076675051023,1783076675055139,1783076675055149,1783076675193496,1783076675225880,1783076675669223,1783076675726822
6,5,33,1783076675850149,1783076675866214,1783076675870326,1783076675870337,1783076676008855,1783076676041285,1783076676484817,1783076676542523
6,5,34,1783076676665962,1783076676682139,1783076676686480,1783076676686507,1783076676825682,1783076676858036,1783076677301450,1783076677359069
6,5,35,1783076677482397,1783076677498457,1783076677502553,1783076677502562,1783076677641105,1783076677673484,1783076678116870,1783076678174482
6,5,36,1783076678297790,1783076678313845,1783076678317943,1783076678317952,1783076678456604,1783076678488990,1783076678932351,1783076678989966
6,5,37,1783076679113281,1783076679129336,1783076679133434,1783076679133445,1783076679272213,1783076679304598,1783076679747888,1783076679805498
6,5,38,1783076679928817,1783076679944869,1783076679948964,1783076679948973,1783076680087333,1783076680119710,1783076680563079,1783076680620691
6,5,39,1783076680744030,1783076680760085,1783076680764182,1783076680764192,1783076680902498,1783076680934889,1783076681378301,1783076681435912
6,5,40,1783076681559247,1783076681575299,1783076681579396,1783076681579405,1783076681718071,1783076681750451,1783076682193773,1783076682251382
6,5,41,1783076682374693,1783076682390750,1783076682394851,1783076682394860,1783076682533695,1783076682566073,1783076683009483,1783076683067093
6,5,42,1783076683190404,1783076683206450,1783076683210546,1783076683210555,1783076683349322,1783076683381706,1783076683825118,1783076683882727
6,5,43,1783076684006028,1783076684022104,1783076684026203,1783076684026213,1783076684165024,1783076684197404,1783076684640779,1783076684698400
6,5,44,1783076684821698,1783076684837742,1783076684841854,1783076684841863,1783076684980523,1783076685012901,1783076685456263,1783076685513888
6,5,45,1783076685637207,1783076685653260,1783076685657356,1783076685657365,1783076685796095,1783076685828481,1783076686271884,1783076686329496
6,5,46,1783076686452805,1783076686468862,1783076686472961,1783076686472969,1783076686611507,1783076686643881,1783076687087270,1783076687144879
6,5,47,1783076687268190,1783076687284240,1783076687288336,1783076687288345,1783076687427171,1783076687459545,1783076687902973,1783076687960581
6,5,48,1783076688083885,1783076688099931,1783076688104033,1783076688104043,1783076688242863,1783076688275247,1783076688718683,1783076688776293
6,5,49,1783076688899609,1783076688915662,1783076688919758,1783076688919766,1783076689058540,1783076689090926,1783076689534275,1783076689591887
6,6,0,1783076689715209,1783076689731263,1783076689735361,1783076689735370,1783076689874112,1783076689906484,1783076690349769,1783076690407379
6,6,1,1783076690530692,1783076690546743,1783076690550851,1783076690550860,1783076690689618,1783076690721996,1783076691165358,1783076691222964
6,6,2,1783076691346273,1783076691362316,1783076691366426,1783076691366435,1783076691505221,1783076691537611,1783076691980985,1783076692038593
6,6,3,1783076692161899,1783076692177950,1783076692182053,1783076692182062,1783076692320930,1783076692353298,1783076692796716,1783076692854326
6,6,4,1783076692977642,1783076692993693,1783076692997806,1783076692997814,1783076693136590,1783076693168967,1783076693612343,1783076693669977
6,6,5,1783076693793278,1783076693809325,1783076693813435,1783076693813445,1783076693952327,1783076693984701,1783076694428039,1783076694485653
6,6,6,1783076694608962,1783076694625007,1783076694629117,1783076694629126,1783076694768013,1783076694800403,1783076695243763,1783076695301373
6,6,7,1783076695424702,1783076695440789,1783076695444889,1783076695444898,1783076695583342,1783076695615728,1783076696059104,1783076696116708
6,6,8,1783076696240021,1783076696256071,1783076696260181,1783076696260189,1783076696398462,1783076696430839,1783076696874172,1783076696931780
6,6,9,1783076697055091,1783076697071141,1783076697075235,1783076697075244,1783076697214115,1783076697246482,1783076697689846,1783076697747478
6,6,10,1783076697870784,1783076697886836,1783076697890935,1783076697890945,1783076698029868,1783076698062256,1783076698505586,1783076698563200
6,6,11,1783076698686535,1783076698702580,1783076698706701,1783076698706711,1783076698845481,1783076698877854,1783076699321314,1783076699378925
6,6,12,1783076699502242,1783076699518298,1783076699522419,1783076699522428,1783076699661238,1783076699693615,1783076700137033,1783076700194646
6,6,13,1783076700317946,1783076700334000,1783076700338104,1783076700338114,1783076700476846,1783076700509221,1783076700952594,1783076701010205
6,6,14,1783076701133510,1783076701149557,1783076701153668,1783076701153678,1783076701291928,1783076701324302,1783076701767678,1783076701825282
6,6,15,1783076701948595,1783076701964650,1783076701968746,1783076701968755,1783076702107458,1783076702139834,1783076702583217,1783076702640825
6,6,16,1783076702764124,1783076702780173,1783076702784284,1783076702784293,1783076702923103,1783076702955492,1783076703398790,1783076703456700
6,6,17,1783076703580022,1783076703596073,1783076703600179,1783076703600189,1783076703738811,1783076703771190,1783076704214607,1783076704272211
6,6,18,1783076704395531,1783076704411581,1783076704415682,1783076704415691,1783076704554474,1783076704586861,1783076705030257,1783076705087871
6,6,19,1783076705211185,1783076705227239,1783076705231346,1783076705231355,1783076705370199,1783076705402581,1783076705845946,1783076705903578
6,6,20,1783076706026900,1783076706042976,1783076706047084,1783076706047093,1783076706185925,1783076706218301,1783076706661710,1783076706719319
6,6,21,1783076706842628,1783076706858674,1783076706862778,1783076706862786,1783076707001460,1783076707033844,1783076707477246,1783076707534857
6,6,22,1783076707658179,1783076707674233,1783076707678327,1783076707678336,1783076707816797,1783076707849174,1783076708292471,1783076708350085
6,6,23,1783076708473409,1783076708489460,1783076708493556,1783076708493565,1783076708632148,1783076708664523,1783076709107895,1783076709165509
6,6,24,1783076709288823,1783076709304868,1783076709308968,1783076709308977,1783076709447738,1783076709480119,1783076709923445,1783076709981078
6,6,25,1783076710104418,1783076710120462,1783076710124560,1783076710124569,1783076710263370,1783076710295756,1783076710739148,1783076710796763
6,6,26,1783076710920085,1783076710936135,1783076710940252,1783076710940262,1783076711078926,1783076711111317,1783076711554636,1783076711612268
6,6,27,1783076711735592,1783076711751651,1783076711755747,1783076711755756,1783076711894261,1783076711926650,1783076712370035,1783076712427641
6,6,28,1783076712550955,1783076712567003,1783076712571101,1783076712571110,1783076712709647,1783076712742024,1783076713185424,1783076713243045
6,6,29,1783076713366366,1783076713382441,1783076713386550,1783076713386559,1783076713525304,1783076713557703,1783076714001111,1783076714058735
6,6,30,1783076714182049,1783076714198100,1783076714202217,1783076714202225,1783076714340973,1783076714373352,1783076714816660,1783076714874278
6,6,31,1783076714997583,1783076715013638,1783076715017734,1783076715017743,1783076715156520,1783076715188898,1783076715632258,1783076715689866
6,6,32,1783076715813172,1783076715829226,1783076715833334,1783076715833344,1783076715971620,1783076716004009,1783076716447398,1783076716505021
6,6,33,1783076716628361,1783076716644404,1783076716648521,1783076716648530,1783076716787234,1783076716819623,1783076717263053,1783076717320665
6,6,34,1783076717443980,1783076717460026,1783076717464124,1783076717464134,1783076717602447,1783076717634821,1783076718078166,1783076718135779
6,6,35,1783076718259097,1783076718275141,1783076718279251,1783076718279259,1783076718418008,1783076718450386,1783076718893785,1783076718951396
6,6,36,1783076719074725,1783076719090773,1783076719094882,1783076719094892,1783076719233810,1783076719266186,1783076719709552,1783076719767162
6,6,37,1783076719890473,1783076719906530,1783076719910631,1783076719910640,1783076720049007,1783076720081379,1783076720524714,1783076720582322
6,6,38,1783076720705644,1783076720721696,1783076720725797,1783076720725807,1783076720864608,1783076720896988,1783076721340379,1783076721398010
6,6,39,1783076721521326,1783076721537381,1783076721541491,1783076721541501,1783076721680120,1783076721712509,1783076722155883,1783076722213492
6,6,40,1783076722336803,1783076722352851,1783076722356966,1783076722356975,1783076722495734,1783076722528135,1783076722971562,1783076723029188
6,6,41,1783076723152501,1783076723168575,1783076723172671,1783076723172680,1783076723311459,1783076723343833,1783076723787216,1783076723844825
6,6,42,1783076723968134,1783076723984183,1783076723988282,1783076723988291,1783076724127141,1783076724159515,1783076724602906,1783076724660516
6,6,43,1783076724783835,1783076724799902,1783076724804006,1783076724804016,1783076724943057,1783076724975443,1783076725418781,1783076725476393
6,6,44,1783076725599721,1783076725615774,1783076725619886,1783076725619895,1783076725758533,1783076725790926,1783076726234270,1783076726291890
6,6,45,1783076726415221,1783076726431287,1783076726435399,1783076726435408,1783076726574009,1783076726606389,1783076727049833,1783076727107443
6,6,46,1783076727230769,1783076727246817,1783076727250931,1783076727250940,1783076727389602,1783076727421974,1783076727865337,1783076727922972
6,6,47,1783076728046294,1783076728062348,1783076728066444,1783076728066453,1783076728205042,1783076728237418,1783076728680784,1783076728738404
6,6,48,1783076728861727,1783076728877768,1783076728881870,1783076728881879,1783076729020646,1783076729053020,1783076729496443,1783076729554062
6,6,49,1783076729677375,1783076729693417,1783076729697528,1783076729697537,1783076729836336,1783076729868728,1783076730312117,1783076730369725
6,7,0,1783076730493041,1783076730509090,1783076730513204,1783076730513214,1783076730651968,1783076730684347,1783076731127687,1783076731185295
6,7,1,1783076731308597,1783076731324644,1783076731328737,1783076731328747,1783076731467861,1783076731500234,1783076731943587,1783076732001192
6,7,2,1783076732124504,1783076732140549,1783076732144646,1783076732144654,1783076732283434,1783076732315808,1783076732759168,1783076732816780
6,7,3,1783076732940095,1783076732956141,1783076732960249,1783076732960258,1783076733098969,1783076733131340,1783076733574761,1783076733632369
6,7,4,1783076733755678,1783076733771730,1783076733775832,1783076733775841,1783076733914399,1783076733946787,1783076734390114,1783076734448034
6,7,5,1783076734571366,1783076734587425,1783076734591522,1783076734591532,1783076734730300,1783076734762680,1783076735206098,1783076735263705
6,7,6,1783076735387024,1783076735403080,1783076735407193,1783076735407203,1783076735545868,1783076735578253,1783076736021639,1783076736079247
6,7,7,1783076736202560,1783076736218609,1783076736222718,1783076736222728,1783076736361316,1783076736393689,1783076736837101,1783076736894709
6,7,8,1783076737018026,1783076737034079,1783076737038181,1783076737038191,1783076737176968,1783076737209336,1783076737652745,1783076737710354
6,7,9,1783076737833659,1783076737849733,1783076737853831,1783076737853840,1783076737992777,1783076738025164,1783076738468544,1783076738526158
6,7,10,1783076738649471,1783076738665520,1783076738669635,1783076738669645,1783076738808191,1783076738840568,1783076739283944,1783076739341547
6,7,11,1783076739464853,1783076739480898,1783076739485004,1783076739485012,1783076739623826,1783076739656215,1783076740099531,1783076740157141
6,7,12,1783076740280452,1783076740296503,1783076740300600,1783076740300610,1783076740439388,1783076740471775,1783076740915110,1783076740972737
6,7,13,1783076741096058,1783076741112108,1783076741116205,1783076741116214,1783076741254984,1783076741287373,1783076741730782,1783076741788395
6,7,14,1783076741911694,1783076741927736,1783076741931833,1783076741931842,1783076742070620,1783076742102993,1783076742546347,1783076742603959
6,7,15,1783076742727270,1783076742743325,1783076742747435,1783076742747445,1783076742886308,1783076742918687,1783076743362065,1783076743419673
6,7,16,1783076743542993,1783076743559038,1783076743563149,1783076743563157,1783076743701909,1783076743734283,1783076744177629,1783076744235261
6,7,17,1783076744358572,1783076744374618,1783076744378719,1783076744378729,1783076744517551,1783076744549937,1783076744993270,1783076745050893
6,7,18,1783076745174221,1783076745190273,1783076745194382,1783076745194391,1783076745333052,1783076745365430,1783076745808844,1783076745866452
6,7,19,1783076745989766,1783076746005820,1783076746009916,1783076746009925,1783076746148542,1783076746180917,1783076746624339,1783076746681964
6,7,20,1783076746805282,1783076746821327,1783076746825438,1783076746825447,1783076746964171,1783076746996544,1783076747439902,1783076747497516
6,7,21,1783076747620834,1783076747636884,1783076747640984,1783076747640992,1783076747779489,1783076747811865,1783076748255202,1783076748312814
6,7,22,1783076748436127,1783076748452182,1783076748456280,1783076748456288,1783076748595000,1783076748627386,1783076749070727,1783076749128341
6,7,23,1783076749251650,1783076749267700,1783076749271813,1783076749271822,1783076749410489,1783076749442874,1783076749886165,1783076749943776
6,7,24,1783076750067102,1783076750083144,1783076750087244,1783076750087254,1783076750225939,1783076750258310,1783076750701709,1783076750759317
6,7,25,1783076750882614,1783076750898659,1783076750902754,1783076750902763,1783076751041688,1783076751074071,1783076751517465,1783076751575084
6,7,26,1783076751698406,1783076751714462,1783076751718559,1783076751718568,1783076751857383,1783076751889764,1783076752333176,1783076752390785
6,7,27,1783076752514131,1783076752530190,1783076752534291,1783076752534302,1783076752673153,1783076752705526,1783076753148928,1783076753206538
6,7,28,1783076753329846,1783076753345896,1783076753349995,1783076753350004,1783076753488783,1783076753521163,1783076753964563,1783076754022173
6,7,29,1783076754145486,1783076754161543,1783076754165640,1783076754165648,1783076754304277,1783076754336657,1783076754780000,1783076754837605
6,7,30,1783076754960914,1783076754976968,1783076754981079,1783076754981089,1783076755119784,1783076755152161,1783076755595564,1783076755653175
6,7,31,1783076755776484,1783076755792532,1783076755796629,1783076755796638,1783076755935389,1783076755967762,1783076756411143,1783076756468750
6,7,32,1783076756592073,1783076756608116,1783076756612230,1783076756612239,1783076756750905,1783076756783291,1783076757226685,1783076757284295
6,7,33,1783076757407608,1783076757423661,1783076757427761,1783076757427769,1783076757566520,1783076757598909,1783076758042242,1783076758099857
6,7,34,1783076758223165,1783076758239217,1783076758243328,1783076758243337,1783076758381812,1783076758414192,1783076758857590,1783076758915207
6,7,35,1783076759038522,1783076759054571,1783076759058683,1783076759058693,1783076759197448,1783076759229838,1783076759673253,1783076759730864
6,7,36,1783076759854193,1783076759870241,1783076759874339,1783076759874349,1783076760013146,1783076760045522,1783076760488942,1783076760546570
6,7,37,1783076760669891,1783076760685940,1783076760690053,1783076760690062,1783076760828695,1783076760861068,1783076761304456,1783076761362065
6,7,38,1783076761485364,1783076761501414,1783076761505513,1783076761505522,1783076761644433,1783076761676810,1783076762120190,1783076762177799
6,7,39,1783076762301106,1783076762317161,1783076762321259,1783076762321268,1783076762459800,1783076762492177,1783076762935653,1783076762993264
6,7,40,1783076763116579,1783076763132634,1783076763136727,1783076763136736,1783076763275565,1783076763305525,1783076763748853,1783076763806464
6,7,41,1783076763929785,1783076763945836,1783076763949948,1783076763949956,1783076764088780,1783076764121157,1783076764564564,1783076764622190
6,7,42,1783076764745503,1783076764761549,1783076764765657,1783076764765667,1783076764904508,1783076764936876,1783076765380260,1783076765437869
6,7,43,1783076765561189,1783076765577235,1783076765581345,1783076765581355,1783076765720230,1783076765752606,1783076766195949,1783076766253561
6,7,44,1783076766376882,1783076766392929,1783076766397042,1783076766397052,1783076766535832,1783076766568206,1783076767011589,1783076767069195
6,7,45,1783076767192510,1783076767208562,1783076767212664,1783076767212673,1783076767351463,1783076767383851,1783076767827188,1783076767884796
6,7,46,1783076768008104,1783076768024151,1783076768028244,1783076768028254,1783076768166850,1783076768199228,1783076768642618,1783076768700226
6,7,47,1783076768823537,1783076768839584,1783076768843692,1783076768843702,1783076768982503,1783076769014877,1783076769458278,1783076769515889
6,7,48,1783076769639220,1783076769655270,1783076769659376,1783076769659385,1783076769798186,1783076769830576,1783076770273996,1783076770331629
6,7,49,1783076770454968,1783076770471031,1783076770475131,1783076770475141,1783076770613564,1783076770645930,1783076771089324,1783076771146939
6,8,0,1783076771270252,1783076771286292,1783076771290390,1783076771290400,1783076771428972,1783076771461339,1783076771904658,1783076771962272
6,8,1,1783076772085573,1783076772101616,1783076772105725,1783076772105734,1783076772244533,1783076772276911,1783076772720314,1783076772777933
6,8,2,1783076772901245,1783076772917305,1783076772921400,1783076772921409,1783076773059790,1783076773092159,1783076773535498,1783076773593121
6,8,3,1783076773716455,1783076773732508,1783076773736619,1783076773736629,1783076773875580,1783076773907966,1783076774351360,1783076774408968
6,8,4,1783076774532293,1783076774548339,1783076774552438,1783076774552446,1783076774691366,1783076774723741,1783076775167099,1783076775224712
6,8,5,1783076775348015,1783076775364058,1783076775368159,1783076775368169,1783076775506562,1783076775538951,1783076775982304,1783076776039926
6,8,6,1783076776163225,1783076776179279,1783076776183392,1783076776183401,1783076776322159,1783076776354531,1783076776797910,1783076776855519
6,8,7,1783076776978818,1783076776994865,1783076776998958,1783076776998967,1783076777137538,1783076777169924,1783076777613307,1783076777670920
6,8,8,1783076777794238,1783076777810293,1783076777814392,1783076777814401,1783076777953271,1783076777985657,1783076778429018,1783076778486630
6,8,9,1783076778609946,1783076778626011,1783076778630105,1783076778630115,1783076778768820,1783076778801207,1783076779244579,1783076779302190
6,8,10,1783076779425511,1783076779441565,1783076779445667,1783076779445677,1783076779584383,1783076779616770,1783076780060146,1783076780117757
6,8,11,1783076780241056,1783076780257099,1783076780261190,1783076780261198,1783076780399969,1783076780432348,1783076780875740,1783076780933347
6,8,12,1783076781056667,1783076781072729,1783076781076827,1783076781076836,1783076781215606,1783076781247976,1783076781691366,1783076781748975
6,8,13,1783076781872299,1783076781888353,1783076781892454,1783076781892463,1783076782031209,1783076782063595,1783076782506913,1783076782564535
6,8,14,1783076782687850,1783076782703898,1783076782708015,1783076782708024,1783076782846777,1783076782879149,1783076783322568,1783076783380200
6,8,15,1783076783503506,1783076783519564,1783076783523668,1783076783523677,1783076783662606,1783076783694998,1783076784138320,1783076784196229
6,8,16,1783076784319538,1783076784335594,1783076784339705,1783076784339714,1783076784478270,1783076784510678,1783076784954067,1783076785011698
6,8,17,1783076785135007,1783076785151058,1783076785155153,1783076785155162,1783076785293671,1783076785326057,1783076785769452,1783076785827068
6,8,18,1783076785950386,1783076785966439,1783076785970536,1783076785970546,1783076786108803,1783076786141179,1783076786584564,1783076786642172
6,8,19,1783076786765484,1783076786781532,1783076786785643,1783076786785652,1783076786924440,1783076786956812,1783076787400200,1783076787457805
6,8,20,1783076787581126,1783076787597174,1783076787601285,1783076787601295,1783076787740035,1783076787772411,1783076788215766,1783076788273370
6,8,21,1783076788396677,1783076788412726,1783076788416820,1783076788416828,1783076788555405,1783076788587783,1783076789031193,1783076789088804
6,8,22,1783076789212148,1783076789228206,1783076789232302,1783076789232311,1783076789371096,1783076789403482,1783076789846915,1783076789904528
6,8,23,1783076790027846,1783076790043911,1783076790048010,1783076790048019,1783076790186786,1783076790219145,1783076790662532,1783076790720146
6,8,24,1783076790843464,1783076790859507,1783076790863605,1783076790863615,1783076791002362,1783076791034731,1783076791478131,1783076791535748
6,8,25,1783076791659052,1783076791675097,1783076791679206,1783076791679215,1783076791817954,1783076791850329,1783076792293679,1783076792351286
6,8,26,1783076792474588,1783076792490637,1783076792494748,1783076792494756,1783076792633561,1783076792665943,1783076793109318,1783076793166929
6,8,27,1783076793290249,1783076793306305,1783076793310403,1783076793310412,1783076793449189,1783076793481570,1783076793924926,1783076793982540
6,8,28,1783076794105854,1783076794121913,1783076794126008,1783076794126018,1783076794264668,1783076794297056,1783076794740447,1783076794798056
6,8,29,1783076794921373,1783076794937421,1783076794941532,1783076794941541,1783076795080344,1783076795112718,1783076795556097,1783076795613704
6,8,30,1783076795737026,1783076795753088,1783076795757183,1783076795757192,1783076795895916,1783076795928291,1783076796371577,1783076796429180
6,8,31,1783076796552506,1783076796568553,1783076796572664,1783076796572673,1783076796711401,1783076796743779,1783076797187179,1783076797245091
6,8,32,1783076797368404,1783076797384452,1783076797388548,1783076797388557,1783076797527318,1783076797559719,1783076798003081,1783076798060707
6,8,33,1783076798184008,1783076798200051,1783076798204152,1783076798204162,1783076798342990,1783076798375374,1783076798818674,1783076798876282
6,8,34,1783076798999597,1783076799015643,1783076799019752,1783076799019761,1783076799158569,1783076799190961,1783076799634377,1783076799691995
6,8,35,1783076799815291,1783076799831342,1783076799835442,1783076799835452,1783076799974197,1783076800006583,1783076800449933,1783076800507541
6,8,36,1783076800630868,1783076800646916,1783076800651013,1783076800651022,1783076800789537,1783076800821911,1783076801265256,1783076801322867
6,8,37,1783076801446179,1783076801462228,1783076801466328,1783076801466338,1783076801604798,1783076801637179,1783076802080452,1783076802138070
6,8,38,1783076802261372,1783076802277420,1783076802281520,1783076802281530,1783076802420294,1783076802452676,1783076802896061,1783076802953672
6,8,39,1783076803076992,1783076803093038,1783076803097146,1783076803097155,1783076803235947,1783076803268330,1783076803711628,1783076803769240
6,8,40,1783076803892557,1783076803908603,1783076803912701,1783076803912711,1783076804051491,1783076804083866,1783076804527275,1783076804584886
6,8,41,1783076804708203,1783076804724248,1783076804728359,1783076804728368,1783076804867187,1783076804899569,1783076805342984,1783076805400593
6,8,42,1783076805523915,1783076805539964,1783076805544079,1783076805544089,1783076805682515,1783076805714890,1783076806158272,1783076806215880
6,8,43,1783076806339191,1783076806355244,1783076806359354,1783076806359363,1783076806497915,1783076806530307,1783076806973729,1783076807031342
6,8,44,1783076807154671,1783076807170713,1783076807174814,1783076807174823,1783076807313618,1783076807346001,1783076807789320,1783076807846945
6,8,45,1783076807970256,1783076807986303,1783076807990402,1783076807990411,1783076808129176,1783076808161546,1783076808604918,1783076808662535
6,8,46,1783076808785837,1783076808801885,1783076808806003,1783076808806012,1783076808944597,1783076808976983,1783076809420373,1783076809477999
6,8,47,1783076809601329,1783076809617391,1783076809621507,1783076809621516,1783076809760364,1783076809792740,1783076810236097,1783076810293703
6,8,48,1783076810417026,1783076810433074,1783076810437181,1783076810437190,1783076810575578,1783076810607956,1783076811051328,1783076811108935
6,8,49,1783076811232254,1783076811248306,1783076811252414,1783076811252423,1783076811390956,1783076811423333,1783076811866745,1783076811924354
6,9,0,1783076812047665,1783076812063708,1783076812067824,1783076812067833,1783076812206554,1783076812238936,1783076812682315,1783076812739922
6,9,1,1783076812863237,1783076812879281,1783076812883391,1783076812883399,1783076813022215,1783076813054593,1783076813497999,1783076813555914
6,9,2,1783076813679228,1783076813695278,1783076813699376,1783076813699385,1783076813838153,1783076813870537,1783076814313931,1783076814371549
6,9,3,1783076814494864,1783076814510911,1783076814515009,1783076814515018,1783076814653816,1783076814686197,1783076815129539,1783076815187144
6,9,4,1783076815310459,1783076815326509,1783076815330615,1783076815330624,1783076815469299,1783076815501673,1783076815945078,1783076816002705
6,9,5,1783076816126010,1783076816142060,1783076816146172,1783076816146182,1783076816284813,1783076816317193,1783076816760608,1783076816818218
6,9,6,1783076816941527,1783076816957575,1783076816961684,1783076816961694,1783076817100362,1783076817132738,1783076817576149,1783076817633770
6,9,7,1783076817757086,1783076817773135,1783076817777242,1783076817777251,1783076817915837,1783076817948226,1783076818391615,1783076818449222
6,9,8,1783076818572549,1783076818588593,1783076818592691,1783076818592701,1783076818731500,1783076818763879,1783076819207274,1783076819264885
6,9,9,1783076819388192,1783076819404243,1783076819408356,1783076819408366,1783076819547242,1783076819579614,1783076820023027,1783076820080635
6,9,10,1783076820203947,1783076820219989,1783076820224101,1783076820224110,1783076820362961,1783076820395325,1783076820838678,1783076820896296
6,9,11,1783076821019612,1783076821035663,1783076821039773,1783076821039782,1783076821178353,1783076821210729,1783076821654147,1783076821711773
6,9,12,1783076821835087,1783076821851151,1783076821855247,1783076821855257,1783076821994063,1783076822026449,1783076822469754,1783076822527369
6,9,13,1783076822650675,1783076822666722,1783076822670820,1783076822670829,1783076822809698,1783076822842063,1783076823285417,1783076823343038
6,9,14,1783076823466360,1783076823482403,1783076823486499,1783076823486509,1783076823624972,1783076823657345,1783076824100752,1783076824158367
6,9,15,1783076824281669,1783076824297716,1783076824301828,1783076824301837,1783076824440422,1783076824472800,1783076824916209,1783076824973826
6,9,16,1783076825097176,1783076825113237,1783076825117351,1783076825117360,1783076825255763,1783076825288141,1783076825731526,1783076825789150
6,9,17,1783076825912462,1783076825928517,1783076825932628,1783076825932638,1783076826071467,1783076826103838,1783076826547227,1783076826604839
6,9,18,1783076826728146,1783076826744200,1783076826748297,1783076826748305,1783076826887067,1783076826919449,1783076827362762,1783076827420375
6,9,19,1783076827543675,1783076827559727,1783076827563826,1783076827563835,1783076827702516,1783076827734889,1783076828178190,1783076828235818
6,9,20,1783076828359130,1783076828375183,1783076828379295,1783076828379304,1783076828518091,1783076828550477,1783076828993845,1783076829051477
6,9,21,1783076829174793,1783076829190844,1783076829194955,1783076829194965,1783076829333765,1783076829366142,1783076829809500,1783076829867114
6,9,22,1783076829990433,1783076830006488,1783076830010611,1783076830010621,1783076830149315,1783076830181691,1783076830625111,1783076830682715
6,9,23,1783076830806044,1783076830822098,1783076830826211,1783076830826221,1783076830964639,1783076830997018,1783076831440385,1783076831497995
6,9,24,1783076831621308,1783076831637360,1783076831641471,1783076831641479,1783076831780405,1783076831812780,1783076832256134,1783076832313740
6,9,25,1783076832437058,1783076832453105,1783076832457215,1783076832457225,1783076832595999,1783076832628388,1783076833071755,1783076833129364
6,9,26,1783076833252687,1783076833268744,1783076833272857,1783076833272866,1783076833411661,1783076833444051,1783076833887414,1783076833945029
6,9,27,1783076834068340,1783076834084393,1783076834088511,1783076834088521,1783076834226885,1783076834259267,1783076834702644,1783076834760261
6,9,28,1783076834883567,1783076834899611,1783076834903719,1783076834903727,1783076835042477,1783076835074857,1783076835518211,1783076835575829
6,9,29,1783076835699138,1783076835715190,1783076835719296,1783076835719305,1783076835858213,1783076835890589,1783076836333960,1783076836391596
6,9,30,1783076836514917,1783076836530966,1783076836535062,1783076836535071,1783076836673782,1783076836706161,1783076837149554,1783076837207161
6,9,31,1783076837330476,1783076837346523,1783076837350617,1783076837350627,1783076837489297,1783076837521690,1783076837965143,1783076838022766
6,9,32,1783076838146077,1783076838162130,1783076838166222,1783076838166230,1783076838305079,1783076838337462,1783076838780862,1783076838838469
6,9,33,1783076838961788,1783076838977834,1783076838981934,1783076838981943,1783076839120495,1783076839152867,1783076839596259,1783076839653878
6,9,34,1783076839777201,1783076839793246,1783076839797341,1783076839797350,1783076839936162,1783076839968537,1783076840411863,1783076840469481
6,9,35,1783076840592818,1783076840608872,1783076840612969,1783076840612978,1783076840751764,1783076840784154,1783076841227515,1783076841285122
6,9,36,1783076841408438,1783076841424490,1783076841428598,1783076841428607,1783076841567299,1783076841599690,1783076842043049,1783076842100669
6,9,37,1783076842223973,1783076842240023,1783076842244119,1783076842244129,1783076842382917,1783076842415304,1783076842858630,1783076842916238
6,9,38,1783076843039550,1783076843055603,1783076843059708,1783076843059717,1783076843198145,1783076843230512,1783076843673916,1783076843731526
6,9,39,1783076843854835,1783076843870888,1783076843875002,1783076843875011,1783076844013862,1783076844046247,1783076844489593,1783076844547206
6,9,40,1783076844670533,1783076844686579,1783076844690694,1783076844690703,1783076844829252,1783076844861637,1783076845304929,1783076845362535
6,9,41,1783076845485847,1783076845501898,1783076845505991,1783076845506000,1783076845644872,1783076845677265,1783076846120600,1783076846178210
6,9,42,1783076846301516,1783076846317568,1783076846321678,1783076846321687,1783076846460495,1783076846492870,1783076846936294,1783076846993906
6,9,43,1783076847117217,1783076847133272,1783076847137379,1783076847137387,1783076847276194,1783076847308571,1783076847751877,1783076847809488
6,9,44,1783076847932806,1783076847948863,1783076847952959,1783076847952968,1783076848091781,1783076848124162,1783076848567557,1783076848625163
6,9,45,1783076848748474,1783076848764528,1783076848768627,1783076848768637,1783076848907517,1783076848939899,1783076849383291,1783076849440903
6,9,46,1783076849564229,1783076849580273,1783076849584366,1783076849584374,1783076849722998,1783076849755385,1783076850198654,1783076850256274
6,9,47,1783076850379576,1783076850395623,1783076850399726,1783076850399737,1783076850538469,1783076850570838,1783076851014250,1783076851071878
6,9,48,1783076851195185,1783076851211232,1783076851215328,1783076851215337,1783076851354039,1783076851386429,1783076851829784,1783076851887395
6,9,49,1783076852010707,1783076852026763,1783076852030876,1783076852030884,1783076852169641,1783076852202019,1783076852645358,1783076852702968
7,0,0,1783076869963706,1783076869979786,1783076869984552,1783076869984560,1783076870143940,1783076870178210,1783076870625169,1783076870682766
7,0,1,1783076870807385,1783076870823461,1783076870828232,1783076870828240,1783076870987629,1783076871021900,1783076871468940,1783076871526559
7,0,2,1783076871651121,1783076871667195,1783076871671962,1783076871671971,1783076871831855,1783076871866120,1783076872313097,1783076872370699
7,0,3,1783076872495313,1783076872511385,1783076872516154,1783076872516163,1783076872675936,1783076872710203,1783076873157160,1783076873214757
7,0,4,1783076873339329,1783076873355402,1783076873360169,1783076873360177,1783076873519866,1783076873554126,1783076874001099,1783076874058697
7,0,5,1783076874183268,1783076874199346,1783076874204113,1783076874204122,1783076874363822,1783076874398076,1783076874845029,1783076874902634
7,0,6,1783076875027198,1783076875043269,1783076875048037,1783076875048046,1783076875207502,1783076875241758,1783076875688685,1783076875746281
7,0,7,1783076875870860,1783076875886931,1783076875891699,1783076875891707,1783076876051446,1783076876085715,1783076876532753,1783076876590369
7,0,8,1783076876714935,1783076876731016,1783076876735784,1783076876735792,1783076876895605,1783076876929879,1783076877376864,1783076877434459
7,0,9,1783076877559047,1783076877575119,1783076877579886,1783076877579894,1783076877739132,1783076877773399,1783076878220420,1783076878278018
7,0,10,1783076878402585,1783076878418655,1783076878423420,1783076878423428,1783076878582855,1783076878617122,1783076879064156,1783076879121756
7,0,11,1783076879246356,1783076879262428,1783076879267196,1783076879267204,1783076879426992,1783076879461285,1783076879908135,1783076879965738
7,0,12,1783076880090314,1783076880106402,1783076880111172,1783076880111181,1783076880270922,1783076880305191,1783076880752075,1783076880809682
7,0,13,1783076880934250,1783076880950323,1783076880955091,1783076880955099,1783076881115033,1783076881149290,1783076881596238,1783076881653850
7,0,14,1783076881778398,1783076881794478,1783076881799247,1783076881799255,1783076881959068,1783076881993339,1783076882440332,1783076882497948
7,0,15,1783076882622516,1783076882638607,1783076882643376,1783076882643385,1783076882803256,1783076882837515,1783076883284471,1783076883342104
7,0,16,1783076883466675,1783076883482748,1783076883487528,1783076883487538,1783076883647276,1783076883681563,1783076884128659,1783076884186296
7,0,17,1783076884311015,1783076884327106,1783076884331897,1783076884331905,1783076884491652,1783076884525889,1783076884972832,1783076885030966
7,0,18,1783076885155626,1783076885171717,1783076885176485,1783076885176493,1783076885336476,1783076885370738,1783076885817669,1783076885875267
7,0,19,1783076885999849,1783076886015932,1783076886020707,1783076886020716,1783076886180092,1783076886214348,1783076886661329,1783076886718926
7,0,20,1783076886843480,1783076886859567,1783076886864336,1783076886864345,1783076887024268,1783076887058519,1783076887505401,1783076887562996
7,0,21,1783076887687541,1783076887703622,1783076887708400,1783076887708409,1783076887868206,1783076887902465,1783076888349392,1783076888406987
7,0,22,1783076888531612,1783076888547696,1783076888552477,1783076888552486,1783076888712307,1783076888746569,1783076889193481,1783076889251084
7,0,23,1783076889375661,1783076889391750,1783076889396518,1783076889396527,1783076889556376,1783076889590648,1783076890037590,1783076890095185
7,0,24,1783076890219755,1783076890235839,1783076890240620,1783076890240630,1783076890400420,1783076890434687,1783076890881697,1783076890939296
7,0,25,1783076891063852,1783076891079949,1783076891084718,1783076891084727,1783076891244549,1783076891278815,1783076891725783,1783076891783374
7,0,26,1783076891907974,1783076891924054,1783076891928822,1783076891928831,1783076892088685,1783076892122950,1783076892569928,1783076892627527
7,0,27,1783076892752099,1783076892768181,1783076892772949,1783076892772958,1783076892932774,1783076892967029,1783076893414009,1783076893471629
7,0,28,1783076893596201,1783076893612285,1783076893617057,1783076893617065,1783076893776849,1783076893811144,1783076894264233,1783076894321850
7,0,29,1783076894446452,1783076894462536,1783076894467318,1783076894467327,1783076894627119,1783076894661385,1783076895108349,1783076895165946
7,0,30,1783076895290530,1783076895306622,1783076895311393,1783076895311401,1783076895471252,1783076895505522,1783076895952505,1783076896010103
7,0,31,1783076896134681,1783076896150765,1783076896155542,1783076896155552,1783076896314872,1783076896349141,1783076896796162,1783076896853765
7,0,32,1783076896978342,1783076896994417,1783076896999186,1783076896999194,1783076897159160,1783076897193423,1783076897640409,1783076897698013
7,0,33,1783076897822581,1783076897838652,1783076897843419,1783076897843427,1783076898003433,1783076898037707,1783076898484660,1783076898542295
7,0,34,1783076898666648,1783076898682740,1783076898687509,1783076898687517,1783076898847270,1783076898881505,1783076899328341,1783076899385938
7,0,35,1783076899510506,1783076899526596,1783076899531370,1783076899531380,1783076899691167,1783076899725451,1783076900172400,1783076900229998
7,0,36,1783076900354576,1783076900370653,1783076900375441,1783076900375451,1783076900535529,1783076900569794,1783076901016752,1783076901074347
7,0,37,1783076901198902,1783076901214980,1783076901219750,1783076901219759,1783076901379266,1783076901413541,1783076901860509,1783076901918124
7,0,38,1783076902042689,1783076902058763,1783076902063530,1783076902063539,1783076902223414,1783076902257686,1783076902704648,1783076902762256
7,0,39,1783076902886838,1783076902902919,1783076902907691,1783076902907700,1783076903067331,1783076903101613,1783076903548539,1783076903606146
7,0,40,1783076903730730,1783076903746810,1783076903751582,1783076903751591,1783076903911401,1783076903945664,1783076904392605,1783076904450223
7,0,41,1783076904574824,1783076904590913,1783076904595687,1783076904595697,1783076904755637,1783076904789909,1783076905236793,1783076905294392
7,0,42,1783076905418955,1783076905435045,1783076905439824,1783076905439833,1783076905599688,1783076905633965,1783076906080913,1783076906138526
7,0,43,1783076906263073,1783076906279162,1783076906283947,1783076906283956,1783076906443819,1783076906478081,1783076906925103,1783076906982708
7,0,44,1783076907107277,1783076907123380,1783076907128162,1783076907128171,1783076907288217,1783076907322479,1783076907769395,1783076907826998
7,0,45,1783076907951596,1783076907967672,1783076907972461,1783076907972471,1783076908132343,1783076908166621,1783076908613614,1783076908671231
7,0,46,1783076908795796,1783076908811872,1783076908816638,1783076908816646,1783076908976584,1783076909010852,1783076909457794,1783076909515413
7,0,47,1783076909640004,1783076909656084,1783076909660852,1783076909660861,1783076909820541,1783076909854818,1783076910301866,1783076910359468
7,0,48,1783076910484059,1783076910500156,1783076910504952,1783076910504963,1783076910664959,1783076910699222,1783076911146247,1783076911203851
7,0,49,1783076911328433,1783076911344511,1783076911349279,1783076911349288,1783076911509076,1783076911543346,1783076911990310,1783076912047912
7,1,0,1783076912172483,1783076912188578,1783076912193353,1783076912193362,1783076912353168,1783076912387430,1783076912834461,1783076912892069
7,1,1,1783076913016672,1783076913032753,1783076913037525,1783076913037533,1783076913197425,1783076913231701,1783076913678626,1783076913736228
7,1,2,1783076913860816,1783076913876912,1783076913881680,1783076913881689,1783076914041522,1783076914075799,1783076914522800,1783076914580421
7,1,3,1783076914704995,1783076914721069,1783076914725842,1783076914725852,1783076914885652,1783076914919930,1783076915366861,1783076915424460
7,1,4,1783076915549043,1783076915565124,1783076915569893,1783076915569901,1783076915729377,1783076915763656,1783076916210523,1783076916268121
7,1,5,1783076916392698,1783076916408778,1783076916413545,1783076916413553,1783076916573150,1783076916607417,1783076917054390,1783076917111996
7,1,6,1783076917236589,1783076917252676,1783076917257444,1783076917257452,1783076917416906,1783076917451172,1783076917898116,1783076917955716
7,1,7,1783076918080301,1783076918096375,1783076918101163,1783076918101173,1783076918260909,1783076918295174,1783076918742069,1783076918799671
7,1,8,1783076918924258,1783076918940336,1783076918945119,1783076918945128,1783076919105066,1783076919139326,1783076919586335,1783076919643947
7,1,9,1783076919768529,1783076919784608,1783076919789378,1783076919789386,1783076919949166,1783076919983441,1783076920430408,1783076920488005
7,1,10,1783076920612585,1783076920628664,1783076920633433,1783076920633442,1783076920793281,1783076920827563,1783076921274523,1783076921332129
7,1,11,1783076921456720,1783076921472795,1783076921477579,1783076921477587,1783076921637470,1783076921671745,1783076922118729,1783076922176332
7,1,12,1783076922300933,1783076922317012,1783076922321783,1783076922321794,1783076922481025,1783076922515330,1783076922962198,1783076923019819
7,1,13,1783076923144397,1783076923160471,1783076923165241,1783076923165249,1783076923325079,1783076923359357,1783076923806312,1783076923863920
7,1,14,1783076923988507,1783076924004585,1783076924009353,1783076924009362,1783076924169076,1783076924203350,1783076924650295,1783076924707901
7,1,15,1783076924832466,1783076924848547,1783076924853330,1783076924853339,1783076925013190,1783076925047475,1783076925494470,1783076925552089
7,1,16,1783076925676656,1783076925692728,1783076925697522,1783076925697531,1783076925857456,1783076925891723,1783076926338697,1783076926396301
7,1,17,1783076926520919,1783076926536997,1783076926541772,1783076926541782,1783076926701528,1783076926735794,1783076927182699,1783076927240311
7,1,18,1783076927364865,1783076927380946,1783076927385734,1783076927385742,1783076927545473,1783076927579747,1783076928026649,1783076928084251
7,1,19,1783076928208820,1783076928224906,1783076928229679,1783076928229689,1783076928389489,1783076928423763,1783076928870430,1783076928928031
7,1,20,1783076929052600,1783076929068686,1783076929073460,1783076929073469,1783076929232926,1783076929267203,1783076929714200,1783076929771807
7,1,21,1783076929896359,1783076929912443,1783076929917225,1783076929917234,1783076930077170,1783076930111443,1783076930558427,1783076930616041
7,1,22,1783076930740606,1783076930756685,1783076930761455,1783076930761464,1783076930921387,1783076930955666,1783076931402694,1783076931460298
7,1,23,1783076931584891,1783076931600996,1783076931605779,1783076931605787,1783076931765482,1783076931799750,1783076932246766,1783076932304379
7,1,24,1783076932428975,1783076932445054,1783076932449834,1783076932449843,1783076932609717,1783076932644000,1783076933090914,1783076933148529
7,1,25,1783076933273097,1783076933289169,1783076933293945,1783076933293954,1783076933453792,1783076933488053,1783076933934966,1783076933992583
7,1,26,1783076934117160,1783076934133238,1783076934138008,1783076934138018,1783076934297778,1783076934332047,1783076934779017,1783076934836623
7,1,27,1783076934961196,1783076934977267,1783076934982057,1783076934982066,1783076935141888,1783076935176157,1783076935623155,1783076935680761
7,1,28,1783076935805339,1783076935821427,1783076935826199,1783076935826208,1783076935986211,1783076936020478,1783076936467455,1783076936525077
7,1,29,1783076936649654,1783076936665736,1783076936670510,1783076936670519,1783076936830417,1783076936864688,1783076937311662,1783076937369264
7,1,30,1783076937493837,1783076937509934,1783076937514732,1783076937514741,1783076937674562,1783076937708838,1783076938155742,1783076938213343
7,1,31,1783076938337901,1783076938353980,1783076938358752,1783076938358761,1783076938518631,1783076938552898,1783076938999873,1783076939057474
7,1,32,1783076939182060,1783076939198154,1783076939202943,1783076939202953,1783076939362810,1783076939397087,1783076939844060,1783076939901676
7,1,33,1783076940026247,1783076940042324,1783076940047091,1783076940047100,1783076940206627,1783076940240896,1783076940687949,1783076940745549
7,1,34,1783076940870139,1783076940886215,1783076940890992,1783076940891001,1783076941050887,1783076941085155,1783076941532102,1783076941589712
7,1,35,1783076941714306,1783076941730401,1783076941735187,1783076941735196,1783076941894978,1783076941929246,1783076942376227,1783076942433833
7,1,36,1783076942558435,1783076942574512,1783076942579286,1783076942579295,1783076942739129,1783076942773401,1783076943220374,1783076943277976
7,1,37,1783076943402539,1783076943418624,1783076943423394,1783076943423404,1783076943583282,1783076943617548,1783076944064509,1783076944122112
7,1,38,1783076944246702,1783076944262785,1783076944267553,1783076944267563,1783076944427462,1783076944461730,1783076944908731,1783076944966332
7,1,39,1783076945090907,1783076945107002,1783076945111787,1783076945111796,1783076945271372,1783076945305661,1783076945752644,1783076945810250
7,1,40,1783076945934829,1783076945950918,1783076945955703,1783076945955711,1783076946115397,1783076946149666,1783076946596696,1783076946654301
7,1,41,1783076946778886,1783076946794979,1783076946799754,1783076946799763,1783076946959298,1783076946993581,1783076947440439,1783076947498058
7,1,42,1783076947622638,1783076947638707,1783076947643490,1783076947643498,1783076947803319,1783076947837589,1783076948284601,1783076948342206
7,1,43,1783076948466781,1783076948482868,1783076948487652,1783076948487663,1783076948647700,1783076948681974,1783076949128906,1783076949186504
7,1,44,1783076949311072,1783076949327149,1783076949331919,1783076949331927,1783076949491314,1783076949525598,1783076949972547,1783076950030149
7,1,45,1783076950154741,1783076950170835,1783076950175617,1783076950175626,1783076950335229,1783076950369497,1783076950816461,1783076950874067
7,1,46,1783076950998646,1783076951014727,1783076951019512,1783076951019522,1783076951179617,1783076951213897,1783076951660799,1783076951718400
7,1,47,1783076951842988,1783076951859071,1783076951863840,1783076951863849,1783076952023361,1783076952057628,1783076952504583,1783076952562203
7,1,48,1783076952686783,1783076952702864,1783076952707635,1783076952707644,1783076952867335,1783076952901611,1783076953348638,1783076953406239
7,1,49,1783076953530805,1783076953546895,1783076953551678,1783076953551687,1783076953711389,1783076953745663,1783076954192658,1783076954250258
7,2,0,1783076954374834,1783076954390923,1783076954395708,1783076954395716,1783076954555624,1783076954589908,1783076955036913,1783076955094516
7,2,1,1783076955219106,1783076955235181,1783076955239957,1783076955239966,1783076955399825,1783076955434127,1783076955881070,1783076955938689
7,2,2,1783076956063271,1783076956079347,1783076956084127,1783076956084136,1783076956243619,1783076956277892,1783076956724830,1783076956782431
7,2,3,1783076956906995,1783076956923084,1783076956927856,1783076956927865,1783076957087754,1783076957122027,1783076957568962,1783076957626562
7,2,4,1783076957751152,1783076957767248,1783076957772020,1783076957772030,1783076957931652,1783076957965933,1783076958412828,1783076958470441
7,2,5,1783076958595025,1783076958611104,1783076958615890,1783076958615898,1783076958775812,1783076958810088,1783076959257058,1783076959314657
7,2,6,1783076959439230,1783076959455307,1783076959460089,1783076959460099,1783076959619912,1783076959654169,1783076960101116,1783076960158717
7,2,7,1783076960283276,1783076960299351,1783076960304131,1783076960304140,1783076960463885,1783076960498158,1783076960945198,1783076961002802
7,2,8,1783076961127388,1783076961143475,1783076961148259,1783076961148268,1783076961308328,1783076961342589,1783076961789488,1783076961847090
7,2,9,1783076961971673,1783076961987772,1783076961992561,1783076961992569,1783076962152299,1783076962186577,1783076962633617,1783076962691219
7,2,10,1783076962815768,1783076962831869,1783076962836671,1783076962836682,1783076962996605,1783076963030874,1783076963477890,1783076963535809
7,2,11,1783076963660379,1783076963676477,1783076963681264,1783076963681274,1783076963840745,1783076963875022,1783076964322008,1783076964379605
7,2,12,1783076964504177,1783076964520287,1783076964525067,1783076964525076,1783076964684378,1783076964718643,1783076965165604,1783076965223207
7,2,13,1783076965347801,1783076965363887,1783076965368674,1783076965368683,1783076965528278,1783076965562546,1783076966009514,1783076966067113
7,2,14,1783076966191700,1783076966207787,1783076966212561,1783076966212571,1783076966372376,1783076966406633,1783076966853588,1783076966911187
7,2,15,1783076967035758,1783076967051839,1783076967056615,1783076967056624,1783076967216495,1783076967250759,1783076967697730,1783076967755326
7,2,16,1783076967879901,1783076967895978,1783076967900747,1783076967900756,1783076968060578,1783076968094836,1783076968541828,1783076968599431
7,2,17,1783076968724007,1783076968740099,1783076968744868,1783076968744876,1783076968904746,1783076968939020,1783076969385924,1783076969443522
7,2,18,1783076969568144,1783076969584221,1783076969588990,1783076969588999,1783076969748892,1783076969783163,1783076970230186,1783076970287788
7,2,19,1783076970412379,1783076970428470,1783076970433257,1783076970433266,1783076970592737,1783076970627009,1783076971073980,1783076971131582
7,2,20,1783076971256157,1783076971272240,1783076971277009,1783076971277018,1783076971436689,1783076971470968,1783076971917925,1783076971975542
7,2,21,1783076972100116,1783076972116206,1783076972120977,1783076972120985,1783076972280928,1783076972315211,1783076972762241,1783076972819838
7,2,22,1783076972944409,1783076972960486,1783076972965269,1783076972965279,1783076973125061,1783076973159325,1783076973606331,1783076973663935
7,2,23,1783076973788514,1783076973804602,1783076973809371,1783076973809380,1783076973969311,1783076974003586,1783076974450559,1783076974508180
7,2,24,1783076974632784,1783076974648867,1783076974653644,1783076974653652,1783076974813112,1783076974847387,1783076975294283,1783076975351886
7,2,25,1783076975476456,1783076975492542,1783076975497323,1783076975497333,1783076975657272,1783076975691531,1783076976138531,1783076976196140
7,2,26,1783076976320712,1783076976336778,1783076976341550,1783076976341558,1783076976501426,1783076976535705,1783076976982717,1783076977040323
7,2,27,1783076977164907,1783076977180994,1783076977185786,1783076977185796,1783076977345716,1783076977379985,1783076977826926,1783076977884536
7,2,28,1783076978009085,1783076978025173,1783076978029943,1783076978029952,1783076978189462,1783076978223733,1783076978670674,1783076978728281
7,2,29,1783076978852828,1783076978868903,1783076978873674,1783076978873683,1783076979033405,1783076979067689,1783076979514715,1783076979572320
7,2,30,1783076979696901,1783076979712983,1783076979717757,1783076979717766,1783076979877551,1783076979911827,1783076980358745,1783076980416342
7,2,31,1783076980540915,1783076980556996,1783076980561768,1783076980561777,1783076980721523,1783076980755798,1783076981202714,1783076981260312
7,2,32,1783076981384893,1783076981400982,1783076981405764,1783076981405772,1783076981565604,1783076981599871,1783076982046779,1783076982104378
7,2,33,1783076982228953,1783076982245026,1783076982249806,1783076982249815,1783076982409653,1783076982443932,1783076982890919,1783076982948519
7,2,34,1783076983073108,1783076983089187,1783076983093954,1783076983093962,1783076983253715,1783076983287994,1783076983734998,1783076983792604
7,2,35,1783076983917186,1783076983933280,1783076983938051,1783076983938059,1783076984097983,1783076984132234,1783076984579245,1783076984636849
7,2,36,1783076984761426,1783076984777499,1783076984782269,1783076984782278,1783076984942339,1783076984976598,1783076985423568,1783076985481188
7,2,37,1783076985605777,1783076985621855,1783076985626643,1783076985626651,1783076985786534,1783076985820805,1783076986267774,1783076986325374
7,2,38,1783076986449941,1783076986466025,1783076986470799,1783076986470808,1783076986630896,1783076986665158,1783076987112095,1783076987169702
7,2,39,1783076987294298,1783076987310390,1783076987315158,1783076987315167,1783076987474779,1783076987509081,1783076987955985,1783076988013588
7,2,40,1783076988138166,1783076988154239,1783076988159021,1783076988159030,1783076988318481,1783076988352756,1783076988799808,1783076988857411
7,2,41,1783076988982000,1783076988998112,1783076989002888,1783076989002897,1783076989162590,1783076989196856,1783076989643804,1783076989701408
7,2,42,1783076989826004,1783076989842108,1783076989846882,1783076989846893,1783076990006649,1783076990040924,1783076990487933,1783076990545555
7,2,43,1783076990670153,1783076990686227,1783076990691006,1783076990691015,1783076990850786,1783076990885049,1783076991332014,1783076991389619
7,2,44,1783076991514260,1783076991530336,1783076991535108,1783076991535116,1783076991694431,1783076991728686,1783076992175698,1783076992233297
7,2,45,1783076992357881,1783076992373948,1783076992378719,1783076992378729,1783076992538529,1783076992572797,1783076993019785,1783076993077391
7,2,46,1783076993201965,1783076993218060,1783076993222833,1783076993222842,1783076993382171,1783076993416423,1783076993863438,1783076993921046
7,2,47,1783076994045622,1783076994061720,1783076994066492,1783076994066501,1783076994226365,1783076994260628,1783076994707639,1783076994765237
7,2,48,1783076994889832,1783076994905908,1783076994910686,1783076994910695,1783076995070494,1783076995104769,1783076995551764,1783076995609374
7,2,49,1783076995733965,1783076995750039,1783076995754820,1783076995754829,1783076995914533,1783076995948798,1783076996395792,1783076996453408
7,3,0,1783076996578005,1783076996594087,1783076996598874,1783076996598883,1783076996758460,1783076996792734,1783076997239728,1783076997297325
7,3,1,1783076997421886,1783076997437958,1783076997442735,1783076997442744,1783076997602606,1783076997636878,1783076998083842,1783076998141438
7,3,2,1783076998266029,1783076998282146,1783076998286922,1783076998286932,1783076998446270,1783076998480524,1783076998927579,1783076998985184
7,3,3,1783076999109761,1783076999125834,1783076999130610,1783076999130619,1783076999290680,1783076999324956,1783076999771852,1783076999829458
7,3,4,1783076999954040,1783076999970124,1783076999974894,1783076999974903,1783077000134775,1783077000169034,1783077000616036,1783077000673639
7,3,5,1783077000798221,1783077000814299,1783077000819066,1783077000819074,1783077000978958,1783077001013239,1783077001460209,1783077001517826
7,3,6,1783077001642429,1783077001658508,1783077001663279,1783077001663288,1783077001823183,1783077001857462,1783077002304468,1783077002362068
7,3,7,1783077002486645,1783077002502735,1783077002507517,1783077002507526,1783077002667198,1783077002701475,1783077003148486,1783077003206089
7,3,8,1783077003330675,1783077003346753,1783077003351543,1783077003351554,1783077003511329,1783077003545595,1783077003992587,1783077004050193
7,3,9,1783077004174761,1783077004190829,1783077004195606,1783077004195614,1783077004355570,1783077004389835,1783077004836816,1783077004894421
7,3,10,1783077005018991,1783077005035065,1783077005039851,1783077005039860,1783077005199810,1783077005234081,1783077005681034,1783077005738629
7,3,11,1783077005863211,1783077005879288,1783077005884067,1783077005884076,1783077006043802,1783077006078081,1783077006525145,1783077006582751
7,3,12,1783077006707334,1783077006723414,1783077006728187,1783077006728196,1783077006887592,1783077006921872,1783077007368897,1783077007426496
7,3,13,1783077007551085,1783077007567160,1783077007571945,1783077007571954,1783077007731705,1783077007765968,1783077008212904,1783077008270504
7,3,14,1783077008395097,1783077008411174,1783077008415947,1783077008415956,1783077008575903,1783077008610180,1783077009057171,1783077009114774
7,3,15,1783077009239356,1783077009255430,1783077009260202,1783077009260210,1783077009419852,1783077009454125,1783077009901076,1783077009958680
7,3,16,1783077010083260,1783077010099353,1783077010104130,1783077010104139,1783077010264230,1783077010298489,1783077010745349,1783077010802950
7,3,17,1783077010927512,1783077010943600,1783077010948372,1783077010948381,1783077011107893,1783077011142161,1783077011589105,1783077011646707
7,3,18,1783077011771290,1783077011787403,1783077011792187,1783077011792196,1783077011951688,1783077011985953,1783077012432942,1783077012490540
7,3,19,1783077012615138,1783077012631216,1783077012635984,1783077012635992,1783077012795833,1783077012830122,1783077013277043,1783077013334645
7,3,20,1783077013459227,1783077013475307,1783077013480074,1783077013480083,1783077013639850,1783077013674127,1783077014121098,1783077014178703
7,3,21,1783077014303290,1783077014319380,1783077014324155,1783077014324163,1783077014484078,1783077014518376,1783077014965352,1783077015022952
7,3,22,1783077015147539,1783077015163621,1783077015168395,1783077015168404,1783077015328363,1783077015362638,1783077015809574,1783077015867181
7,3,23,1783077015991766,1783077016007837,1783077016012610,1783077016012619,1783077016172289,1783077016206566,1783077016653526,1783077016711136
7,3,24,1783077016835721,1783077016851793,1783077016856571,1783077016856580,1783077017016452,1783077017050717,1783077017497681,1783077017555304
7,3,25,1783077017679898,1783077017695975,1783077017700756,1783077017700766,1783077017860745,1783077017895009,1783077018341993,1783077018399595
7,3,26,1783077018521465,1783077018537554,1783077018542352,1783077018542363,1783077018702249,1783077018736500,1783077019183438,1783077019241042
7,3,27,1783077019365589,1783077019381666,1783077019386437,1783077019386446,1783077019546290,1783077019580567,1783077020027556,1783077020085158
7,3,28,1783077020209762,1783077020225834,1783077020230614,1783077020230624,1783077020390420,1783077020424692,1783077020871661,1783077020929260
7,3,29,1783077021053823,1783077021069906,1783077021074675,1783077021074683,1783077021234659,1783077021268925,1783077021715907,1783077021773503
7,3,30,1783077021898083,1783077021914177,1783077021918963,1783077021918973,1783077022078317,1783077022112585,1783077022559561,1783077022617183
7,3,31,1783077022741762,1783077022757836,1783077022762602,1783077022762610,1783077022922466,1783077022956744,1783077023403789,1783077023461395
7,3,32,1783077023585970,1783077023602062,1783077023606841,1783077023606851,1783077023766792,1783077023801063,1783077024248010,1783077024305612
7,3,33,1783077024430195,1783077024446270,1783077024451060,1783077024451069,1783077024610683,1783077024644958,1783077025091877,1783077025149472
7,3,34,1783077025274031,1783077025290123,1783077025294892,1783077025294902,1783077025454253,1783077025488507,1783077025935435,1783077025993095
7,3,35,1783077026117672,1783077026133746,1783077026138550,1783077026138560,1783077026298166,1783077026332441,1783077026779420,1783077026837026
7,3,36,1783077026961579,1783077026977653,1783077026982420,1783077026982428,1783077027142199,1783077027176476,1783077027623453,1783077027681060
7,3,37,1783077027805628,1783077027821702,1783077027826477,1783077027826486,1783077027986309,1783077028020563,1783077028467509,1783077028525135
7,3,38,1783077028649733,1783077028665811,1783077028670597,1783077028670606,1783077028830227,1783077028864480,1783077029311450,1783077029369050
7,3,39,1783077029493651,1783077029509740,1783077029514529,1783077029514538,1783077029674305,1783077029708575,1783077030155467,1783077030213075
7,3,40,1783077030337664,1783077030353738,1783077030358525,1783077030358535,1783077030518266,1783077030552532,1783077030999461,1783077031057073
7,3,41,1783077031181650,1783077031197723,1783077031202503,1783077031202512,1783077031362344,1783077031396625,1783077031843661,1783077031901264
7,3,42,1783077032025851,1783077032041939,1783077032046730,1783077032046739,1783077032206183,1783077032240466,1783077032687358,1783077032744963
7,3,43,1783077032869553,1783077032885629,1783077032890409,1783077032890418,1783077033050256,1783077033084539,1783077033531401,1783077033589018
7,3,44,1783077033713568,1783077033729639,1783077033734422,1783077033734431,1783077033894388,1783077033928661,1783077034375622,1783077034433223
7,3,45,1783077034557820,1783077034573906,1783077034578693,1783077034578702,1783077034738500,1783077034772771,1783077035219724,1783077035277319
7,3,46,1783077035401902,1783077035417984,1783077035422758,1783077035422767,1783077035582696,1783077035616963,1783077036063907,1783077036121504
7,3,47,1783077036246091,1783077036262171,1783077036266970,1783077036266981,1783077036426751,1783077036461016,1783077036908030,1783077036965634
7,3,48,1783077037090207,1783077037106290,1783077037111059,1783077037111067,1783077037271074,1783077037305341,1783077037752370,1783077037809971
7,3,49,1783077037934553,1783077037950628,1783077037955416,1783077037955426,1783077038115355,1783077038149618,1783077038596632,1783077038654258
7,4,0,1783077038778834,1783077038794913,1783077038799708,1783077038799718,1783077038959706,1783077038993981,1783077039440876,1783077039498493
7,4,1,1783077039623052,1783077039639143,1783077039643917,1783077039643927,1783077039803814,1783077039838100,1783077040285083,1783077040342681
7,4,2,1783077040467242,1783077040483315,1783077040488102,1783077040488111,1783077040647643,1783077040681922,1783077041128900,1783077041186500
7,4,3,1783077041311075,1783077041327151,1783077041331935,1783077041331944,1783077041491623,1783077041525931,1783077041972910,1783077042030515
7,4,4,1783077042155106,1783077042171185,1783077042175953,1783077042175961,1783077042335414,1783077042369681,1783077042816651,1783077042874263
7,4,5,1783077042998843,1783077043014910,1783077043019688,1783077043019697,1783077043179547,1783077043213821,1783077043660754,1783077043718349
7,4,6,1783077043842933,1783077043859020,1783077043863785,1783077043863792,1783077044023983,1783077044058261,1783077044505257,1783077044562880
7,4,7,1783077044687445,1783077044703543,1783077044708314,1783077044708324,1783077044868172,1783077044902449,1783077045349396,1783077045406995
7,4,8,1783077045531587,1783077045547669,1783077045552463,1783077045552472,1783077045712184,1783077045746456,1783077046193399,1783077046251001
7,4,9,1783077046375588,1783077046391664,1783077046396449,1783077046396457,1783077046556336,1783077046590608,1783077047037610,1783077047095212
7,4,10,1783077047219776,1783077047235859,1783077047240637,1783077047240644,1783077047399894,1783077047434150,1783077047881105,1783077047938707
7,4,11,1783077048063287,1783077048079375,1783077048084165,1783077048084174,1783077048244005,1783077048278277,1783077048725167,1783077048782759
7,4,12,1783077048907346,1783077048923424,1783077048928206,1783077048928215,1783077049087973,1783077049122250,1783077049569156,1783077049626777
7,4,13,1783077049751317,1783077049767413,1783077049772204,1783077049772212,1783077049931572,1783077049965838,1783077050412806,1783077050470407
7,4,14,1783077050595005,1783077050611081,1783077050615851,1783077050615860,1783077050775560,1783077050809837,1783077051256785,1783077051314388
7,4,15,1783077051438965,1783077051455056,1783077051459838,1783077051459846,1783077051619669,1783077051653953,1783077052100882,1783077052158481
7,4,16,1783077052283078,1783077052299170,1783077052303955,1783077052303965,1783077052463806,1783077052498069,1783077052945045,1783077053002649
7,4,17,1783077053127214,1783077053143295,1783077053148081,1783077053148091,1783077053307546,1783077053341805,1783077053788741,1783077053846347
7,4,18,1783077053970928,1783077053987006,1783077053991780,1783077053991789,1783077054151532,1783077054185803,1783077054632717,1783077054690326
7,4,19,1783077054814874,1783077054830946,1783077054835728,1783077054835736,1783077054995622,1783077055029875,1783077055476766,1783077055534385
7,4,20,1783077055658967,1783077055675043,1783077055679809,1783077055679818,1783077055839116,1783077055873386,1783077056320340,1783077056377940
7,4,21,1783077056502529,1783077056518618,1783077056523404,1783077056523412,1783077056683405,1783077056717666,1783077057164556,1783077057222172
7,4,22,1783077057346776,1783077057362861,1783077057367643,1783077057367653,1783077057527455,1783077057561729,1783077058008646,1783077058066247
7,4,23,1783077058190828,1783077058206923,1783077058211694,1783077058211704,1783077058371177,1783077058405454,1783077058852447,1783077058910052
7,4,24,1783077059034607,1783077059050692,1783077059055482,1783077059055491,1783077059215301,1783077059249581,1783077059696604,1783077059754204
7,4,25,1783077059878797,1783077059894888,1783077059899670,1783077059899680,1783077060059572,1783077060093847,1783077060540823,1783077060598426
7,4,26,1783077060723010,1783077060739088,1783077060743857,1783077060743866,1783077060903670,1783077060937948,1783077061384897,1783077061442505
7,4,27,1783077061567093,1783077061583171,1783077061587944,1783077061587953,1783077061747770,1783077061782050,1783077062228923,1783077062286539
7,4,28,1783077062411124,1783077062427200,1783077062431984,1783077062431994,1783077062591573,1783077062625842,1783077063072811,1783077063130409
7,4,29,1783077063254995,1783077063271087,1783077063275869,1783077063275877,1783077063435288,1783077063469544,1783077063916502,1783077063974107
7,4,30,1783077064098678,1783077064114752,1783077064119524,1783077064119533,1783077064279144,1783077064313401,1783077064760398,1783077064817997
7,4,31,1783077064942549,1783077064958623,1783077064963391,1783077064963399,1783077065123247,1783077065157509,1783077065604471,1783077065662087
7,4,32,1783077065786665,1783077065802745,1783077065807516,1783077065807525,1783077065967446,1783077066001725,1783077066448721,1783077066506344
7,4,33,1783077066630925,1783077066646997,1783077066651771,1783077066651781,1783077066811187,1783077066845462,1783077067292349,1783077067349948
7,4,34,1783077067474521,1783077067490623,1783077067495392,1783077067495399,1783077067654772,1783077067689042,1783077068135958,1783077068193565
7,4,35,1783077068318149,1783077068334245,1783077068339013,1783077068339023,1783077068498792,1783077068533093,1783077068980041,1783077069037637
7,4,36,1783077069162196,1783077069178274,1783077069183044,1783077069183052,1783077069342655,1783077069376923,1783077069823924,1783077069881526
7,4,37,1783077070006081,1783077070022175,1783077070026944,1783077070026953,1783077070186869,1783077070221143,1783077070668215,1783077070725818
7,4,38,1783077070850413,1783077070866507,1783077070871279,1783077070871288,1783077071031028,1783077071065298,1783077071512386,1783077071569993
7,4,39,1783077071691839,1783077071707916,1783077071712680,1783077071712689,1783077071872421,1783077071906699,1783077072353597,1783077072411197
7,4,40,1783077072535809,1783077072551892,1783077072556663,1783077072556672,1783077072716452,1783077072750717,1783077073197648,1783077073255247
7,4,41,1783077073379817,1783077073395899,1783077073400669,1783077073400679,1783077073560054,1783077073594334,1783077074041315,1783077074098914
7,4,42,1783077074223496,1783077074239573,1783077074244344,1783077074244353,1783077074403563,1783077074437824,1783077074884845,1783077074942448
7,4,43,1783077075066995,1783077075083064,1783077075087832,1783077075087840,1783077075247358,1783077075281623,1783077075728519,1783077075786123
7,4,44,1783077075910722,1783077075926801,1783077075931573,1783077075931583,1783077076090720,1783077076124994,1783077076571977,1783077076629579
7,4,45,1783077076754161,1783077076770248,1783077076775027,1783077076775035,1783077076934822,1783077076969098,1783077077415979,1783077077473574
7,4,46,1783077077598190,1783077077614265,1783077077619039,1783077077619048,1783077077778871,1783077077813132,1783077078259981,1783077078317589
7,4,47,1783077078442151,1783077078458241,1783077078463009,1783077078463018,1783077078622670,1783077078656947,1783077079103960,1783077079161557
7,4,48,1783077079286145,1783077079302215,1783077079306986,1783077079306996,1783077079466322,1783077079500592,1783077079947569,1783077080005172
7,4,49,1783077080129754,1783077080145844,1783077080150618,1783077080150627,1783077080310279,1783077080344549,1783077080791548,1783077080849152
7,5,0,1783077080973746,1783077080989816,1783077080994584,1783077080994593,1783077081154394,1783077081188670,1783077081635639,1783077081693243
7,5,1,1783077081817827,1783077081833897,1783077081838665,1783077081838674,1783077081998209,1783077082032465,1783077082479418,1783077082537046
7,5,2,1783077082661627,1783077082677703,1783077082682472,1783077082682482,1783077082842423,1783077082876693,1783077083323579,1783077083381174
7,5,3,1783077083505755,1783077083521838,1783077083526606,1783077083526615,1783077083686505,1783077083720763,1783077084167778,1783077084225378
7,5,4,1783077084349959,1783077084366038,1783077084370826,1783077084370835,1783077084530272,1783077084564533,1783077085011533,1783077085069135
7,5,5,1783077085193715,1783077085209795,1783077085214564,1783077085214573,1783077085374395,1783077085408663,1783077085855625,1783077085913230
7,5,6,1783077086037802,1783077086053894,1783077086058678,1783077086058687,1783077086218232,1783077086252511,1783077086699463,1783077086757068
7,5,7,1783077086881636,1783077086897709,1783077086902486,1783077086902494,1783077087062234,1783077087096512,1783077087543468,1783077087601067
7,5,8,1783077087725645,1783077087741731,1783077087746513,1783077087746522,1783077087906428,1783077087940705,1783077088387669,1783077088445268
7,5,9,1783077088569855,1783077088585934,1783077088590718,1783077088590727,1783077088750509,1783077088784777,1783077089231720,1783077089289322
7,5,10,1783077089413884,1783077089429956,1783077089434728,1783077089434736,1783077089594512,1783077089628783,1783077090075753,1783077090133354
7,5,11,1783077090257955,1783077090274032,1783077090278798,1783077090278807,1783077090438760,1783077090473033,1783077090919970,1783077090977577
7,5,12,1783077091102155,1783077091118229,1783077091123015,1783077091123023,1783077091282997,1783077091317270,1783077091764161,1783077091821762
7,5,13,1783077091946331,1783077091962410,1783077091967195,1783077091967204,1783077092126798,1783077092161058,1783077092608005,1783077092665607
7,5,14,1783077092790180,1783077092806267,1783077092811035,1783077092811043,1783077092970871,1783077093005149,1783077093452138,1783077093509757
7,5,15,1783077093634338,1783077093650425,1783077093655193,1783077093655201,1783077093815188,1783077093849463,1783077094296417,1783077094354031
7,5,16,1783077094478607,1783077094494705,1783077094499504,1783077094499514,1783077094659545,1783077094693798,1783077095140833,1783077095198435
7,5,17,1783077095323043,1783077095339118,1783077095343900,1783077095343910,1783077095503758,1783077095538030,1783077095985022,1783077096042622
7,5,18,1783077096167213,1783077096183295,1783077096188074,1783077096188082,1783077096347472,1783077096381731,1783077096828730,1783077096886333
7,5,19,1783077097010900,1783077097026974,1783077097031752,1783077097031760,1783077097191334,1783077097225614,1783077097672435,1783077097730030
7,5,20,1783077097854579,1783077097870663,1783077097875433,1783077097875442,1783077098035492,1783077098069769,1783077098516746,1783077098574346
7,5,21,1783077098698899,1783077098714991,1783077098719758,1783077098719766,1783077098879694,1783077098913956,1783077099360922,1783077099418535
7,5,22,1783077099543140,1783077099559233,1783077099564010,1783077099564020,1783077099723497,1783077099757771,1783077100204765,1783077100262362
7,5,23,1783077100386933,1783077100403038,1783077100407809,1783077100407818,1783077100567732,1783077100602011,1783077101048917,1783077101106515
7,5,24,1783077101231088,1783077101247170,1783077101251942,1783077101251951,1783077101411454,1783077101445735,1783077101892743,1783077101950341
7,5,25,1783077102074910,1783077102090993,1783077102095781,1783077102095792,1783077102255524,1783077102289794,1783077102736771,1783077102794368
7,5,26,1783077102918922,1783077102935000,1783077102939788,1783077102939797,1783077103099725,1783077103133977,1783077103580965,1783077103638566
7,5,27,1783077103763117,1783077103779186,1783077103783962,1783077103783972,1783077103943801,1783077103978067,1783077104425036,1783077104482638
7,5,28,1783077104607256,1783077104623334,1783077104628105,1783077104628114,1783077104788057,1783077104822334,1783077105269255,1783077105326858
7,5,29,1783077105451430,1783077105467527,1783077105472293,1783077105472302,1783077105632218,1783077105666499,1783077106113417,1783077106171018
7,5,30,1783077106295594,1783077106311678,1783077106316456,1783077106316465,1783077106476355,1783077106510629,1783077106957629,1783077107015232
7,5,31,1783077107139796,1783077107155877,1783077107160659,1783077107160668,1783077107320229,1783077107354508,1783077107801488,1783077107859094
7,5,32,1783077107983674,1783077107999758,1783077108004531,1783077108004540,1783077108164499,1783077108198763,1783077108645741,1783077108703337
7,5,33,1783077108827918,1783077108843999,1783077108848787,1783077108848796,1783077109008845,1783077109043121,1783077109490155,1783077109548077
7,5,34,1783077109672682,1783077109688772,1783077109693555,1783077109693564,1783077109853545,1783077109887821,1783077110334825,1783077110392428
7,5,35,1783077110517033,1783077110533105,1783077110537899,1783077110537908,1783077110697881,1783077110732144,1783077111179051,1783077111236651
7,5,36,1783077111361217,1783077111377288,1783077111382078,1783077111382088,1783077111542124,1783077111598659,1783077112048178,1783077112105791
7,5,37,1783077112230377,1783077112246462,1783077112251232,1783077112251242,1783077112410693,1783077112444961,1783077112891894,1783077112950776
7,5,38,1783077113075417,1783077113091509,1783077113096275,1783077113096282,1783077113255498,1783077113289738,1783077113736776,1783077113794390
7,5,39,1783077113918998,1783077113935298,1783077113940072,1783077113940082,1783077114100054,1783077114134328,1783077114581380,1783077114638994
7,5,40,1783077114763627,1783077114779714,1783077114784487,1783077114784497,1783077114944168,1783077114978434,1783077115425420,1783077115483021
7,5,41,1783077115607646,1783077115623725,1783077115628496,1783077115628505,1783077115788185,1783077115822455,1783077116269463,1783077116327073
7,5,42,1783077116451666,1783077116467753,1783077116472536,1783077116472546,1783077116632323,1783077116666616,1783077117113635,1783077117171295
7,5,43,1783077117296024,1783077117312223,1783077117317019,1783077117317029,1783077117476412,1783077117510734,1783077117957816,1783077118015457
7,5,44,1783077118140025,1783077118156117,1783077118160892,1783077118160901,1783077118320783,1783077118355049,1783077118802201,1783077118859845
7,5,45,1783077118984421,1783077119000492,1783077119005277,1783077119005286,1783077119164818,1783077119199167,1783077119646207,1783077119703824
7,5,46,1783077119828405,1783077119844504,1783077119849276,1783077119849284,1783077120009105,1783077120043374,1783077120490420,1783077120548055
7,5,47,1783077120672633,1783077120688731,1783077120693499,1783077120693509,1783077120853156,1783077120887411,1783077121334454,1783077121392071
7,5,48,1783077121516658,1783077121532737,1783077121537551,1783077121537562,1783077121697021,1783077121731276,1783077122178264,1783077122235872
7,5,49,1783077122360453,1783077122376546,1783077122381335,1783077122381345,1783077122540970,1783077122575250,1783077123022340,1783077123079947
7,6,0,1783077123204516,1783077123220601,1783077123225387,1783077123225396,1783077123385362,1783077123419717,1783077123866811,1783077123924450
7,6,1,1783077124049071,1783077124065163,1783077124069941,1783077124069949,1783077124229752,1783077124264020,1783077124711010,1783077124768617
7,6,2,1783077124893198,1783077124909274,1783077124914048,1783077124914060,1783077125073644,1783077125107919,1783077125554971,1783077125612575
7,6,3,1783077125737174,1783077125753264,1783077125758035,1783077125758043,1783077125917911,1783077125952182,1783077126399178,1783077126456782
7,6,4,1783077126581364,1783077126597445,1783077126602215,1783077126602223,1783077126762068,1783077126796344,1783077127243309,1783077127300911
7,6,5,1783077127425494,1783077127441572,1783077127446351,1783077127446360,1783077127606382,1783077127640649,1783077128087618,1783077128145222
7,6,6,1783077128269802,1783077128285881,1783077128290654,1783077128290663,1783077128450579,1783077128484846,1783077128931832,1783077128989434
7,6,7,1783077129114029,1783077129130118,1783077129134888,1783077129134896,1783077129294618,1783077129328864,1783077129775898,1783077129833500
7,6,8,1783077129958076,1783077129974167,1783077129978956,1783077129978967,1783077130138395,1783077130172656,1783077130619777,1783077130677379
7,6,9,1783077130801964,1783077130818044,1783077130822836,1783077130822846,1783077130982785,1783077131017037,1783077131463929,1783077131521549
7,6,10,1783077131646138,1783077131662219,1783077131666988,1783077131666998,1783077131826941,1783077131861197,1783077132308225,1783077132365828
7,6,11,1783077132490434,1783077132506514,1783077132511300,1783077132511309,1783077132671031,1783077132705289,1783077133152317,1783077133209921
7,6,12,1783077133334519,1783077133350605,1783077133355385,1783077133355394,1783077133515255,1783077133549522,1783077133996576,1783077134054178
7,6,13,1783077134178748,1783077134194822,1783077134199589,1783077134199597,1783077134359486,1783077134393746,1783077134840717,1783077134898323
7,6,14,1783077135022907,1783077135038987,1783077135043753,1783077135043763,1783077135203271,1783077135237536,1783077135684554,1783077135742163
7,6,15,1783077135866766,1783077135882840,1783077135887613,1783077135887621,1783077136047549,1783077136081807,1783077136528866,1783077136586477
7,6,16,1783077136711056,1783077136727129,1783077136731900,1783077136731908,1783077136891484,1783077136925766,1783077137372796,1783077137430399
7,6,17,1783077137555011,1783077137571082,1783077137575864,1783077137575872,1783077137735511,1783077137769772,1783077138216711,1783077138274314
7,6,18,1783077138398909,1783077138414982,1783077138419753,1783077138419762,1783077138579248,1783077138613515,1783077139060524,1783077139118125
7,6,19,1783077139242708,1783077139258785,1783077139263561,1783077139263570,1783077139423416,1783077139457692,1783077139904757,1783077139962361
7,6,20,1783077140086922,1783077140102993,1783077140107766,1783077140107775,1783077140267577,1783077140301845,1783077140748791,1783077140806392
7,6,21,1783077140930973,1783077140947051,1783077140951826,1783077140951835,1783077141111236,1783077141145497,1783077141592498,1783077141650113
7,6,22,1783077141774683,1783077141790755,1783077141795541,1783077141795549,1783077141955353,1783077141989605,1783077142436596,1783077142494215
7,6,23,1783077142618798,1783077142634880,1783077142639648,1783077142639658,1783077142799177,1783077142833447,1783077143280481,1783077143338082
7,6,24,1783077143462669,1783077143478753,1783077143483545,1783077143483554,1783077143643219,1783077143677478,1783077144124476,1783077144182090
7,6,25,1783077144306674,1783077144322743,1783077144327525,1783077144327534,1783077144486779,1783077144521061,1783077144968073,1783077145025677
7,6,26,1783077145150263,1783077145166351,1783077145171119,1783077145171128,1783077145330850,1783077145365114,1783077145812058,1783077145869659
7,6,27,1783077145994255,1783077146010333,1783077146015117,1783077146015125,1783077146174900,1783077146209163,1783077146656266,1783077146713866
7,6,28,1783077146838435,1783077146854513,1783077146859278,1783077146859288,1783077147019233,1783077147053501,1783077147500463,1783077147558081
7,6,29,1783077147682665,1783077147698741,1783077147703512,1783077147703520,1783077147863245,1783077147897502,1783077148344508,1783077148402109
7,6,30,1783077148526724,1783077148542799,1783077148547568,1783077148547576,1783077148706941,1783077148741219,1783077149188237,1783077149245840
7,6,31,1783077149370420,1783077149386494,1783077149391269,1783077149391277,1783077149551146,1783077149585412,1783077150032427,1783077150090025
7,6,32,1783077150214606,1783077150230677,1783077150235458,1783077150235467,1783077150395172,1783077150429433,1783077150876468,1783077150934070
7,6,33,1783077151058676,1783077151074764,1783077151079546,1783077151079556,1783077151239406,1783077151273683,1783077151720657,1783077151778262
7,6,34,1783077151902841,1783077151918917,1783077151923685,1783077151923694,1783077152083413,1783077152117666,1783077152564694,1783077152622298
7,6,35,1783077152746870,1783077152762941,1783077152767712,1783077152767721,1783077152927354,1783077152961632,1783077153408632,1783077153466230
7,6,36,1783077153590819,1783077153606918,1783077153611688,1783077153611696,1783077153771397,1783077153805674,1783077154252647,1783077154310259
7,6,37,1783077154434844,1783077154450920,1783077154455690,1783077154455699,1783077154615455,1783077154649713,1783077155096725,1783077155154324
7,6,38,1783077155278901,1783077155294977,1783077155299745,1783077155299753,1783077155459518,1783077155493778,1783077155940845,1783077155998446
7,6,39,1783077156123012,1783077156139089,1783077156143873,1783077156143882,1783077156303620,1783077156337887,1783077156784932,1783077156842532
7,6,40,1783077156967122,1783077156983205,1783077156987973,1783077156987983,1783077157147734,1783077157182007,1783077157629076,1783077157686677
7,6,41,1783077157811258,1783077157827330,1783077157832108,1783077157832117,1783077157991742,1783077158026001,1783077158472984,1783077158530600
7,6,42,1783077158655193,1783077158671273,1783077158676042,1783077158676051,1783077158835833,1783077158870091,1783077159317137,1783077159374742
7,6,43,1783077159499308,1783077159515395,1783077159520186,1783077159520195,1783077159679538,1783077159713794,1783077160160764,1783077160218367
7,6,44,1783077160342952,1783077160359018,1783077160363790,1783077160363799,1783077160523564,1783077160557831,1783077161004884,1783077161062489
7,6,45,1783077161187055,1783077161203126,1783077161207907,1783077161207916,1783077161367614,1783077161401882,1783077161848861,1783077161906468
7,6,46,1783077162031044,1783077162047112,1783077162051895,1783077162051903,1783077162211688,1783077162245950,1783077162692946,1783077162750545
7,6,47,1783077162875102,1783077162891187,1783077162895955,1783077162895964,1783077163055811,1783077163090077,1783077163537115,1783077163594722
7,6,48,1783077163719295,1783077163735403,1783077163740188,1783077163740198,1783077163900077,1783077163934329,1783077164381354,1783077164438960
7,6,49,1783077164563552,1783077164579618,1783077164584402,1783077164584412,1783077164744225,1783077164778485,1783077165225527,1783077165283137
7,7,0,1783077165407741,1783077165423834,1783077165428602,1783077165428610,1783077165588232,1783077165622504,1783077166069580,1783077166127183
7,7,1,1783077166251762,1783077166267827,1783077166272594,1783077166272603,1783077166431726,1783077166466001,1783077166913013,1783077166970632
7,7,2,1783077167095203,1783077167111282,1783077167116050,1783077167116058,1783077167275809,1783077167310083,1783077167757099,1783077167814698
7,7,3,1783077167939279,1783077167955348,1783077167960119,1783077167960127,1783077168119935,1783077168154200,1783077168601231,1783077168658833
7,7,4,1783077168783404,1783077168799475,1783077168804244,1783077168804253,1783077168964037,1783077168998304,1783077169445351,1783077169502966
7,7,5,1783077169627563,1783077169643635,1783077169648406,1783077169648415,1783077169808072,1783077169842340,1783077170289396,1783077170347012
7,7,6,1783077170471601,1783077170487702,1783077170492470,1783077170492479,1783077170652248,1783077170686515,1783077171133594,1783077171191195
7,7,7,1783077171315759,1783077171331833,1783077171336602,1783077171336610,1783077171496381,1783077171530663,1783077171977684,1783077172035300
7,7,8,1783077172159876,1783077172175956,1783077172180723,1783077172180732,1783077172340536,1783077172374794,1783077172821839,1783077172879436
7,7,9,1783077173004011,1783077173020105,1783077173024873,1783077173024883,1783077173184750,1783077173219017,1783077173666011,1783077173723610
7,7,10,1783077173848159,1783077173864248,1783077173869021,1783077173869030,1783077174028445,1783077174062711,1783077174509754,1783077174567362
7,7,11,1783077174691928,1783077174708002,1783077174712769,1783077174712778,1783077174872671,1783077174906932,1783077175353973,1783077175411572
7,7,12,1783077175536190,1783077175552259,1783077175557025,1783077175557033,1783077175716796,1783077175751048,1783077176198012,1783077176255610
7,7,13,1783077176380193,1783077176396291,1783077176401056,1783077176401064,1783077176560923,1783077176595192,1783077177042218,1783077177099816
7,7,14,1783077177224391,1783077177240493,1783077177245262,1783077177245270,1783077177405094,1783077177439354,1783077177886336,1783077177943935
7,7,15,1783077178068514,1783077178084581,1783077178089348,1783077178089358,1783077178249343,1783077178283607,1783077178730621,1783077178788240
7,7,16,1783077178912816,1783077178928895,1783077178933665,1783077178933674,1783077179093454,1783077179127716,1783077179574787,1783077179632390
7,7,17,1783077179756968,1783077179773039,1783077179777807,1783077179777815,1783077179937082,1783077179971334,1783077180418367,1783077180475966
7,7,18,1783077180600556,1783077180616645,1783077180621416,1783077180621426,1783077180781256,1783077180815502,1783077181262538,1783077181320144
7,7,19,1783077181444744,1783077181460826,1783077181465592,1783077181465601,1783077181625293,1783077181659555,1783077182106502,1783077182164101
7,7,20,1783077182288673,1783077182304749,1783077182309516,1783077182309525,1783077182469139,1783077182503419,1783077182950435,1783077183008032
7,7,21,1783077183132628,1783077183148712,1783077183153481,1783077183153490,1783077183313335,1783077183347598,1783077183794634,1783077183852243
7,7,22,1783077183976810,1783077183992903,1783077183997668,1783077183997677,1783077184157448,1783077184191712,1783077184638755,1783077184696363
7,7,23,1783077184820952,1783077184837023,1783077184841789,1783077184841797,1783077185001328,1783077185035583,1783077185482649,1783077185540267
7,7,24,1783077185664841,1783077185680912,1783077185685682,1783077185685691,1783077185845294,1783077185879570,1783077186326617,1783077186384222
7,7,25,1783077186508821,1783077186524901,1783077186529672,1783077186529681,1783077186689526,1783077186723776,1783077187170757,1783077187228358
7,7,26,1783077187352936,1783077187369022,1783077187373798,1783077187373809,1783077187533234,1783077187567506,1783077188014526,1783077188072139
7,7,27,1783077188196714,1783077188212783,1783077188217553,1783077188217563,1783077188377342,1783077188411609,1783077188858673,1783077188916275
7,7,28,1783077189040857,1783077189056942,1783077189061714,1783077189061724,1783077189221600,1783077189255869,1783077189702877,1783077189760477
7,7,29,1783077189885063,1783077189901138,1783077189905909,1783077189905919,1783077190065686,1783077190099947,1783077190547063,1783077190604670
7,7,30,1783077190729237,1783077190745324,1783077190750092,1783077190750104,1783077190909939,1783077190944185,1783077191391223,1783077191448818
7,7,31,1783077191573415,1783077191589489,1783077191594258,1783077191594266,1783077191753885,1783077191788139,1783077192235176,1783077192292776
7,7,32,1783077192417365,1783077192433438,1783077192438206,1783077192438215,1783077192597588,1783077192631856,1783077193078812,1783077193136408
7,7,33,1783077193260975,1783077193277048,1783077193281817,1783077193281825,1783077193441604,1783077193475853,1783077193922943,1783077193980546
7,7,34,1783077194105108,1783077194121197,1783077194125965,1783077194125974,1783077194285861,1783077194320133,1783077194767156,1783077194824761
7,7,35,1783077194949320,1783077194965407,1783077194970174,1783077194970183,1783077195129817,1783077195164092,1783077195611136,1783077195668741
7,7,36,1783077195793329,1783077195809395,1783077195814160,1783077195814168,1783077195973563,1783077196007818,1783077196454822,1783077196512446
7,7,37,1783077196637012,1783077196653079,1783077196657845,1783077196657852,1783077196817359,1783077196851610,1783077197298509,1783077197356106
7,7,38,1783077197480699,1783077197496791,1783077197501558,1783077197501567,1783077197660919,1783077197695184,1783077198142237,1783077198199838
7,7,39,1783077198324444,1783077198340533,1783077198345301,1783077198345311,1783077198504847,1783077198539110,1783077198986197,1783077199043798
7,7,40,1783077199168386,1783077199184464,1783077199189234,1783077199189242,1783077199349128,1783077199383393,1783077199830418,1783077199888022
7,7,41,1783077200012584,1783077200028661,1783077200033428,1783077200033436,1783077200192914,1783077200227169,1783077200674118,1783077200731720
7,7,42,1783077200856286,1783077200872378,1783077200877146,1783077200877155,1783077201036739,1783077201071011,1783077201518131,1783077201575739
7,7,43,1783077201700294,1783077201716376,1783077201721156,1783077201721166,1783077201880962,1783077201915237,1783077202362273,1783077202419883
7,7,44,1783077202544477,1783077202560553,1783077202565323,1783077202565332,1783077202724920,1783077202759186,1783077203206161,1783077203263759
7,7,45,1783077203388341,1783077203404429,1783077203409197,1783077203409206,1783077203568997,1783077203603259,1783077204050346,1783077204107949
7,7,46,1783077204232527,1783077204248624,1783077204253395,1783077204253404,1783077204413274,1783077204447532,1783077204894527,1783077204952134
7,7,47,1783077205076721,1783077205092805,1783077205097572,1783077205097582,1783077205257067,1783077205291320,1783077205738243,1783077205795855
7,7,48,1783077205920434,1783077205936505,1783077205941273,1783077205941281,1783077206101104,1783077206135371,1783077206582317,1783077206639921
7,7,49,1783077206764527,1783077206780609,1783077206785376,1783077206785385,1783077206945235,1783077206979507,1783077207426420,1783077207484021
7,8,0,1783077207608612,1783077207624687,1783077207629457,1783077207629466,1783077207789325,1783077207823579,1783077208270637,1783077208328237
7,8,1,1783077208452820,1783077208468928,1783077208473694,1783077208473703,1783077208633133,1783077208667402,1783077209114396,1783077209171997
7,8,2,1783077209296574,1783077209312661,1783077209317431,1783077209317441,1783077209477049,1783077209511312,1783077209958051,1783077210015655
7,8,3,1783077210140245,1783077210156323,1783077210161096,1783077210161106,1783077210320847,1783077210355093,1783077210802082,1783077210859682
7,8,4,1783077210984257,1783077211000326,1783077211005092,1783077211005100,1783077211164877,1783077211199139,1783077211646127,1783077211703734
7,8,5,1783077211828317,1783077211844387,1783077211849155,1783077211849164,1783077212008974,1783077212043245,1783077212490267,1783077212547890
7,8,6,1783077212672457,1783077212688531,1783077212693301,1783077212693310,1783077212853077,1783077212887342,1783077213334384,1783077213391988
7,8,7,1783077213516575,1783077213532667,1783077213537432,1783077213537441,1783077213696898,1783077213731171,1783077214178301,1783077214235905
7,8,8,1783077214360482,1783077214376559,1783077214381326,1783077214381335,1783077214540880,1783077214575143,1783077215022115,1783077215079719
7,8,9,1783077215204298,1783077215220379,1783077215225147,1783077215225155,1783077215384984,1783077215419243,1783077215866235,1783077215923838
7,8,10,1783077216048424,1783077216064499,1783077216069264,1783077216069272,1783077216228950,1783077216263204,1783077216710245,1783077216767850
7,8,11,1783077216892434,1783077216908523,1783077216913291,1783077216913301,1783077217073125,1783077217107395,1783077217554355,1783077217611954
7,8,12,1783077217736528,1783077217752609,1783077217757377,1783077217757387,1783077217917238,1783077217951500,1783077218398526,1783077218456129
7,8,13,1783077218580725,1783077218596801,1783077218601570,1783077218601578,1783077218760960,1783077218795224,1783077219242380,1783077219299984
7,8,14,1783077219424565,1783077219440631,1783077219445400,1783077219445410,1783077219605001,1783077219639264,1783077220086299,1783077220143904
7,8,15,1783077220268475,1783077220284556,1783077220289323,1783077220289332,1783077220448939,1783077220483197,1783077220930251,1783077220987853
7,8,16,1783077221112423,1783077221128509,1783077221133277,1783077221133286,1783077221292808,1783077221327066,1783077221774073,1783077221831674
7,8,17,1783077221956262,1783077221972343,1783077221977114,1783077221977123,1783077222136994,1783077222171251,1783077222618239,1783077222675852
7,8,18,1783077222800421,1783077222816495,1783077222821264,1783077222821272,1783077222981123,1783077223015374,1783077223462400,1783077223520034
7,8,19,1783077223644617,1783077223660705,1783077223665472,1783077223665481,1783077223825332,1783077223859595,1783077224306622,1783077224364225
7,8,20,1783077224488802,1783077224504872,1783077224509637,1783077224509646,1783077224669613,1783077224703869,1783077225150785,1783077225208385
7,8,21,1783077225332946,1783077225349025,1783077225353795,1783077225353804,1783077225513423,1783077225547688,1783077225994622,1783077226052222
7,8,22,1783077226176806,1783077226192894,1783077226197663,1783077226197672,1783077226357510,1783077226391767,1783077226838807,1783077226896410
7,8,23,1783077227020984,1783077227037071,1783077227041839,1783077227041848,1783077227201458,1783077227235723,1783077227682746,1783077227740349
7,8,24,1783077227864932,1783077227881001,1783077227885769,1783077227885778,1783077228045335,1783077228079605,1783077228526644,1783077228584287
7,8,25,1783077228708862,1783077228724931,1783077228729702,1783077228729711,1783077228889471,1783077228923740,1783077229370725,1783077229428326
7,8,26,1783077229552915,1783077229568982,1783077229573748,1783077229573757,1783077229733443,1783077229767697,1783077230214640,1783077230272241
7,8,27,1783077230396834,1783077230412923,1783077230417690,1783077230417699,1783077230577201,1783077230611473,1783077231058503,1783077231116098
7,8,28,1783077231240664,1783077231256740,1783077231261506,1783077231261515,1783077231421200,1783077231455462,1783077231902550,1783077231960157
7,8,29,1783077232084732,1783077232100811,1783077232105581,1783077232105590,1783077232265407,1783077232299658,1783077232746679,1783077232804277
7,8,30,1783077232928847,1783077232944926,1783077232949695,1783077232949704,1783077233109445,1783077233143714,1783077233590819,1783077233648424
7,8,31,1783077233772988,1783077233789096,1783077233793861,1783077233793870,1783077233953386,1783077233987634,1783077234434664,1783077234492269
7,8,32,1783077234616870,1783077234632938,1783077234637707,1783077234637716,1783077234797025,1783077234831285,1783077235278293,1783077235335896
7,8,33,1783077235460484,1783077235476563,1783077235481331,1783077235481340,1783077235641005,1783077235675269,1783077236122239,1783077236179837
7,8,34,1783077236304400,1783077236320511,1783077236325277,1783077236325286,1783077236485203,1783077236519480,1783077236966467,1783077237024070
7,8,35,1783077237148648,1783077237164742,1783077237169508,1783077237169516,1783077237329168,1783077237363432,1783077237810478,1783077237868081
7,8,36,1783077237992648,1783077238008714,1783077238013480,1783077238013489,1783077238173218,1783077238207478,1783077238654416,1783077238712017
7,8,37,1783077238836588,1783077238852656,1783077238857421,1783077238857430,1783077239016853,1783077239051104,1783077239498110,1783077239555727
7,8,38,1783077239680290,1783077239696363,1783077239701128,1783077239701137,1783077239860570,1783077239894835,1783077240341811,1783077240399409
7,8,39,1783077240524013,1783077240540103,1783077240544871,1783077240544881,1783077240704776,1783077240739026,1783077241185980,1783077241243580
7,8,40,1783077241368151,1783077241384247,1783077241389014,1783077241389023,1783077241548871,1783077241583132,1783077242030213,1783077242087815
7,8,41,1783077242212389,1783077242228474,1783077242233242,1783077242233251,1783077242392763,1783077242427028,1783077242874102,1783077242931702
7,8,42,1783077243056281,1783077243072366,1783077243077137,1783077243077147,1783077243236859,1783077243271122,1783077243718179,1783077243775782
7,8,43,1783077243900364,1783077243916456,1783077243921225,1783077243921233,1783077244080761,1783077244115021,1783077244562038,1783077244619638
7,8,44,1783077244744225,1783077244760303,1783077244765072,1783077244765080,1783077244924622,1783077244958890,1783077245405870,1783077245463477
7,8,45,1783077245588075,1783077245604152,1783077245608922,1783077245608932,1783077245768562,1783077245802819,1783077246249823,1783077246307421
7,8,46,1783077246432006,1783077246448075,1783077246452841,1783077246452851,1783077246612353,1783077246646630,1783077247093698,1783077247151304
7,8,47,1783077247275863,1783077247291949,1783077247296718,1783077247296727,1783077247456096,1783077247490362,1783077247937410,1783077247995015
7,8,48,1783077248119588,1783077248135682,1783077248140451,1783077248140462,1783077248300239,1783077248334502,1783077248781478,1783077248839081
7,8,49,1783077248963665,1783077248979742,1783077248984512,1783077248984521,1783077249144217,1783077249178484,1783077249625530,1783077249683132
7,9,0,1783077249807715,1783077249823796,1783077249828563,1783077249828571,1783077249988418,1783077250022668,1783077250469569,1783077250527191
7,9,1,1783077250651781,1783077250667868,1783077250672636,1783077250672645,1783077250832244,1783077250866505,1783077251313554,1783077251371155
7,9,2,1783077251495721,1783077251511794,1783077251516561,1783077251516569,1783077251676086,1783077251710358,1783077252157322,1783077252214938
7,9,3,1783077252339532,1783077252355607,1783077252360376,1783077252360385,1783077252520406,1783077252554671,1783077253001637,1783077253059244
7,9,4,1783077253183816,1783077253199882,1783077253204652,1783077253204660,1783077253364486,1783077253398753,1783077253845679,1783077253903301
7,9,5,1783077254027867,1783077254043945,1783077254048713,1783077254048722,1783077254208496,1783077254242761,1783077254689771,1783077254747368
7,9,6,1783077254871956,1783077254888047,1783077254892813,1783077254892822,1783077255052483,1783077255086754,1783077255533769,1783077255591370
7,9,7,1783077255715939,1783077255732011,1783077255736782,1783077255736792,1783077255896025,1783077255930285,1783077256377338,1783077256434950
7,9,8,1783077256559533,1783077256575600,1783077256580369,1783077256580380,1783077256740209,1783077256774477,1783077257221523,1783077257279122
7,9,9,1783077257403707,1783077257419785,1783077257424556,1783077257424565,1783077257584577,1783077257618850,1783077258065913,1783077258123517
7,9,10,1783077258248093,1783077258264166,1783077258268933,1783077258268941,1783077258428901,1783077258463161,1783077258910206,1783077258967805
7,9,11,1783077259092384,1783077259108457,1783077259113224,1783077259113232,1783077259273008,1783077259307270,1783077259754237,1783077259811839
7,9,12,1783077259936427,1783077259952500,1783077259957270,1783077259957279,1783077260117161,1783077260151429,1783077260598475,1783077260656077
7,9,13,1783077260780659,1783077260796738,1783077260801507,1783077260801515,1783077260960942,1783077260995205,1783077261442209,1783077261499814
7,9,14,1783077261624416,1783077261640490,1783077261645256,1783077261645264,1783077261805182,1783077261839447,1783077262286493,1783077262344095
7,9,15,1783077262468670,1783077262484776,1783077262489546,1783077262489555,1783077262649208,1783077262683462,1783077263130404,1783077263188007
7,9,16,1783077263312586,1783077263328674,1783077263333442,1783077263333451,1783077263493426,1783077263527720,1783077263974703,1783077264032316
7,9,17,1783077264156874,1783077264172946,1783077264177717,1783077264177728,1783077264337664,1783077264371929,1783077264818874,1783077264876480
7,9,18,1783077265001043,1783077265017117,1783077265021884,1783077265021892,1783077265181196,1783077265215457,1783077265662444,1783077265720042
7,9,19,1783077265844633,1783077265860709,1783077265865478,1783077265865488,1783077266025142,1783077266059409,1783077266506499,1783077266564106
7,9,20,1783077266688680,1783077266704769,1783077266709534,1783077266709544,1783077266869420,1783077266903695,1783077267350661,1783077267408265
7,9,21,1783077267532848,1783077267548947,1783077267553717,1783077267553727,1783077267713530,1783077267747793,1783077268194732,1783077268252334
7,9,22,1783077268376914,1783077268392999,1783077268397765,1783077268397773,1783077268557617,1783077268591879,1783077269038912,1783077269096514
7,9,23,1783077269221093,1783077269237171,1783077269241941,1783077269241949,1783077269401570,1783077269435821,1783077269882869,1783077269940467
7,9,24,1783077270065041,1783077270081123,1783077270085892,1783077270085900,1783077270245741,1783077270280005,1783077270726949,1783077270784548
7,9,25,1783077270909131,1783077270925203,1783077270929970,1783077270929980,1783077271089454,1783077271123719,1783077271570693,1783077271628296
7,9,26,1783077271752861,1783077271768935,1783077271773700,1783077271773709,1783077271933486,1783077271967754,1783077272414387,1783077272471992
7,9,27,1783077272596593,1783077272612678,1783077272617450,1783077272617459,1783077272777238,1783077272811495,1783077273258459,1783077273316073
7,9,28,1783077273440647,1783077273456740,1783077273461509,1783077273461518,1783077273621357,1783077273655620,1783077274102668,1783077274160271
7,9,29,1783077274284830,1783077274300899,1783077274305666,1783077274305675,1783077274465485,1783077274499764,1783077274946831,1783077275004430
7,9,30,1783077275129005,1783077275145085,1783077275149851,1783077275149860,1783077275309422,1783077275343682,1783077275790656,1783077275848266
7,9,31,1783077275972843,1783077275988918,1783077275993686,1783077275993695,1783077276153484,1783077276187755,1783077276634840,1783077276692442
7,9,32,1783077276817028,1783077276833146,1783077276837917,1783077276837926,1783077276997709,1783077277031960,1783077277478927,1783077277536547
7,9,33,1783077277661125,1783077277677199,1783077277681968,1783077277681978,1783077277841592,1783077277875852,1783077278322894,1783077278380496
7,9,34,1783077278505091,1783077278521172,1783077278525944,1783077278525954,1783077278685507,1783077278719768,1783077279166756,1783077279224354
7,9,35,1783077279348936,1783077279365019,1783077279369787,1783077279369797,1783077279529617,1783077279563886,1783077280010915,1783077280068512
7,9,36,1783077280193092,1783077280209176,1783077280213941,1783077280213949,1783077280373946,1783077280408216,1783077280855298,1783077280912899
7,9,37,1783077281037490,1783077281053577,1783077281058345,1783077281058354,1783077281218165,1783077281252434,1783077281699448,1783077281757050
7,9,38,1783077281881633,1783077281897702,1783077281902469,1783077281902479,1783077282062229,1783077282096498,1783077282543507,1783077282601113
7,9,39,1783077282725698,1783077282741772,1783077282746538,1783077282746546,1783077282906077,1783077282940336,1783077283387299,1783077283444901
7,9,40,1783077283569499,1783077283585585,1783077283590361,1783077283590370,1783077283750125,1783077283784378,1783077284231451,1783077284289050
7,9,41,1783077284413646,1783077284429722,1783077284434489,1783077284434497,1783077284594189,1783077284628458,1783077285075486,1783077285133087
7,9,42,1783077285257669,1783077285273755,1783077285278525,1783077285278535,1783077285438016,1783077285472282,1783077285919417,1783077285977020
7,9,43,1783077286101587,1783077286117669,1783077286122436,1783077286122445,1783077286281718,1783077286315988,1783077286762923,1783077286820524
7,9,44,1783077286945100,1783077286961181,1783077286965949,1783077286965958,1783077287125925,1783077287160204,1783077287607272,1783077287664876
7,9,45,1783077287789440,1783077287805510,1783077287810280,1783077287810289,1783077287970008,1783077288004284,1783077288451229,1783077288508831
7,9,46,1783077288633421,1783077288649497,1783077288654278,1783077288654286,1783077288814116,1783077288848372,1783077289295328,1783077289352926
7,9,47,1783077289477490,1783077289493572,1783077289498355,1783077289498364,1783077289658209,1783077289692470,1783077290139485,1783077290197085
7,9,48,1783077290321667,1783077290337753,1783077290342521,1783077290342530,1783077290501895,1783077290536152,1783077290983216,1783077291040815
7,9,49,1783077291165400,1783077291181476,1783077291186258,1783077291186268,1783077291345887,1783077291380151,1783077291827204,1783077291884804
8,0,0,1783077309722128,1783077309738353,1783077309743833,1783077309743842,1783077309924209,1783077309960403,1783077310410776,1783077310468413
8,0,1,1783077310594411,1783077310610525,1783077310615968,1783077310615979,1783077310796829,1783077310833006,1783077311283596,1783077311341210
8,0,2,1783077311467149,1783077311483285,1783077311488739,1783077311488748,1783077311669567,1783077311705738,1783077312156408,1783077312214037
8,0,3,1783077312339964,1783077312356099,1783077312361551,1783077312361559,1783077312542576,1783077312578743,1783077313029170,1783077313086792
8,0,4,1783077313212714,1783077313228847,1783077313234285,1783077313234295,1783077313415332,1783077313451482,1783077313902290,1783077313959935
8,0,5,1783077314085831,1783077314101978,1783077314107428,1783077314107438,1783077314288047,1783077314324192,1783077314774817,1783077314832425
8,0,6,1783077314958367,1783077314974496,1783077314979936,1783077314979945,1783077315160560,1783077315196732,1783077315647413,1783077315705049
8,0,7,1783077315831113,1783077315847335,1783077315852810,1783077315852820,1783077316033842,1783077316070042,1783077316520613,1783077316578255
8,0,8,1783077316704183,1783077316720320,1783077316725759,1783077316725768,1783077316906124,1783077316942276,1783077317393109,1783077317450869
8,0,9,1783077317576970,1783077317593103,1783077317598551,1783077317598559,1783077317779771,1783077317815929,1783077318266608,1783077318324224
8,0,10,1783077318450193,1783077318466332,1783077318471773,1783077318471782,1783077318652779,1783077318688954,1783077319139666,1783077319197271
8,0,11,1783077319323195,1783077319339348,1783077319344790,1783077319344799,1783077319525705,1783077319561915,1783077320012491,1783077320070100
8,0,12,1783077320196054,1783077320212197,1783077320217643,1783077320217652,1783077320398541,1783077320434709,1783077320885417,1783077320943028
8,0,13,1783077321068947,1783077321085095,1783077321090543,1783077321090554,1783077321271645,1783077321307886,1783077321758666,1783077321816360
8,0,14,1783077321942502,1783077321958701,1783077321964143,1783077321964152,1783077322144868,1783077322181029,1783077322631689,1783077322689305
8,0,15,1783077322815241,1783077322831393,1783077322836832,1783077322836840,1783077323017825,1783077323053985,1783077323504685,1783077323562320
8,0,16,1783077323688245,1783077323704365,1783077323709802,1783077323709811,1783077323890671,1783077323926855,1783077324377514,1783077324435137
8,0,17,1783077324561116,1783077324577257,1783077324582699,1783077324582708,1783077324763189,1783077324799340,1783077325249652,1783077325307267
8,0,18,1783077325433192,1783077325449319,1783077325454761,1783077325454770,1783077325635783,1783077325671939,1783077326122593,1783077326180215
8,0,19,1783077326306159,1783077326322294,1783077326327735,1783077326327744,1783077326508610,1783077326544780,1783077326995470,1783077327053133
8,0,20,1783077327179229,1783077327195427,1783077327200894,1783077327200903,1783077327381457,1783077327417646,1783077327868273,1783077327925922
8,0,21,1783077328051817,1783077328067965,1783077328073411,1783077328073422,1783077328253894,1783077328290069,1783077328740713,1783077328798764
8,0,22,1783077328924731,1783077328940859,1783077328946303,1783077328946311,1783077329127175,1783077329163321,1783077329614016,1783077329671622
8,0,23,1783077329797560,1783077329813878,1783077329819324,1783077329819333,1783077330000252,1783077330036437,1783077330487144,1783077330544783
8,0,24,1783077330670774,1783077330686904,1783077330692346,1783077330692354,1783077330872993,1783077330909158,1783077331359853,1783077331417465
8,0,25,1783077331543371,1783077331559533,1783077331564982,1783077331564994,1783077331745696,1783077331781843,1783077332232548,1783077332290158
8,0,26,1783077332416115,1783077332432244,1783077332437688,1783077332437698,1783077332618751,1783077332654953,1783077333105666,1783077333163311
8,0,27,1783077333289415,1783077333305607,1783077333311078,1783077333311087,1783077333492013,1783077333528194,1783077333978731,1783077334036372
8,0,28,1783077334162322,1783077334178457,1783077334183901,1783077334183912,1783077334364649,1783077334400811,1783077334851466,1783077334909102
8,0,29,1783077335035033,1783077335051170,1783077335056609,1783077335056618,1783077335237440,1783077335273595,1783077335724315,1783077335781921
8,0,30,1783077335907852,1783077335923995,1783077335929437,1783077335929447,1783077336110319,1783077336146494,1783077336597355,1783077336655010
8,0,31,1783077336780933,1783077336797048,1783077336802491,1783077336802500,1783077336983530,1783077337019706,1783077337470398,1783077337528018
8,0,32,1783077337653953,1783077337670099,1783077337675538,1783077337675547,1783077337856441,1783077337892592,1783077338343195,1783077338400800
8,0,33,1783077338526736,1783077338542874,1783077338548317,1783077338548326,1783077338728945,1783077338765138,1783077339215813,1783077339273461
8,0,34,1783077339399715,1783077339415853,1783077339421297,1783077339421306,1783077339602252,1783077339638423,1783077340088773,1783077340146436
8,0,35,1783077340272373,1783077340288504,1783077340293971,1783077340293979,1783077340474362,1783077340510527,1783077340961240,1783077341019006
8,0,36,1783077341144933,1783077341161085,1783077341166535,1783077341166543,1783077341347505,1783077341383675,1783077341834384,1783077341892004
8,0,37,1783077342017933,1783077342034080,1783077342039535,1783077342039543,1783077342219945,1783077342256109,1783077342706789,1783077342764405
8,0,38,1783077342890333,1783077342906472,1783077342911917,1783077342911926,1783077343092537,1783077343128700,1783077343579306,1783077343636921
8,0,39,1783077343762849,1783077343778994,1783077343784436,1783077343784445,1783077343965411,1783077344001573,1783077344452299,1783077344509921
8,0,40,1783077344635851,1783077344651989,1783077344657443,1783077344657452,1783077344838400,1783077344874553,1783077345325285,1783077345382900
8,0,41,1783077345508855,1783077345524980,1783077345530428,1783077345530437,1783077345711410,1783077345747580,1783077346198275,1783077346255889
8,0,42,1783077346381816,1783077346397951,1783077346403388,1783077346403397,1783077346584266,1783077346620429,1783077347071160,1783077347128775
8,0,43,1783077347254701,1783077347270858,1783077347276297,1783077347276306,1783077347457255,1783077347493404,1783077347944060,1783077348001672
8,0,44,1783077348127594,1783077348143719,1783077348149165,1783077348149174,1783077348330073,1783077348366232,1783077348816897,1783077348874507
8,0,45,1783077349000434,1783077349016559,1783077349022014,1783077349022023,1783077349202807,1783077349238982,1783077349689691,1783077349747312
8,0,46,1783077349873242,1783077349889368,1783077349894813,1783077349894822,1783077350075599,1783077350111753,1783077350562466,1783077350620079
8,0,47,1783077350746009,1783077350762139,1783077350767599,1783077350767609,1783077350948580,1783077350984723,1783077351435376,1783077351492992
8,0,48,1783077351618903,1783077351635026,1783077351640471,1783077351640479,1783077351821332,1783077351857481,1783077352308172,1783077352365783
8,0,49,1783077352491717,1783077352507837,1783077352513314,1783077352513323,1783077352694129,1783077352730290,1783077353180690,1783077353238305
8,1,0,1783077353364217,1783077353380354,1783077353385821,1783077353385830,1783077353566702,1783077353602849,1783077354053603,1783077354111219
8,1,1,1783077354237151,1783077354253267,1783077354258711,1783077354258720,1783077354439399,1783077354475555,1783077354926156,1783077354983768
8,1,2,1783077355109667,1783077355125798,1783077355131248,1783077355131258,1783077355312124,1783077355348278,1783077355798826,1783077355856437
8,1,3,1783077355982377,1783077355998513,1783077356003962,1783077356003971,1783077356184913,1783077356221063,1783077356671701,1783077356729309
8,1,4,1783077356855254,1783077356871382,1783077356876823,1783077356876832,1783077357057765,1783077357093933,1783077357544618,1783077357602234
8,1,5,1783077357728159,1783077357744285,1783077357749730,1783077357749739,1783077357930430,1783077357966595,1783077358417305,1783077358474913
8,1,6,1783077358600848,1783077358616970,1783077358622430,1783077358622439,1783077358803286,1783077358839441,1783077359289760,1783077359347371
8,1,7,1783077359473302,1783077359489430,1783077359494882,1783077359494891,1783077359675120,1783077359711278,1783077360161863,1783077360219480
8,1,8,1783077360345398,1783077360361518,1783077360366965,1783077360366973,1783077360547220,1783077360583365,1783077361034110,1783077361091722
8,1,9,1783077361217637,1783077361233767,1783077361239208,1783077361239216,1783077361419755,1783077361455921,1783077361906560,1783077361964172
8,1,10,1783077362090104,1783077362106235,1783077362111682,1783077362111692,1783077362292329,1783077362328486,1783077362779107,1783077362836734
8,1,11,1783077362962662,1783077362978793,1783077362984236,1783077362984245,1783077363165038,1783077363201202,1783077363651851,1783077363709464
8,1,12,1783077363835367,1783077363851497,1783077363856943,1783077363856953,1783077364037437,1783077364073599,1783077364524270,1783077364581883
8,1,13,1783077364707807,1783077364723925,1783077364729371,1783077364729380,1783077364910261,1783077364946415,1783077365397116,1783077365454728
8,1,14,1783077365580667,1783077365596790,1783077365602227,1783077365602236,1783077365782709,1783077365818862,1783077366269479,1783077366327091
8,1,15,1783077366453007,1783077366469132,1783077366474574,1783077366474583,1783077366655465,1783077366691618,1783077367142391,1783077367200001
8,1,16,1783077367325917,1783077367342058,1783077367347509,1783077367347519,1783077367528061,1783077367564216,1783077368014799,1783077368072412
8,1,17,1783077368198332,1783077368214453,1783077368219903,1783077368219911,1783077368400802,1783077368436963,1783077368887644,1783077368945255
8,1,18,1783077369071174,1783077369087307,1783077369092748,1783077369092756,1783077369272985,1783077369309151,1783077369759431,1783077369817050
8,1,19,1783077369942989,1783077369959113,1783077369964557,1783077369964564,1783077370144950,1783077370181107,1783077370631857,1783077370689468
8,1,20,1783077370815373,1783077370831507,1783077370836956,1783077370836965,1783077371017974,1783077371054130,1783077371504843,1783077371562483
8,1,21,1783077371688413,1783077371704545,1783077371709988,1783077371709996,1783077371890342,1783077371926497,1783077372377153,1783077372434762
8,1,22,1783077372560673,1783077372576807,1783077372582247,1783077372582255,1783077372762735,1783077372798910,1783077373249449,1783077373307055
8,1,23,1783077373432985,1783077373449112,1783077373454553,1783077373454562,1783077373635412,1783077373671578,1783077374122195,1783077374179806
8,1,24,1783077374305717,1783077374321847,1783077374327286,1783077374327294,1783077374508072,1783077374544261,1783077374994894,1783077375052510
8,1,25,1783077375178440,1783077375194564,1783077375200001,1783077375200009,1783077375380360,1783077375416508,1783077375867167,1783077375924778
8,1,26,1783077376050711,1783077376066831,1783077376072275,1783077376072286,1783077376252946,1783077376289096,1783077376739727,1783077376797643
8,1,27,1783077376923558,1783077376939685,1783077376945127,1783077376945136,1783077377126164,1783077377162334,1783077377613006,1783077377670620
8,1,28,1783077377796544,1783077377812668,1783077377818109,1783077377818118,1783077377999107,1783077378035271,1783077378485905,1783077378543519
8,1,29,1783077378669430,1783077378685549,1783077378690988,1783077378690997,1783077378871998,1783077378908168,1783077379358818,1783077379416430
8,1,30,1783077379542380,1783077379558510,1783077379563949,1783077379563957,1783077379744840,1783077379780998,1783077380231633,1783077380289241
8,1,31,1783077380415145,1783077380431268,1783077380436708,1783077380436717,1783077380617295,1783077380653463,1783077381104084,1783077381161698
8,1,32,1783077381287623,1783077381303753,1783077381309195,1783077381309204,1783077381490039,1783077381526205,1783077381976845,1783077382034472
8,1,33,1783077382160386,1783077382176504,1783077382181946,1783077382181956,1783077382362128,1783077382398281,1783077382848855,1783077382906470
8,1,34,1783077383032403,1783077383048528,1783077383053970,1783077383053978,1783077383234821,1783077383270983,1783077383721654,1783077383779264
8,1,35,1783077383905159,1783077383921289,1783077383926732,1783077383926741,1783077384107535,1783077384143691,1783077384594428,1783077384652049
8,1,36,1783077384777961,1783077384794099,1783077384799543,1783077384799553,1783077384980288,1783077385016452,1783077385467184,1783077385524797
8,1,37,1783077385650727,1783077385666848,1783077385672290,1783077385672299,1783077385852814,1783077385888980,1783077386339601,1783077386397207
8,1,38,1783077386523131,1783077386539270,1783077386544709,1783077386544718,1783077386725521,1783077386761687,1783077387212335,1783077387269950
8,1,39,1783077387395903,1783077387412041,1783077387417483,1783077387417493,1783077387598026,1783077387634197,1783077388084861,1783077388142473
8,1,40,1783077388268393,1783077388284511,1783077388289954,1783077388289964,1783077388470634,1783077388506782,1783077388957521,1783077389015141
8,1,41,1783077389141056,1783077389157183,1783077389162625,1783077389162635,1783077389343512,1783077389379658,1783077389830291,1783077389887903
8,1,42,1783077390013823,1783077390029944,1783077390035384,1783077390035392,1783077390216349,1783077390252501,1783077390703142,1783077390760756
8,1,43,1783077390886688,1783077390902823,1783077390908265,1783077390908273,1783077391088958,1783077391125124,1783077391575825,1783077391633437
8,1,44,1783077391759363,1783077391775480,1783077391780921,1783077391780930,1783077391961677,1783077391997830,1783077392448419,1783077392506037
8,1,45,1783077392631960,1783077392648083,1783077392653523,1783077392653531,1783077392834327,1783077392870492,1783077393321158,1783077393378773
8,1,46,1783077393504705,1783077393520830,1783077393526268,1783077393526278,1783077393707222,1783077393743386,1783077394194061,1783077394251682
8,1,47,1783077394377587,1783077394393723,1783077394399165,1783077394399175,1783077394580154,1783077394616310,1783077395066956,1783077395124569
8,1,48,1783077395250482,1783077395266609,1783077395272047,1783077395272056,1783077395452924,1783077395489087,1783077395939696,1783077395997304
8,1,49,1783077396123224,1783077396139355,1783077396144794,1783077396144803,1783077396325674,1783077396361846,1783077396812466,1783077396870075
8,2,0,1783077396996000,1783077397012131,1783077397017571,1783077397017579,1783077397198461,1783077397234625,1783077397685291,1783077397742904
8,2,1,1783077397868831,1783077397884956,1783077397890397,1783077397890406,1783077398071632,1783077398107786,1783077398558427,1783077398616037
8,2,2,1783077398741962,1783077398758100,1783077398763544,1783077398763553,1783077398944375,1783077398980524,1783077399431193,1783077399488810
8,2,3,1783077399614747,1783077399630880,1783077399636324,1783077399636333,1783077399817108,1783077399853267,1783077400303871,1783077400361481
8,2,4,1783077400487409,1783077400503530,1783077400508970,1783077400508978,1783077400689553,1783077400725721,1783077401176366,1783077401233982
8,2,5,1783077401359914,1783077401376040,1783077401381482,1783077401381490,1783077401562279,1783077401598445,1783077402049074,1783077402106683
8,2,6,1783077402232605,1783077402248724,1783077402254164,1783077402254173,1783077402435165,1783077402471334,1783077402922013,1783077402979924
8,2,7,1783077403105853,1783077403122000,1783077403127440,1783077403127449,1783077403308014,1783077403344168,1783077403794793,1783077403852403
8,2,8,1783077403978338,1783077403994462,1783077403999904,1783077403999912,1783077404180979,1783077404217134,1783077404667753,1783077404725361
8,2,9,1783077404851285,1783077404867405,1783077404872845,1783077404872854,1783077405053774,1783077405089925,1783077405540612,1783077405598234
8,2,10,1783077405724138,1783077405740285,1783077405745726,1783077405745736,1783077405926419,1783077405962581,1783077406413229,1783077406470851
8,2,11,1783077406596800,1783077406612919,1783077406618363,1783077406618373,1783077406799246,1783077406835410,1783077407286074,1783077407343682
8,2,12,1783077407469586,1783077407485713,1783077407491153,1783077407491161,1783077407671703,1783077407707870,1783077408158494,1783077408216111
8,2,13,1783077408342041,1783077408358173,1783077408363615,1783077408363625,1783077408544416,1783077408580572,1783077409031222,1783077409088829
8,2,14,1783077409214749,1783077409230884,1783077409236324,1783077409236333,1783077409417323,1783077409453488,1783077409904110,1783077409961723
8,2,15,1783077410087644,1783077410103759,1783077410109201,1783077410109209,1783077410290153,1783077410326308,1783077410776947,1783077410834557
8,2,16,1783077410960491,1783077410976613,1783077410982055,1783077410982062,1783077411162924,1783077411199084,1783077411649738,1783077411707367
8,2,17,1783077411833297,1783077411849422,1783077411854862,1783077411854871,1783077412035737,1783077412071885,1783077412522604,1783077412580215
8,2,18,1783077412706146,1783077412722270,1783077412727711,1783077412727720,1783077412908459,1783077412944602,1783077413395276,1783077413452888
8,2,19,1783077413578794,1783077413594917,1783077413600358,1783077413600367,1783077413781278,1783077413817439,1783077414268083,1783077414325695
8,2,20,1783077414451609,1783077414467731,1783077414473171,1783077414473179,1783077414653741,1783077414689901,1783077415140457,1783077415198071
8,2,21,1783077415324002,1783077415340123,1783077415345564,1783077415345573,1783077415526361,1783077415562526,1783077416013077,1783077416070691
8,2,22,1783077416196610,1783077416212736,1783077416218176,1783077416218185,1783077416398853,1783077416435017,1783077416885644,1783077416943257
8,2,23,1783077417069170,1783077417085297,1783077417090737,1783077417090745,1783077417271144,1783077417307303,1783077417758034,1783077417815652
8,2,24,1783077417941591,1783077417957725,1783077417963164,1783077417963172,1783077418143984,1783077418180133,1783077418630839,1783077418688469
8,2,25,1783077418814389,1783077418830514,1783077418835957,1783077418835965,1783077419016579,1783077419052744,1783077419503366,1783077419560983
8,2,26,1783077419686894,1783077419703026,1783077419708466,1783077419708475,1783077419889409,1783077419925560,1783077420376189,1783077420433808
8,2,27,1783077420559734,1783077420575855,1783077420581292,1783077420581300,1783077420762130,1783077420798295,1783077421248863,1783077421306476
8,2,28,1783077421432383,1783077421448508,1783077421453951,1783077421453960,1783077421634347,1783077421670499,1783077422121029,1783077422178648
8,2,29,1783077422304563,1783077422320679,1783077422326117,1783077422326126,1783077422507071,1783077422543255,1783077422993900,1783077423051524
8,2,30,1783077423177451,1783077423193577,1783077423199014,1783077423199022,1783077423379684,1783077423415843,1783077423866533,1783077423924147
8,2,31,1783077424050066,1783077424066205,1783077424071648,1783077424071658,1783077424252513,1783077424288658,1783077424739257,1783077424796870
8,2,32,1783077424922787,1783077424938905,1783077424944344,1783077424944353,1783077425125130,1783077425161289,1783077425611918,1783077425669531
8,2,33,1783077425795448,1783077425811571,1783077425817012,1783077425817021,1783077425997911,1783077426034075,1783077426484747,1783077426542367
8,2,34,1783077426668299,1783077426684420,1783077426689862,1783077426689871,1783077426870678,1783077426906831,1783077427357549,1783077427415163
8,2,35,1783077427541071,1783077427557198,1783077427562635,1783077427562645,1783077427742908,1783077427779058,1783077428229749,1783077428287363
8,2,36,1783077428413282,1783077428429408,1783077428434849,1783077428434858,1783077428615109,1783077428651253,1783077429101977,1783077429159591
8,2,37,1783077429285514,1783077429301646,1783077429307085,1783077429307095,1783077429487378,1783077429523536,1783077429974184,1783077430031797
8,2,38,1783077430157720,1783077430173841,1783077430179276,1783077430179285,1783077430359903,1783077430396062,1783077430846705,1783077430904317
8,2,39,1783077431030237,1783077431046358,1783077431051796,1783077431051804,1783077431232172,1783077431268336,1783077431718959,1783077431776571
8,2,40,1783077431902494,1783077431918621,1783077431924069,1783077431924080,1783077432104874,1783077432141022,1783077432591696,1783077432649310
8,2,41,1783077432775225,1783077432791361,1783077432796801,1783077432796810,1783077432977667,1783077433013829,1783077433464467,1783077433522078
8,2,42,1783077433648028,1783077433664151,1783077433669590,1783077433669598,1783077433850362,1783077433886521,1783077434337232,1783077434394841
8,2,43,1783077434520770,1783077434536904,1783077434542341,1783077434542349,1783077434723159,1783077434759317,1783077435210014,1783077435267631
8,2,44,1783077435393540,1783077435409657,1783077435415096,1783077435415105,1783077435595755,1783077435631907,1783077436082582,1783077436140197
8,2,45,1783077436266130,1783077436282246,1783077436287684,1783077436287692,1783077436468196,1783077436504343,1783077436955014,1783077437012626
8,2,46,1783077437138546,1783077437154671,1783077437160108,1783077437160117,1783077437340888,1783077437377035,1783077437827739,1783077437885347
8,2,47,1783077438011260,1783077438027383,1783077438032822,1783077438032830,1783077438213575,1783077438249727,1783077438700366,1783077438757983
8,2,48,1783077438883923,1783077438900061,1783077438905501,1783077438905510,1783077439086507,1783077439122666,1783077439573367,1783077439630981
8,2,49,1783077439756902,1783077439773021,1783077439778457,1783077439778465,1783077439959219,1783077439995378,1783077440446030,1783077440503648
8,3,0,1783077440629549,1783077440645668,1783077440651110,1783077440651119,1783077440831938,1783077440868111,1783077441318849,1783077441376461
8,3,1,1783077441502383,1783077441518500,1783077441523939,1783077441523947,1783077441704713,1783077441740864,1783077442191495,1783077442249111
8,3,2,1783077442375023,1783077442391137,1783077442396581,1783077442396590,1783077442577242,1783077442613401,1783077443064063,1783077443121677
8,3,3,1783077443247576,1783077443263695,1783077443269135,1783077443269144,1783077443450060,1783077443486224,1783077443936784,1783077443994394
8,3,4,1783077444120312,1783077444136433,1783077444141873,1783077444141881,1783077444322359,1783077444358521,1783077444809153,1783077444866763
8,3,5,1783077444992682,1783077445008813,1783077445014254,1783077445014263,1783077445194989,1783077445231139,1783077445681825,1783077445739437
8,3,6,1783077445865381,1783077445881507,1783077445886948,1783077445886957,1783077446067828,1783077446103973,1783077446554607,1783077446612228
8,3,7,1783077446738163,1783077446754279,1783077446759717,1783077446759725,1783077446940281,1783077446976446,1783077447427143,1783077447484770
8,3,8,1783077447610696,1783077447626819,1783077447632259,1783077447632268,1783077447813020,1783077447849175,1783077448299877,1783077448357489
8,3,9,1783077448483388,1783077448499511,1783077448504950,1783077448504958,1783077448685836,1783077448722002,1783077449172675,1783077449230296
8,3,10,1783077449356193,1783077449372312,1783077449377753,1783077449377761,1783077449558654,1783077449594818,1783077450045379,1783077450102990
8,3,11,1783077450228916,1783077450245033,1783077450250472,1783077450250481,1783077450430653,1783077450466806,1783077450917472,1783077450975085
8,3,12,1783077451101005,1783077451117128,1783077451122568,1783077451122577,1783077451303439,1783077451339595,1783077451790201,1783077451847812
8,3,13,1783077451973724,1783077451989862,1783077451995299,1783077451995307,1783077452176188,1783077452212339,1783077452662950,1783077452720563
8,3,14,1783077452846485,1783077452862619,1783077452868058,1783077452868066,1783077453048892,1783077453085054,1783077453535687,1783077453593300
8,3,15,1783077453719220,1783077453735347,1783077453740785,1783077453740793,1783077453921434,1783077453957598,1783077454408287,1783077454465900
8,3,16,1783077454591816,1783077454607957,1783077454613395,1783077454613403,1783077454794172,1783077454830330,1783077455281047,1783077455338657
8,3,17,1783077455464579,1783077455480726,1783077455486166,1783077455486174,1783077455666932,1783077455703088,1783077456153752,1783077456211364
8,3,18,1783077456337290,1783077456353429,1783077456358869,1783077456358877,1783077456539157,1783077456575310,1783077457026003,1783077457083609
8,3,19,1783077457209528,1783077457225664,1783077457231104,1783077457231112,1783077457411691,1783077457447853,1783077457898572,1783077457956189
8,3,20,1783077458082126,1783077458098263,1783077458103706,1783077458103716,1783077458284793,1783077458320946,1783077458771626,1783077458829250
8,3,21,1783077458955157,1783077458971297,1783077458976738,1783077458976747,1783077459157388,1783077459193543,1783077459644169,1783077459701788
8,3,22,1783077459827712,1783077459843830,1783077459849272,1783077459849281,1783077460030045,1783077460066198,1783077460516860,1783077460574475
8,3,23,1783077460700397,1783077460716520,1783077460721962,1783077460721971,1783077460902659,1783077460938816,1783077461389553,1783077461447177
8,3,24,1783077461573108,1783077461589241,1783077461594678,1783077461594687,1783077461775634,1783077461811792,1783077462262451,1783077462320064
8,3,25,1783077462445981,1783077462462105,1783077462467547,1783077462467556,1783077462648442,1783077462684602,1783077463135248,1783077463192882
8,3,26,1783077463318803,1783077463334933,1783077463340373,1783077463340382,1783077463521287,1783077463557449,1783077464008205,1783077464065818
8,3,27,1783077464191728,1783077464207845,1783077464213285,1783077464213293,1783077464393810,1783077464429965,1783077464880672,1783077464938287
8,3,28,1783077465064214,1783077465080340,1783077465085782,1783077465085791,1783077465266722,1783077465302879,1783077465753515,1783077465811126
8,3,29,1783077465937030,1783077465953172,1783077465958613,1783077465958622,1783077466139778,1783077466175929,1783077466626571,1783077466684188
8,3,30,1783077466810111,1783077466826239,1783077466831685,1783077466831694,1783077467012593,1783077467048743,1783077467499163,1783077467556784
8,3,31,1783077467682702,1783077467698844,1783077467704287,1783077467704296,1783077467885077,1783077467921227,1783077468371844,1783077468429465
8,3,32,1783077468555399,1783077468571544,1783077468576980,1783077468576990,1783077468757775,1783077468793927,1783077469244504,1783077469302117
8,3,33,1783077469428045,1783077469444183,1783077469449626,1783077469449635,1783077469630416,1783077469666566,1783077470117316,1783077470174945
8,3,34,1783077470300848,1783077470316995,1783077470322436,1783077470322445,1783077470503285,1783077470539464,1783077470990218,1783077471047834
8,3,35,1783077471173749,1783077471189881,1783077471195316,1783077471195325,1783077471376094,1783077471412248,1783077471862915,1783077471920530
8,3,36,1783077472046432,1783077472062552,1783077472067992,1783077472067999,1783077472248777,1783077472284924,1783077472735660,1783077472793267
8,3,37,1783077472919188,1783077472935313,1783077472940750,1783077472940758,1783077473121467,1783077473157624,1783077473608329,1783077473665941
8,3,38,1783077473791868,1783077473808004,1783077473813444,1783077473813453,1783077473993836,1783077474029992,1783077474480693,1783077474538314
8,3,39,1783077474664237,1783077474680358,1783077474685796,1783077474685804,1783077474866801,1783077474902962,1783077475353645,1783077475411254
8,3,40,1783077475537176,1783077475553297,1783077475558732,1783077475558741,1783077475739643,1783077475775798,1783077476226422,1783077476284039
8,3,41,1783077476409956,1783077476426084,1783077476431525,1783077476431534,1783077476612224,1783077476648396,1783077477099036,1783077477156644
8,3,42,1783077477282568,1783077477298688,1783077477304126,1783077477304134,1783077477484516,1783077477520678,1783077477971333,1783077478028945
8,3,43,1783077478154860,1783077478170988,1783077478176426,1783077478176434,1783077478357173,1783077478393336,1783077478844018,1783077478901646
8,3,44,1783077479027556,1783077479043688,1783077479049127,1783077479049136,1783077479229783,1783077479265938,1783077479716566,1783077479774190
8,3,45,1783077479900115,1783077479916253,1783077479921691,1783077479921699,1783077480102307,1783077480138461,1783077480589093,1783077480646704
8,3,46,1783077480772636,1783077480788779,1783077480794215,1783077480794225,1783077480975011,1783077481011164,1783077481461818,1783077481519431
8,3,47,1783077481645363,1783077481661498,1783077481666936,1783077481666944,1783077481847606,1783077481883770,1783077482334385,1783077482391998
8,3,48,1783077482517916,1783077482534066,1783077482539506,1783077482539515,1783077482720535,1783077482756674,1783077483207241,1783077483264854
8,3,49,1783077483390771,1783077483406906,1783077483412342,1783077483412351,1783077483592990,1783077483629158,1783077484079773,1783077484137386
8,4,0,1783077484263306,1783077484279431,1783077484284872,1783077484284881,1783077484465691,1783077484501838,1783077484952553,1783077485010165
8,4,1,1783077485136091,1783077485152209,1783077485157646,1783077485157654,1783077485338019,1783077485374167,1783077485824781,1783077485882694
8,4,2,1783077486008615,1783077486024739,1783077486030176,1783077486030186,1783077486210756,1783077486246908,1783077486697611,1783077486755221
8,4,3,1783077486881139,1783077486897267,1783077486902703,1783077486902712,1783077487083841,1783077487120003,1783077487570583,1783077487628193
8,4,4,1783077487754123,1783077487770240,1783077487775677,1783077487775685,1783077487956739,1783077487992898,1783077488443561,1783077488501181
8,4,5,1783077488627114,1783077488643239,1783077488648679,1783077488648688,1783077488829655,1783077488865804,1783077489316460,1783077489374075
8,4,6,1783077489499973,1783077489516096,1783077489521532,1783077489521540,1783077489702350,1783077489738503,1783077490189115,1783077490246729
8,4,7,1783077490372674,1783077490388816,1783077490394253,1783077490394262,1783077490575146,1783077490611301,1783077491061965,1783077491119575
8,4,8,1783077491245503,1783077491261644,1783077491267081,1783077491267090,1783077491447858,1783077491484008,1783077491934705,1783077491992310
8,4,9,1783077492118212,1783077492134337,1783077492139777,1783077492139785,1783077492320294,1783077492356436,1783077492807108,1783077492864718
8,4,10,1783077492990647,1783077493006786,1783077493012225,1783077493012234,1783077493192896,1783077493229059,1783077493679722,1783077493737332
8,4,11,1783077493863257,1783077493879389,1783077493884832,1783077493884841,1783077494065383,1783077494101531,1783077494552271,1783077494609879
8,4,12,1783077494735779,1783077494751915,1783077494757353,1783077494757362,1783077494938425,1783077494974584,1783077495425281,1783077495482890
8,4,13,1783077495608822,1783077495624958,1783077495630394,1783077495630402,1783077495811290,1783077495847441,1783077496298062,1783077496355670
8,4,14,1783077496481588,1783077496497715,1783077496503150,1783077496503158,1783077496684102,1783077496720267,1783077497170950,1783077497228566
8,4,15,1783077497354494,1783077497370620,1783077497376055,1783077497376063,1783077497556629,1783077497592783,1783077498043404,1783077498101012
8,4,16,1783077498226949,1783077498243066,1783077498248502,1783077498248511,1783077498429266,1783077498465416,1783077498916017,1783077498973639
8,4,17,1783077499099572,1783077499115702,1783077499121139,1783077499121148,1783077499301721,1783077499337874,1783077499788526,1783077499846134
8,4,18,1783077499972054,1783077499988179,1783077499993614,1783077499993623,1783077500174436,1783077500210585,1783077500661319,1783077500718938
8,4,19,1783077500844840,1783077500860961,1783077500866400,1783077500866409,1783077501047386,1783077501083551,1783077501534189,1783077501591806
8,4,20,1783077501717743,1783077501733874,1783077501739307,1783077501739315,1783077501920406,1783077501956562,1783077502407123,1783077502464732
8,4,21,1783077502590650,1783077502606779,1783077502612215,1783077502612224,1783077502792662,1783077502828824,1783077503279518,1783077503337128
8,4,22,1783077503463067,1783077503479207,1783077503484647,1783077503484657,1783077503665447,1783077503701595,1783077504152276,1783077504209896
8,4,23,1783077504335807,1783077504351939,1783077504357379,1783077504357388,1783077504538143,1783077504574276,1783077505024955,1783077505082568
8,4,24,1783077505208490,1783077505224628,1783077505230065,1783077505230073,1783077505411123,1783077505447276,1783077505897983,1783077505955604
8,4,25,1783077506081525,1783077506097658,1783077506103098,1783077506103108,1783077506283679,1783077506319819,1783077506770521,1783077506828132
8,4,26,1783077506954042,1783077506970181,1783077506975619,1783077506975628,1783077507156148,1783077507192288,1783077507642848,1783077507700456
8,4,27,1783077507826365,1783077507842503,1783077507847938,1783077507847945,1783077508028888,1783077508065048,1783077508515660,1783077508573269
8,4,28,1783077508699188,1783077508715333,1783077508720775,1783077508720785,1783077508901216,1783077508937372,1783077509388085,1783077509445691
8,4,29,1783077509571628,1783077509587749,1783077509593189,1783077509593198,1783077509773914,1783077509810065,1783077510260694,1783077510318305
8,4,30,1783077510444235,1783077510460351,1783077510465797,1783077510465807,1783077510646430,1783077510682576,1783077511133278,1783077511190888
8,4,31,1783077511316786,1783077511332902,1783077511338342,1783077511338351,1783077511519188,1783077511555345,1783077512006014,1783077512063624
8,4,32,1783077512189537,1783077512205650,1783077512211089,1783077512211097,1783077512391988,1783077512428132,1783077512878763,1783077512936374
8,4,33,1783077513062294,1783077513078416,1783077513083856,1783077513083865,1783077513264577,1783077513300722,1783077513751310,1783077513808919
8,4,34,1783077513934841,1783077513950982,1783077513956433,1783077513956443,1783077514137330,1783077514173476,1783077514624130,1783077514681741
8,4,35,1783077514807658,1783077514823801,1783077514829251,1783077514829260,1783077515010424,1783077515046571,1783077515497256,1783077515555169
8,4,36,1783077515681082,1783077515697218,1783077515702658,1783077515702667,1783077515883580,1783077515919731,1783077516370299,1783077516427925
8,4,37,1783077516553823,1783077516569950,1783077516575386,1783077516575395,1783077516756233,1783077516792399,1783077517243146,1783077517300754
8,4,38,1783077517426652,1783077517442774,1783077517448221,1783077517448229,1783077517629269,1783077517665412,1783077518116153,1783077518173762
8,4,39,1783077518299655,1783077518315787,1783077518321227,1783077518321235,1783077518502310,1783077518538473,1783077518989096,1783077519046711
8,4,40,1783077519172634,1783077519188760,1783077519194198,1783077519194207,1783077519374976,1783077519411119,1783077519861821,1783077519919430
8,4,41,1783077520045343,1783077520061469,1783077520066920,1783077520066928,1783077520247440,1783077520283587,1783077520734297,1783077520791912
8,4,42,1783077520917828,1783077520933948,1783077520939385,1783077520939393,1783077521120436,1783077521156588,1783077521607247,1783077521664852
8,4,43,1783077521790770,1783077521806902,1783077521812345,1783077521812353,1783077521992838,1783077522028982,1783077522479699,1783077522537316
8,4,44,1783077522663260,1783077522679380,1783077522684819,1783077522684828,1783077522865722,1783077522901889,1783077523352530,1783077523410144
8,4,45,1783077523536066,1783077523552198,1783077523557640,1783077523557649,1783077523738442,1783077523774606,1783077524225253,1783077524282862
8,4,46,1783077524408763,1783077524424879,1783077524430320,1783077524430328,1783077524610665,1783077524646831,1783077525097517,1783077525155148
8,4,47,1783077525281045,1783077525297165,1783077525302620,1783077525302629,1783077525483386,1783077525519544,1783077525970218,1783077526027836
8,4,48,1783077526153742,1783077526169865,1783077526175316,1783077526175324,1783077526355688,1783077526391838,1783077526842445,1783077526900053
8,4,49,1783077527025969,1783077527042109,1783077527047548,1783077527047556,1783077527228482,1783077527264631,1783077527715369,1783077527772979
8,5,0,1783077527898907,1783077527915038,1783077527920480,1783077527920488,1783077528101318,1783077528137470,1783077528588164,1783077528645774
8,5,1,1783077528771694,1783077528787833,1783077528793274,1783077528793283,1783077528974149,1783077529010291,1783077529460860,1783077529518469
8,5,2,1783077529644402,1783077529660528,1783077529665970,1783077529665979,1783077529846776,1783077529882935,1783077530333507,1783077530391118
8,5,3,1783077530517024,1783077530533163,1783077530538609,1783077530538618,1783077530719825,1783077530755983,1783077531206699,1783077531264309
8,5,4,1783077531390218,1783077531406346,1783077531411785,1783077531411794,1783077531592522,1783077531628681,1783077532079324,1783077532136934
8,5,5,1783077532262835,1783077532278955,1783077532284408,1783077532284418,1783077532465284,1783077532501437,1783077532952159,1783077533009773
8,5,6,1783077533135678,1783077533151804,1783077533157256,1783077533157266,1783077533338268,1783077533374430,1783077533825000,1783077533882611
8,5,7,1783077534008552,1783077534024677,1783077534030128,1783077534030137,1783077534211047,1783077534247203,1783077534697852,1783077534755465
8,5,8,1783077534881376,1783077534897494,1783077534902940,1783077534902949,1783077535083387,1783077535119542,1783077535570183,1783077535627797
8,5,9,1783077535753710,1783077535769828,1783077535775288,1783077535775297,1783077535956099,1783077535992241,1783077536442889,1783077536500501
8,5,10,1783077536626431,1783077536642552,1783077536648014,1783077536648023,1783077536828995,1783077536865147,1783077537315780,1783077537373402
8,5,11,1783077537499307,1783077537515431,1783077537520890,1783077537520899,1783077537701346,1783077537737501,1783077538188097,1783077538245710
8,5,12,1783077538371622,1783077538387750,1783077538393193,1783077538393201,1783077538574154,1783077538610315,1783077539060989,1783077539118602
8,5,13,1783077539244522,1783077539260655,1783077539266099,1783077539266109,1783077539446885,1783077539483048,1783077539933639,1783077539991252
8,5,14,1783077540117169,1783077540133299,1783077540138736,1783077540138745,1783077540319641,1783077540355792,1783077540806510,1783077540864123
8,5,15,1783077540990044,1783077541006195,1783077541011646,1783077541011656,1783077541192654,1783077541228804,1783077541679512,1783077541737132
8,5,16,1783077541863045,1783077541879175,1783077541884632,1783077541884641,1783077542065427,1783077542101576,1783077542552215,1783077542609838
8,5,17,1783077542735781,1783077542751914,1783077542757361,1783077542757371,1783077542937962,1783077542974137,1783077543424756,1783077543482372
8,5,18,1783077543608301,1783077543624433,1783077543629885,1783077543629893,1783077543810680,1783077543846833,1783077544297555,1783077544355167
8,5,19,1783077544481070,1783077544497202,1783077544502642,1783077544502650,1783077544683638,1783077544719807,1783077545170506,1783077545228130
8,5,20,1783077545354054,1783077545370190,1783077545375630,1783077545375639,1783077545556536,1783077545592682,1783077546043264,1783077546100872
8,5,21,1783077546226800,1783077546242912,1783077546248355,1783077546248363,1783077546429230,1783077546465392,1783077546916130,1783077546973743
8,5,22,1783077547099665,1783077547115801,1783077547121244,1783077547121252,1783077547302016,1783077547338165,1783077547788874,1783077547846487
8,5,23,1783077547972408,1783077547988534,1783077547993988,1783077547993997,1783077548174861,1783077548211015,1783077548661698,1783077548719308
8,5,24,1783077548845223,1783077548861350,1783077548866789,1783077548866797,1783077549047394,1783077549083559,1783077549534230,1783077549591843
8,5,25,1783077549717754,1783077549733878,1783077549739333,1783077549739342,1783077549920167,1783077549956337,1783077550406990,1783077550464604
8,5,26,1783077550590563,1783077550606694,1783077550612146,1783077550612155,1783077550792634,1783077550828797,1783077551279468,1783077551337076
8,5,27,1783077551463002,1783077551479139,1783077551484587,1783077551484596,1783077551665659,1783077551701826,1783077552152526,1783077552210142
8,5,28,1783077552336062,1783077552352187,1783077552357628,1783077552357636,1783077552538744,1783077552574902,1783077553025587,1783077553083201
8,5,29,1783077553209114,1783077553225245,1783077553230698,1783077553230707,1783077553411263,1783077553447422,1783077553898148,1783077553955762
8,5,30,1783077554081675,1783077554097811,1783077554103252,1783077554103263,1783077554284376,1783077554320534,1783077554771207,1783077554828819
8,5,31,1783077554954715,1783077554970861,1783077554976314,1783077554976322,1783077555157142,1783077555193308,1783077555644002,1783077555701614
8,5,32,1783077555827532,1783077555843662,1783077555849116,1783077555849125,1783077556029573,1783077556065729,1783077556516373,1783077556573979
8,5,33,1783077556699894,1783077556716028,1783077556721468,1783077556721477,1783077556902396,1783077556938560,1783077557389274,1783077557446889
8,5,34,1783077557572822,1783077557588947,1783077557594385,1783077557594394,1783077557775175,1783077557811335,1783077558262054,1783077558319663
8,5,35,1783077558445584,1783077558461713,1783077558467170,1783077558467179,1783077558647863,1783077558684021,1783077559134682,1783077559192306
8,5,36,1783077559318231,1783077559334351,1783077559339793,1783077559339802,1783077559520656,1783077559556812,1783077560007494,1783077560065103
8,5,37,1783077560191016,1783077560207134,1783077560212591,1783077560212601,1783077560393195,1783077560429356,1783077560880051,1783077560937663
8,5,38,1783077561063575,1783077561079697,1783077561085138,1783077561085146,1783077561266091,1783077561302249,1783077561752953,1783077561810573
8,5,39,1783077561936519,1783077561952639,1783077561958108,1783077561958120,1783077562139045,1783077562175199,1783077562625889,1783077562683498
8,5,40,1783077562809413,1783077562825539,1783077562830995,1783077562831003,1783077563011362,1783077563047528,1783077563498268,1783077563555889
8,5,41,1783077563681813,1783077563697953,1783077563703398,1783077563703407,1783077563884289,1783077563920440,1783077564371072,1783077564428682
8,5,42,1783077564554602,1783077564570733,1783077564576170,1783077564576179,1783077564756762,1783077564792921,1783077565243565,1783077565301179
8,5,43,1783077565427100,1783077565443232,1783077565448684,1783077565448693,1783077565629493,1783077565665659,1783077566116358,1783077566173969
8,5,44,1783077566299868,1783077566315986,1783077566321425,1783077566321434,1783077566502172,1783077566538332,1783077566989019,1783077567046632
8,5,45,1783077567172556,1783077567188681,1783077567194121,1783077567194130,1783077567375014,1783077567411165,1783077567861853,1783077567919463
8,5,46,1783077568045388,1783077568061517,1783077568066955,1783077568066964,1783077568247998,1783077568284152,1783077568734849,1783077568792457
8,5,47,1783077568918381,1783077568934510,1783077568939964,1783077568939973,1783077569120649,1783077569156813,1783077569607137,1783077569664766
8,5,48,1783077569790695,1783077569806815,1783077569812255,1783077569812263,1783077569992802,1783077570028959,1783077570479656,1783077570537283
8,5,49,1783077570663192,1783077570679316,1783077570684767,1783077570684775,1783077570865886,1783077570902039,1783077571352484,1783077571410109
8,6,0,1783077571536039,1783077571552175,1783077571557630,1783077571557638,1783077571738654,1783077571774807,1783077572225422,1783077572283033
8,6,1,1783077572408949,1783077572425070,1783077572430507,1783077572430514,1783077572611682,1783077572647844,1783077573098538,1783077573156145
8,6,2,1783077573282069,1783077573298195,1783077573303644,1783077573303653,1783077573484753,1783077573520902,1783077573971546,1783077574029156
8,6,3,1783077574155082,1783077574171201,1783077574176646,1783077574176655,1783077574357769,1783077574393934,1783077574844560,1783077574902170
8,6,4,1783077575028082,1783077575044202,1783077575049657,1783077575049667,1783077575230512,1783077575266665,1783077575717346,1783077575774958
8,6,5,1783077575900876,1783077575916999,1783077575922436,1783077575922444,1783077576103313,1783077576139464,1783077576590118,1783077576647732
8,6,6,1783077576773649,1783077576789782,1783077576795227,1783077576795236,1783077576976163,1783077577012320,1783077577463054,1783077577520668
8,6,7,1783077577646606,1783077577662731,1783077577668172,1783077577668180,1783077577849359,1783077577885521,1783077578336259,1783077578393873
8,6,8,1783077578519799,1783077578535933,1783077578541399,1783077578541408,1783077578722118,1783077578758269,1783077579208930,1783077579266538
8,6,9,1783077579392459,1783077579408582,1783077579414034,1783077579414043,1783077579594573,1783077579630738,1783077580081304,1783077580138915
8,6,10,1783077580264832,1783077580280956,1783077580286410,1783077580286419,1783077580467306,1783077580503463,1783077580954116,1783077581011730
8,6,11,1783077581137676,1783077581153806,1783077581159261,1783077581159271,1783077581339906,1783077581376069,1783077581826697,1783077581884314
8,6,12,1783077582010250,1783077582026370,1783077582031810,1783077582031818,1783077582212718,1783077582248874,1783077582699587,1783077582757197
8,6,13,1783077582883137,1783077582899271,1783077582904716,1783077582904725,1783077583085178,1783077583121339,1783077583572059,1783077583629676
8,6,14,1783077583755602,1783077583771726,1783077583777167,1783077583777177,1783077583957881,1783077583994040,1783077584444815,1783077584502429
8,6,15,1783077584628354,1783077584644467,1783077584649914,1783077584649924,1783077584830911,1783077584867062,1783077585317622,1783077585375231
8,6,16,1783077585501150,1783077585517275,1783077585522718,1783077585522728,1783077585702991,1783077585739140,1783077586189734,1783077586247343
8,6,17,1783077586373262,1783077586389391,1783077586394844,1783077586394853,1783077586575672,1783077586611836,1783077587062509,1783077587120119
8,6,18,1783077587246030,1783077587262167,1783077587267616,1783077587267626,1783077587448241,1783077587484393,1783077587935018,1783077587992633
8,6,19,1783077588118549,1783077588134669,1783077588140115,1783077588140125,1783077588321072,1783077588357225,1783077588807857,1783077588865477
8,6,20,1783077588991384,1783077589007512,1783077589012954,1783077589012963,1783077589193958,1783077589230116,1783077589680802,1783077589738420
8,6,21,1783077589864339,1783077589880471,1783077589885913,1783077589885921,1783077590066648,1783077590102795,1783077590553430,1783077590611055
8,6,22,1783077590736980,1783077590753108,1783077590758551,1783077590758561,1783077590938975,1783077590975124,1783077591425848,1783077591483460
8,6,23,1783077591609380,1783077591625510,1783077591630947,1783077591630955,1783077591811970,1783077591848121,1783077592298834,1783077592356445
8,6,24,1783077592482361,1783077592498485,1783077592503939,1783077592503948,1783077592684434,1783077592720588,1783077593171212,1783077593228822
8,6,25,1783077593354747,1783077593370878,1783077593376341,1783077593376350,1783077593557125,1783077593593293,1783077594043988,1783077594101604
8,6,26,1783077594227505,1783077594243628,1783077594249079,1783077594249088,1783077594430205,1783077594466356,1783077594917063,1783077594974678
8,6,27,1783077595100608,1783077595116727,1783077595122169,1783077595122178,1783077595303309,1783077595339452,1783077595790146,1783077595847765
8,6,28,1783077595973669,1783077595989789,1783077595995236,1783077595995246,1783077596175539,1783077596211690,1783077596662071,1783077596719689
8,6,29,1783077596845605,1783077596861721,1783077596867161,1783077596867169,1783077597047951,1783077597084115,1783077597534745,1783077597592354
8,6,30,1783077597718276,1783077597734403,1783077597739853,1783077597739862,1783077597920698,1783077597956860,1783077598407554,1783077598465162
8,6,31,1783077598591093,1783077598607215,1783077598612655,1783077598612665,1783077598793243,1783077598829398,1783077599280042,1783077599337652
8,6,32,1783077599463565,1783077599479688,1783077599485132,1783077599485141,1783077599666046,1783077599702207,1783077600152705,1783077600210312
8,6,33,1783077600336237,1783077600352367,1783077600357830,1783077600357839,1783077600538365,1783077600574534,1783077601025171,1783077601082784
8,6,34,1783077601208709,1783077601224842,1783077601230300,1783077601230309,1783077601410709,1783077601446869,1783077601897564,1783077601955176
8,6,35,1783077602081073,1783077602097196,1783077602102636,1783077602102645,1783077602283014,1783077602319184,1783077602769836,1783077602827450
8,6,36,1783077602953383,1783077602969508,1783077602974949,1783077602974957,1783077603155855,1783077603191999,1783077603642609,1783077603700223
8,6,37,1783077603826144,1783077603842267,1783077603847728,1783077603847737,1783077604028797,1783077604064952,1783077604515607,1783077604573218
8,6,38,1783077604699138,1783077604715266,1783077604720711,1783077604720721,1783077604901631,1783077604937795,1783077605388486,1783077605446103
8,6,39,1783077605572039,1783077605588173,1783077605593612,1783077605593621,1783077605773990,1783077605810139,1783077606260699,1783077606318310
8,6,40,1783077606444225,1783077606460347,1783077606465794,1783077606465803,1783077606646237,1783077606682435,1783077607133060,1783077607190681
8,6,41,1783077607316599,1783077607332728,1783077607338187,1783077607338196,1783077607519016,1783077607555181,1783077608005789,1783077608063411
8,6,42,1783077608189333,1783077608205454,1783077608210897,1783077608210906,1783077608391654,1783077608427809,1783077608878470,1783077608936079
8,6,43,1783077609061994,1783077609078122,1783077609083574,1783077609083583,1783077609264706,1783077609300854,1783077609751446,1783077609809058
8,6,44,1783077609934979,1783077609951106,1783077609956560,1783077609956569,1783077610137183,1783077610173331,1783077610623752,1783077610681365
8,6,45,1783077610807300,1783077610823444,1783077610828905,1783077610828914,1783077611009874,1783077611046038,1783077611496678,1783077611554303
8,6,46,1783077611680229,1783077611696357,1783077611701813,1783077611701822,1783077611882867,1783077611919013,1783077612369648,1783077612427257
8,6,47,1783077612553172,1783077612569299,1783077612574754,1783077612574764,1783077612755137,1783077612791287,1783077613241852,1783077613299469
8,6,48,1783077613425389,1783077613441511,1783077613446949,1783077613446957,1783077613627653,1783077613663810,1783077614114377,1783077614171990
8,6,49,1783077614297906,1783077614314045,1783077614319503,1783077614319511,1783077614500450,1783077614536629,1783077614987237,1783077615044858
8,7,0,1783077615170798,1783077615186930,1783077615192369,1783077615192378,1783077615373398,1783077615409556,1783077615860136,1783077615917757
8,7,1,1783077616043671,1783077616059799,1783077616065256,1783077616065264,1783077616245995,1783077616282147,1783077616732553,1783077616790170
8,7,2,1783077616916079,1783077616932206,1783077616937651,1783077616937660,1783077617118750,1783077617154907,1783077617605624,1783077617663239
8,7,3,1783077617789159,1783077617805300,1783077617810743,1783077617810751,1783077617991473,1783077618027638,1783077618478300,1783077618535917
8,7,4,1783077618661842,1783077618677968,1783077618683418,1783077618683428,1783077618863785,1783077618899941,1783077619350600,1783077619408216
8,7,5,1783077619534179,1783077619550302,1783077619555758,1783077619555766,1783077619736741,1783077619772890,1783077620223583,1783077620281189
8,7,6,1783077620407095,1783077620423215,1783077620428673,1783077620428682,1783077620609725,1783077620645872,1783077621096523,1783077621154130
8,7,7,1783077621280047,1783077621296174,1783077621301615,1783077621301624,1783077621482509,1783077621518670,1783077621969288,1783077622026899
8,7,8,1783077622152814,1783077622168933,1783077622174384,1783077622174393,1783077622355295,1783077622391456,1783077622842059,1783077622899676
8,7,9,1783077623025605,1783077623041731,1783077623047176,1783077623047184,1783077623228368,1783077623264531,1783077623715198,1783077623772822
8,7,10,1783077623898735,1783077623914854,1783077623920295,1783077623920304,1783077624101091,1783077624137241,1783077624587945,1783077624645554
8,7,11,1783077624771474,1783077624787602,1783077624793045,1783077624793053,1783077624973989,1783077625010144,1783077625460783,1783077625518397
8,7,12,1783077625644333,1783077625660481,1783077625665936,1783077625665946,1783077625846506,1783077625882666,1783077626333081,1783077626390704
8,7,13,1783077626516624,1783077626532764,1783077626538219,1783077626538227,1783077626719049,1783077626755211,1783077627205881,1783077627263491
8,7,14,1783077627389412,1783077627405551,1783077627411006,1783077627411015,1783077627591699,1783077627627864,1783077628078481,1783077628136392
8,7,15,1783077628262306,1783077628278433,1783077628283876,1783077628283885,1783077628464743,1783077628500912,1783077628951669,1783077629009291
8,7,16,1783077629135211,1783077629151336,1783077629156776,1783077629156786,1783077629337541,1783077629373683,1783077629824421,1783077629882034
8,7,17,1783077630007954,1783077630024090,1783077630029531,1783077630029540,1783077630210397,1783077630246549,1783077630697248,1783077630754861
8,7,18,1783077630880774,1783077630896919,1783077630902359,1783077630902368,1783077631083358,1783077631119517,1783077631570165,1783077631627780
8,7,19,1783077631753699,1783077631769820,1783077631775273,1783077631775282,1783077631955721,1783077631991884,1783077632442516,1783077632500124
8,7,20,1783077632626068,1783077632642197,1783077632647643,1783077632647652,1783077632828398,1783077632864543,1783077633314862,1783077633372470
8,7,21,1783077633498384,1783077633514505,1783077633519945,1783077633519953,1783077633700836,1783077633736993,1783077634187555,1783077634245169
8,7,22,1783077634371102,1783077634387233,1783077634392674,1783077634392682,1783077634573636,1783077634609793,1783077635060400,1783077635118018
8,7,23,1783077635243934,1783077635260061,1783077635265515,1783077635265525,1783077635446236,1783077635482397,1783077635933011,1783077635990620
8,7,24,1783077636116517,1783077636132637,1783077636138076,1783077636138084,1783077636318551,1783077636354703,1783077636805319,1783077636863236
8,7,25,1783077636989160,1783077637005304,1783077637010743,1783077637010753,1783077637191455,1783077637227618,1783077637678359,1783077637735972
8,7,26,1783077637861904,1783077637878041,1783077637883484,1783077637883493,1783077638064342,1783077638100483,1783077638551161,1783077638608770
8,7,27,1783077638734719,1783077638750850,1783077638756290,1783077638756299,1783077638936630,1783077638972801,1783077639423119,1783077639480733
8,7,28,1783077639606675,1783077639622817,1783077639628271,1783077639628281,1783077639809068,1783077639845221,1783077640295903,1783077640353515
8,7,29,1783077640479447,1783077640495570,1783077640501010,1783077640501019,1783077640681763,1783077640717928,1783077641168617,1783077641226225
8,7,30,1783077641352143,1783077641368273,1783077641373712,1783077641373720,1783077641554485,1783077641590646,1783077642041261,1783077642098872
8,7,31,1783077642224792,1783077642240923,1783077642246373,1783077642246382,1783077642427243,1783077642463399,1783077642914046,1783077642971659
8,7,32,1783077643097578,1783077643113706,1783077643119146,1783077643119155,1783077643300002,1783077643336161,1783077643786836,1783077643844453
8,7,33,1783077643970381,1783077643986500,1783077643991943,1783077643991951,1783077644172741,1783077644208890,1783077644659551,1783077644717165
8,7,34,1783077644843088,1783077644859215,1783077644864670,1783077644864679,1783077645045675,1783077645081834,1783077645532553,1783077645590182
8,7,35,1783077645716098,1783077645732214,1783077645737677,1783077645737686,1783077645917923,1783077645954086,1783077646404689,1783077646462294
8,7,36,1783077646588210,1783077646604334,1783077646609774,1783077646609784,1783077646790661,1783077646826827,1783077647277511,1783077647335125
8,7,37,1783077647461042,1783077647477167,1783077647482614,1783077647482624,1783077647663903,1783077647700071,1783077648150700,1783077648208311
8,7,38,1783077648334245,1783077648350364,1783077648355802,1783077648355810,1783077648536847,1783077648573008,1783077649023695,1783077649081309
8,7,39,1783077649207231,1783077649223364,1783077649228805,1783077649228814,1783077649409494,1783077649445657,1783077649896001,1783077649953612
8,7,40,1783077650079503,1783077650095632,1783077650101084,1783077650101094,1783077650281968,1783077650318128,1783077650768815,1783077650826422
8,7,41,1783077650952332,1783077650968463,1783077650973912,1783077650973921,1783077651154559,1783077651190722,1783077651641335,1783077651698955
8,7,42,1783077651824857,1783077651840992,1783077651846444,1783077651846453,1783077652027184,1783077652063333,1783077652513927,1783077652571537
8,7,43,1783077652697445,1783077652713568,1783077652719010,1783077652719018,1783077652899821,1783077652935979,1783077653386601,1783077653444212
8,7,44,1783077653570131,1783077653586264,1783077653591722,1783077653591731,1783077653772586,1783077653808741,1783077654259400,1783077654317013
8,7,45,1783077654442937,1783077654459071,1783077654464529,1783077654464538,1783077654645437,1783077654681602,1783077655132305,1783077655189919
8,7,46,1783077655315839,1783077655331968,1783077655337423,1783077655337432,1783077655517838,1783077655554024,1783077656004657,1783077656062266
8,7,47,1783077656188192,1783077656204309,1783077656209764,1783077656209774,1783077656390780,1783077656426934,1783077656877583,1783077656935198
8,7,48,1783077657061118,1783077657077237,1783077657082701,1783077657082710,1783077657263397,1783077657299550,1783077657750265,1783077657807877
8,7,49,1783077657933809,1783077657949931,1783077657955370,1783077657955380,1783077658136007,1783077658172170,1783077658622871,1783077658680481
8,8,0,1783077658806405,1783077658822524,1783077658827981,1783077658827990,1783077659008428,1783077659044573,1783077659495279,1783077659552897
8,8,1,1783077659678817,1783077659694944,1783077659700400,1783077659700409,1783077659880982,1783077659917132,1783077660367689,1783077660425297
8,8,2,1783077660551220,1783077660567350,1783077660572805,1783077660572814,1783077660753413,1783077660789576,1783077661240269,1783077661297879
8,8,3,1783077661423800,1783077661439932,1783077661445369,1783077661445377,1783077661626117,1783077661662250,1783077662112896,1783077662170505
8,8,4,1783077662296422,1783077662312550,1783077662317998,1783077662318007,1783077662498746,1783077662534920,1783077662985559,1783077663043168
8,8,5,1783077663169088,1783077663185220,1783077663190670,1783077663190678,1783077663370936,1783077663407092,1783077663857686,1783077663915308
8,8,6,1783077664041230,1783077664057363,1783077664062814,1783077664062822,1783077664243803,1783077664279955,1783077664730632,1783077664788244
8,8,7,1783077664914168,1783077664930296,1783077664935738,1783077664935747,1783077665116523,1783077665152686,1783077665603271,1783077665660884
8,8,8,1783077665786799,1783077665802927,1783077665808386,1783077665808395,1783077665988628,1783077666024776,1783077666475295,1783077666532911
8,8,9,1783077666658815,1783077666674947,1783077666680407,1783077666680416,1783077666861209,1783077666897357,1783077667347680,1783077667405291
8,8,10,1783077667531216,1783077667547343,1783077667552792,1783077667552801,1783077667733764,1783077667769913,1783077668220480,1783077668278090
8,8,11,1783077668404015,1783077668420141,1783077668425587,1783077668425595,1783077668606551,1783077668642716,1783077669093132,1783077669150744
8,8,12,1783077669276661,1783077669292780,1783077669298231,1783077669298239,1783077669479240,1783077669515402,1783077669966138,1783077670023749
8,8,13,1783077670149666,1783077670165784,1783077670171223,1783077670171231,1783077670351820,1783077670387984,1783077670838547,1783077670896159
8,8,14,1783077671022073,1783077671038205,1783077671043647,1783077671043656,1783077671224695,1783077671260847,1783077671711553,1783077671769169
8,8,15,1783077671895090,1783077671911212,1783077671916649,1783077671916658,1783077672097363,1783077672133514,1783077672584106,1783077672641725
8,8,16,1783077672767652,1783077672783781,1783077672789236,1783077672789245,1783077672970252,1783077673006405,1783077673457062,1783077673514681
8,8,17,1783077673640585,1783077673656719,1783077673662163,1783077673662171,1783077673843139,1783077673879299,1783077674329842,1783077674387455
8,8,18,1783077674513383,1783077674529525,1783077674534989,1783077674534997,1783077674715918,1783077674752081,1783077675202716,1783077675260325
8,8,19,1783077675386241,1783077675402368,1783077675407808,1783077675407818,1783077675588697,1783077675624850,1783077676075535,1783077676133146
8,8,20,1783077676259061,1783077676275188,1783077676280644,1783077676280653,1783077676461088,1783077676497252,1783077676947884,1783077677005496
8,8,21,1783077677131413,1783077677147547,1783077677152993,1783077677153002,1783077677333478,1783077677369640,1783077677820282,1783077677877896
8,8,22,1783077678003833,1783077678019967,1783077678025407,1783077678025416,1783077678206206,1783077678242365,1783077678693024,1783077678750638
8,8,23,1783077678876580,1783077678892716,1783077678898172,1783077678898180,1783077679078742,1783077679114904,1783077679565597,1783077679623206
8,8,24,1783077679749121,1783077679765252,1783077679770707,1783077679770716,1783077679951625,1783077679987784,1783077680438455,1783077680496067
8,8,25,1783077680622014,1783077680638140,1783077680643589,1783077680643599,1783077680824478,1783077680860633,1783077681311346,1783077681368973
8,8,26,1783077681494898,1783077681511022,1783077681516473,1783077681516481,1783077681697377,1783077681733538,1783077682184073,1783077682241685
8,8,27,1783077682367619,1783077682383733,1783077682389179,1783077682389188,1783077682569568,1783077682605713,1783077683056307,1783077683113917
8,8,28,1783077683239837,1783077683255957,1783077683261394,1783077683261403,1783077683442158,1783077683478321,1783077683928990,1783077683986606
8,8,29,1783077684112500,1783077684128618,1783077684134063,1783077684134072,1783077684314760,1783077684350916,1783077684801619,1783077684859234
8,8,30,1783077684985166,1783077685001284,1783077685006723,1783077685006732,1783077685187432,1783077685223588,1783077685674250,1783077685731859
8,8,31,1783077685857768,1783077685873897,1783077685879359,1783077685879369,1783077686060227,1783077686096372,1783077686547026,1783077686604637
8,8,32,1783077686730551,1783077686746681,1783077686752134,1783077686752143,1783077686932578,1783077686968740,1783077687419388,1783077687477001
8,8,33,1783077687602927,1783077687619056,1783077687624512,1783077687624521,1783077687805074,1783077687841225,1783077688291890,1783077688349501
8,8,34,1783077688475416,1783077688491542,1783077688496995,1783077688497003,1783077688677905,1783077688714071,1783077689164749,1783077689222367
8,8,35,1783077689348294,1783077689364421,1783077689369883,1783077689369893,1783077689550430,1783077689586579,1783077690037298,1783077690094910
8,8,36,1783077690220809,1783077690236934,1783077690242397,1783077690242406,1783077690423090,1783077690459242,1783077690909896,1783077690967512
8,8,37,1783077691093423,1783077691109549,1783077691114994,1783077691115003,1783077691295708,1783077691331864,1783077691782570,1783077691840482
8,8,38,1783077691966387,1783077691982510,1783077691987965,1783077691987974,1783077692168330,1783077692204479,1783077692655185,1783077692712799
8,8,39,1783077692838722,1783077692854841,1783077692860283,1783077692860292,1783077693040765,1783077693076929,1783077693527599,1783077693585214
8,8,40,1783077693711132,1783077693727254,1783077693732706,1783077693732715,1783077693913219,1783077693949379,1783077694399996,1783077694457609
8,8,41,1783077694583534,1783077694599656,1783077694605097,1783077694605105,1783077694785694,1783077694821854,1783077695272200,1783077695329816
8,8,42,1783077695455728,1783077695471847,1783077695477307,1783077695477316,1783077695658162,1783077695694325,1783077696144996,1783077696202607
8,8,43,1783077696328517,1783077696344636,1783077696350102,1783077696350112,1783077696530717,1783077696566875,1783077697017465,1783077697075379
8,8,44,1783077697201293,1783077697217416,1783077697222865,1783077697222875,1783077697403596,1783077697439744,1783077697890071,1783077697947694
8,8,45,1783077698073603,1783077698089735,1783077698095180,1783077698095191,1783077698276001,1783077698312158,1783077698762881,1783077698820493
8,8,46,1783077698946410,1783077698962538,1783077698967977,1783077698967987,1783077699148904,1783077699185057,1783077699635374,1783077699692987
8,8,47,1783077699818914,1783077699835045,1783077699840488,1783077699840498,1783077700021121,1783077700057279,1783077700507984,1783077700565602
8,8,48,1783077700691525,1783077700707653,1783077700713094,1783077700713102,1783077700893829,1783077700929991,1783077701380583,1783077701438209
8,8,49,1783077701564131,1783077701580262,1783077701585702,1783077701585711,1783077701766590,1783077701802751,1783077702253469,1783077702311080
8,9,0,1783077702437011,1783077702453144,1783077702458583,1783077702458592,1783077702639589,1783077702675750,1783077703126463,1783077703184068
8,9,1,1783077703309978,1783077703326128,1783077703331585,1783077703331594,1783077703512048,1783077703548221,1783077703998865,1783077704056479
8,9,2,1783077704182389,1783077704198511,1783077704203957,1783077704203965,1783077704384534,1783077704420688,1783077704871362,1783077704928996
8,9,3,1783077705054910,1783077705071035,1783077705076473,1783077705076481,1783077705256857,1783077705293020,1783077705743652,1783077705801270
8,9,4,1783077705927186,1783077705943306,1783077705948759,1783077705948768,1783077706129604,1783077706165752,1783077706616093,1783077706673705
8,9,5,1783077706799618,1783077706815739,1783077706821184,1783077706821193,1783077707001819,1783077707037981,1783077707488653,1783077707546269
8,9,6,1783077707672188,1783077707688312,1783077707693770,1783077707693779,1783077707874518,1783077707910671,1783077708361326,1783077708418936
8,9,7,1783077708544838,1783077708560961,1783077708566413,1783077708566421,1783077708747197,1783077708783358,1783077709234046,1783077709291654
8,9,8,1783077709417550,1783077709433672,1783077709439125,1783077709439134,1783077709619904,1783077709656068,1783077710106743,1783077710164357
8,9,9,1783077710290286,1783077710306412,1783077710311852,1783077710311861,1783077710492404,1783077710528589,1783077710979214,1783077711037128
8,9,10,1783077711163065,1783077711179192,1783077711184645,1783077711184653,1783077711365631,1783077711401791,1783077711852354,1783077711909964
8,9,11,1783077712035916,1783077712052047,1783077712057500,1783077712057508,1783077712238332,1783077712274479,1783077712724807,1783077712782421
8,9,12,1783077712908338,1783077712924468,1783077712929910,1783077712929919,1783077713110633,1783077713146782,1783077713597424,1783077713655053
8,9,13,1783077713780975,1783077713797104,1783077713802554,1783077713802562,1783077713983322,1783077714019467,1783077714469746,1783077714527364
8,9,14,1783077714653263,1783077714669396,1783077714674843,1783077714674852,1783077714855656,1783077714891808,1783077715342363,1783077715399970
8,9,15,1783077715525880,1783077715542025,1783077715547476,1783077715547484,1783077715728087,1783077715764236,1783077716214902,1783077716272517
8,9,16,1783077716398489,1783077716414615,1783077716420058,1783077716420068,1783077716601141,1783077716637311,1783077717087901,1783077717145529
8,9,17,1783077717271457,1783077717287582,1783077717293032,1783077717293041,1783077717473775,1783077717509931,1783077717960583,1783077718018195
8,9,18,1783077718144100,1783077718160216,1783077718165659,1783077718165667,1783077718346516,1783077718382675,1783077718833323,1783077718890943
8,9,19,1783077719016866,1783077719032990,1783077719038447,1783077719038456,1783077719219342,1783077719255502,1783077719705843,1783077719763463
8,9,20,1783077719889377,1783077719905495,1783077719910949,1783077719910957,1783077720091784,1783077720127934,1783077720578609,1783077720636220
8,9,21,1783077720762143,1783077720778271,1783077720783739,1783077720783749,1783077720964723,1783077721000869,1783077721451241,1783077721508850
8,9,22,1783077721634771,1783077721650891,1783077721656333,1783077721656342,1783077721837226,1783077721873389,1783077722324044,1783077722381669
8,9,23,1783077722507599,1783077722523729,1783077722529181,1783077722529191,1783077722709755,1783077722745907,1783077723196559,1783077723254171
8,9,24,1783077723380095,1783077723396231,1783077723401674,1783077723401683,1783077723582165,1783077723618327,1783077724068999,1783077724126610
8,9,25,1783077724252519,1783077724268650,1783077724274097,1783077724274106,1783077724454669,1783077724490824,1783077724941536,1783077724999154
8,9,26,1783077725125058,1783077725141189,1783077725146629,1783077725146639,1783077725327406,1783077725363569,1783077725814163,1783077725871801
8,9,27,1783077725997709,1783077726013853,1783077726019291,1783077726019300,1783077726200231,1783077726236389,1783077726687008,1783077726744615
8,9,28,1783077726870537,1783077726886677,1783077726892116,1783077726892125,1783077727072971,1783077727109139,1783077727559791,1783077727617402
8,9,29,1783077727743318,1783077727759448,1783077727764887,1783077727764896,1783077727945840,1783077727982000,1783077728432584,1783077728490193
8,9,30,1783077728616114,1783077728632250,1783077728637695,1783077728637704,1783077728818152,1783077728854299,1783077729304920,1783077729362533
8,9,31,1783077729488474,1783077729504599,1783077729510044,1783077729510053,1783077729691050,1783077729727199,1783077730177806,1783077730235421
8,9,32,1783077730361361,1783077730377497,1783077730382937,1783077730382946,1783077730563602,1783077730599768,1783077731050572,1783077731108183
8,9,33,1783077731234085,1783077731250216,1783077731255663,1783077731255672,1783077731436364,1783077731472511,1783077731923195,1783077731980810
8,9,34,1783077732106696,1783077732122815,1783077732128277,1783077732128286,1783077732309214,1783077732345366,1783077732796069,1783077732853678
8,9,35,1783077732979577,1783077732995699,1783077733001143,1783077733001152,1783077733181996,1783077733218160,1783077733668839,1783077733726449
8,9,36,1783077733852361,1783077733868496,1783077733873948,1783077733873957,1783077734054603,1783077734090752,1783077734541417,1783077734599028
8,9,37,1783077734724947,1783077734741076,1783077734746517,1783077734746525,1783077734927419,1783077734963581,1783077735414152,1783077735471765
8,9,38,1783077735597722,1783077735613848,1783077735619303,1783077735619314,1783077735800171,1783077735836331,1783077736286981,1783077736344589
8,9,39,1783077736470516,1783077736486639,1783077736492080,1783077736492089,1783077736672819,1783077736708986,1783077737159656,1783077737217272
8,9,40,1783077737343203,1783077737359342,1783077737364794,1783077737364803,1783077737545162,1783077737581322,1783077738032017,1783077738089629
8,9,41,1783077738215558,1783077738231690,1783077738237145,1783077738237154,1783077738418156,1783077738454322,1783077738905034,1783077738962644
8,9,42,1783077739088560,1783077739104699,1783077739110154,1783077739110164,1783077739290617,1783077739326778,1783077739777323,1783077739834938
8,9,43,1783077739960861,1783077739977010,1783077739982453,1783077739982462,1783077740162799,1783077740198952,1783077740649656,1783077740707268
8,9,44,1783077740833195,1783077740849320,1783077740854773,1783077740854783,1783077741035475,1783077741071640,1783077741522159,1783077741579780
8,9,45,1783077741705698,1783077741721820,1783077741727267,1783077741727276,1783077741907895,1783077741944050,1783077742394811,1783077742452422
8,9,46,1783077742578342,1783077742594469,1783077742599925,1783077742599934,1783077742780778,1783077742816928,1783077743267272,1783077743324897
8,9,47,1783077743450818,1783077743466941,1783077743472382,1783077743472392,1783077743653092,1783077743689248,1783077744139902,1783077744197510
8,9,48,1783077744323438,1783077744339549,1783077744345006,1783077744345015,1783077744526076,1783077744562222,1783077745012816,1783077745070426
8,9,49,1783077745196346,1783077745212479,1783077745217920,1783077745217928,1783077745398578,1783077745434742,1783077745885358,1783077745942972
9,0,0,1783077764292518,1783077764308653,1783077764314772,1783077764314782,1783077764517000,1783077764555114,1783077765009145,1783077765066756
9,0,1,1783077765193844,1783077765209988,1783077765216107,1783077765216116,1783077765418142,1783077765456195,1783077765910167,1783077765967775
9,0,2,1783077766094841,1783077766110994,1783077766117119,1783077766117130,1783077766319142,1783077766357187,1783077766811271,1783077766868943
9,0,3,1783077766996175,1783077767012411,1783077767018567,1783077767018578,1783077767220502,1783077767258592,1783077767712892,1783077767770496
9,0,4,1783077767897569,1783077767913721,1783077767919850,1783077767919859,1783077768121818,1783077768159892,1783077768614091,1783077768671708
9,0,5,1783077768798780,1783077768814924,1783077768821045,1783077768821055,1783077769022921,1783077769060987,1783077769514971,1783077769572613
9,0,6,1783077769699694,1783077769715831,1783077769721973,1783077769721982,1783077769923628,1783077769961678,1783077770415632,1783077770473242
9,0,7,1783077770600360,1783077770616506,1783077770622632,1783077770622641,1783077770824417,1783077770862453,1783077771316545,1783077771374205
9,0,8,1783077771501308,1783077771517429,1783077771523545,1783077771523553,1783077771725915,1783077771763957,1783077772218264,1783077772275879
9,0,9,1783077772402964,1783077772419098,1783077772425227,1783077772425236,1783077772627181,1783077772665217,1783077773119250,1783077773176902
9,0,10,1783077773304124,1783077773320325,1783077773326487,1783077773326497,1783077773528603,1783077773566722,1783077774021037,1783077774078665
9,0,11,1783077774205743,1783077774221889,1783077774228032,1783077774228042,1783077774429338,1783077774467361,1783077774921318,1783077774978930
9,0,12,1783077775106013,1783077775122170,1783077775128299,1783077775128309,1783077775329761,1783077775367799,1783077775821758,1783077775879695
9,0,13,1783077776006749,1783077776022892,1783077776029029,1783077776029039,1783077776231170,1783077776269217,1783077776723386,1783077776781026
9,0,14,1783077776908111,1783077776924252,1783077776930369,1783077776930377,1783077777131964,1783077777170002,1783077777624266,1783077777681879
9,0,15,1783077777808954,1783077777825132,1783077777831263,1783077777831273,1783077778033455,1783077778071522,1783077778525309,1783077778582955
9,0,16,1783077778710039,1783077778726205,1783077778732319,1783077778732327,1783077778934571,1783077778972667,1783077779426960,1783077779484608
9,0,17,1783077779611831,1783077779628073,1783077779634216,1783077779634225,1783077779836295,1783077779874367,1783077780328759,1783077780386398
9,0,18,1783077780513487,1783077780529635,1783077780535772,1783077780535780,1783077780737911,1783077780775951,1783077781230202,1783077781287813
9,0,19,1783077781414905,1783077781431066,1783077781437182,1783077781437191,1783077781639138,1783077781677169,1783077782131169,1783077782188784
9,0,20,1783077782315867,1783077782332029,1783077782338142,1783077782338151,1783077782540181,1783077782578274,1783077783032297,1783077783089912
9,0,21,1783077783216973,1783077783233121,1783077783239240,1783077783239249,1783077783441240,1783077783479293,1783077783933286,1783077783990908
9,0,22,1783077784117984,1783077784134125,1783077784140243,1783077784140252,1783077784342242,1783077784380277,1783077784834607,1783077784892544
9,0,23,1783077785019649,1783077785036008,1783077785042177,1783077785042189,1783077785244162,1783077785282249,1783077785736337,1783077785793997
9,0,24,1783077785921234,1783077785937451,1783077785943614,1783077785943624,1783077786145164,1783077786183218,1783077786637656,1783077786695313
9,0,25,1783077786822372,1783077786838494,1783077786844614,1783077786844622,1783077787046191,1783077787084269,1783077787538237,1783077787595888
9,0,26,1783077787722950,1783077787739084,1783077787745204,1783077787745213,1783077787947092,1783077787985143,1783077788439036,1783077788496651
9,0,27,1783077788623755,1783077788639891,1783077788646021,1783077788646032,1783077788847997,1783077788886027,1783077789339943,1783077789397578
9,0,28,1783077789524669,1783077789540820,1783077789546961,1783077789546970,1783077789748898,1783077789786964,1783077790240975,1783077790298588
9,0,29,1783077790425678,1783077790441810,1783077790447929,1783077790447938,1783077790649902,1783077790687970,1783077791142281,1783077791199940
9,0,30,1783077791327179,1783077791343439,1783077791349606,1783077791349616,1783077791551481,1783077791589583,1783077792043907,1783077792101519
9,0,31,1783077792228592,1783077792244764,1783077792250891,1783077792250901,1783077792452599,1783077792490633,1783077792944617,1783077793002228
9,0,32,1783077793129307,1783077793145454,1783077793151572,1783077793151581,1783077793353430,1783077793391481,1783077793845859,1783077793903537
9,0,33,1783077794030601,1783077794046734,1783077794052846,1783077794052854,1783077794254357,1783077794292407,1783077794746456,1783077794804077
9,0,34,1783077794931149,1783077794947299,1783077794953428,1783077794953436,1783077795155355,1783077795193391,1783077795647373,1783077795705293
9,0,35,1783077795832368,1783077795848528,1783077795854647,1783077795854657,1783077796056170,1783077796094229,1783077796548219,1783077796605846
9,0,36,1783077796732932,1783077796749071,1783077796755200,1783077796755210,1783077796957064,1783077796995115,1783077797449091,1783077797506739
9,0,37,1783077797633964,1783077797650210,1783077797656355,1783077797656364,1783077797858211,1783077797896288,1783077798350278,1783077798407942
9,0,38,1783077798535013,1783077798551167,1783077798557290,1783077798557300,1783077798758925,1783077798796968,1783077799251107,1783077799308722
9,0,39,1783077799435806,1783077799451973,1783077799458095,1783077799458105,1783077799659901,1783077799697959,1783077800151940,1783077800209561
9,0,40,1783077800336639,1783077800352765,1783077800358889,1783077800358899,1783077800560900,1783077800598983,1783077801052909,1783077801110517
9,0,41,1783077801237575,1783077801253734,1783077801259848,1783077801259857,1783077801461507,1783077801499591,1783077801953607,1783077802011230
9,0,42,1783077802138288,1783077802154429,1783077802160564,1783077802160574,1783077802362079,1783077802400119,1783077802854136,1783077802911758
9,0,43,1783077803038965,1783077803055218,1783077803061377,1783077803061387,1783077803263395,1783077803301467,1783077803755469,1783077803813101
9,0,44,1783077803940219,1783077803956373,1783077803962499,1783077803962507,1783077804163603,1783077804201662,1783077804656018,1783077804713631
9,0,45,1783077804840722,1783077804857021,1783077804863141,1783077804863150,1783077805065042,1783077805103106,1783077805557110,1783077805614743
9,0,46,1783077805741816,1783077805757947,1783077805764060,1783077805764068,1783077805965733,1783077806003768,1783077806458003,1783077806515614
9,0,47,1783077806642750,1783077806658929,1783077806665074,1783077806665084,1783077806866710,1783077806904742,1783077807358723,1783077807416337
9,0,48,1783077807543404,1783077807559579,1783077807565707,1783077807565716,1783077807767689,1783077807805751,1783077808259668,1783077808317277
9,0,49,1783077808444344,1783077808460480,1783077808466593,1783077808466602,1783077808668251,1783077808706288,1783077809160697,1783077809218386
9,1,0,1783077809345580,1783077809361784,1783077809367940,1783077809367949,1783077809569924,1783077809608039,1783077810061957,1783077810119579
9,1,1,1783077810246649,1783077810262810,1783077810268934,1783077810268944,1783077810470660,1783077810508697,1783077810963048,1783077811020661
9,1,2,1783077811147741,1783077811163873,1783077811169992,1783077811170000,1783077811371716,1783077811409780,1783077811863794,1783077811921481
9,1,3,1783077812048534,1783077812064657,1783077812070772,1783077812070780,1783077812272734,1783077812310780,1783077812764798,1783077812822427
9,1,4,1783077812949498,1783077812965617,1783077812971749,1783077812971757,1783077813173653,1783077813211680,1783077813665590,1783077813723202
9,1,5,1783077813850277,1783077813866458,1783077813872604,1783077813872614,1783077814074407,1783077814112446,1783077814566408,1783077814624021
9,1,6,1783077814751107,1783077814767263,1783077814773394,1783077814773405,1783077814975360,1783077815013422,1783077815467448,1783077815525096
9,1,7,1783077815652330,1783077815668547,1783077815674712,1783077815674722,1783077815876928,1783077815915034,1783077816369146,1783077816426816
9,1,8,1783077816553901,1783077816570098,1783077816576223,1783077816576232,1783077816778123,1783077816816152,1783077817270456,1783077817328059
9,1,9,1783077817455125,1783077817471283,1783077817477410,1783077817477420,1783077817679228,1783077817717274,1783077818171593,1783077818229231
9,1,10,1783077818356306,1783077818372451,1783077818378567,1783077818378577,1783077818580023,1783077818618067,1783077819072104,1783077819129756
9,1,11,1783077819256833,1783077819272969,1783077819279094,1783077819279103,1783077819480677,1783077819518725,1783077819972741,1783077820030365
9,1,12,1783077820157420,1783077820173583,1783077820179709,1783077820179718,1783077820381678,1783077820419727,1783077820873733,1783077820931340
9,1,13,1783077821058413,1783077821074567,1783077821080698,1783077821080708,1783077821282192,1783077821320275,1783077821774591,1783077821832233
9,1,14,1783077821959473,1783077821975717,1783077821981866,1783077821981875,1783077822183836,1783077822221891,1783077822676188,1783077822733809
9,1,15,1783077822860870,1783077822877018,1783077822883133,1783077822883141,1783077823085073,1783077823123096,1783077823577101,1783077823634718
9,1,16,1783077823761788,1783077823778078,1783077823784199,1783077823784209,1783077823986523,1783077824024555,1783077824478580,1783077824536200
9,1,17,1783077824663329,1783077824679646,1783077824685791,1783077824685801,1783077824887004,1783077824921714,1783077825375958,1783077825433566
9,1,18,1783077825560677,1783077825576823,1783077825582939,1783077825582948,1783077825784575,1783077825822631,1783077826276638,1783077826334253
9,1,19,1783077826461332,1783077826477471,1783077826483588,1783077826483598,1783077826685526,1783077826723555,1783077827177554,1783077827235253
9,1,20,1783077827362479,1783077827378674,1783077827384812,1783077827384822,1783077827586726,1783077827624825,1783077828079087,1783077828136720
9,1,21,1783077828263796,1783077828279952,1783077828286077,1783077828286090,1783077828488166,1783077828526204,1783077828980252,1783077829037864
9,1,22,1783077829164940,1783077829181074,1783077829187189,1783077829187199,1783077829388865,1783077829426955,1783077829881256,1783077829938875
9,1,23,1783077830065935,1783077830082111,1783077830088237,1783077830088247,1783077830290148,1783077830328185,1783077830782182,1783077830839804
9,1,24,1783077830966869,1783077830983003,1783077830989117,1783077830989125,1783077831191100,1783077831229134,1783077831683247,1783077831740910
9,1,25,1783077831867985,1783077831884128,1783077831890255,1783077831890264,1783077832091762,1783077832129809,1783077832584106,1783077832641717
9,1,26,1783077832768875,1783077832785030,1783077832791150,1783077832791159,1783077832992958,1783077833031023,1783077833485529,1783077833543212
9,1,27,1783077833670427,1783077833686634,1783077833692799,1783077833692809,1783077833894809,1783077833932892,1783077834386908,1783077834444633
9,1,28,1783077834571743,1783077834587890,1783077834594016,1783077834594026,1783077834795943,1783077834833968,1783077835287890,1783077835345491
9,1,29,1783077835472566,1783077835488706,1783077835494841,1783077835494850,1783077835697123,1783077835735257,1783077836189315,1783077836246930
9,1,30,1783077836374002,1783077836390154,1783077836396289,1783077836396299,1783077836597824,1783077836636012,1783077837090581,1783077837148565
9,1,31,1783077837275649,1783077837291791,1783077837297904,1783077837297912,1783077837499871,1783077837537973,1783077837991974,1783077838049618
9,1,32,1783077838176692,1783077838192859,1783077838198979,1783077838198987,1783077838400513,1783077838438570,1783077838892723,1783077838950381
9,1,33,1783077839077591,1783077839093885,1783077839100039,1783077839100050,1783077839302018,1783077839340094,1783077839794133,1783077839851784
9,1,34,1783077839978875,1783077839995005,1783077840001122,1783077840001131,1783077840203119,1783077840241172,1783077840695164,1783077840752778
9,1,35,1783077840879846,1783077840895993,1783077840902110,1783077840902118,1783077841104084,1783077841142129,1783077841596417,1783077841654046
9,1,36,1783077841781113,1783077841797262,1783077841803374,1783077841803383,1783077842005210,1783077842043245,1783077842497247,1783077842554855
9,1,37,1783077842681961,1783077842698141,1783077842704260,1783077842704272,1783077842905654,1783077842943694,1783077843397653,1783077843455258
9,1,38,1783077843582378,1783077843598519,1783077843604637,1783077843604645,1783077843806529,1783077843844576,1783077844298857,1783077844356466
9,1,39,1783077844483565,1783077844499902,1783077844506039,1783077844506049,1783077844707975,1783077844746028,1783077845200286,1783077845257945
9,1,40,1783077845385170,1783077845401406,1783077845407555,1783077845407565,1783077845609610,1783077845647701,1783077846101682,1783077846159294
9,1,41,1783077846286495,1783077846302701,1783077846308836,1783077846308846,1783077846510262,1783077846548303,1783077847002653,1783077847060258
9,1,42,1783077847187340,1783077847203472,1783077847209619,1783077847209629,1783077847411542,1783077847449596,1783077847903573,1783077847961188
9,1,43,1783077848088237,1783077848104366,1783077848110490,1783077848110500,1783077848312295,1783077848350336,1783077848804360,1783077848862280
9,1,44,1783077848989352,1783077849005468,1783077849011598,1783077849011607,1783077849213594,1783077849251625,1783077849705931,1783077849763551
9,1,45,1783077849890650,1783077849906779,1783077849912902,1783077849912913,1783077850114912,1783077850152952,1783077850607068,1783077850664709
9,1,46,1783077850791773,1783077850807913,1783077850814035,1783077850814045,1783077851015987,1783077851054032,1783077851507964,1783077851565635
9,1,47,1783077851692861,1783077851709124,1783077851715281,1783077851715291,1783077851916974,1783077851955076,1783077852409047,1783077852466668
9,1,48,1783077852593773,1783077852609925,1783077852616046,1783077852616055,1783077852817953,1783077852855990,1783077853310294,1783077853367899
9,1,49,1783077853494962,1783077853511100,1783077853517222,1783077853517233,1783077853718598,1783077853756638,1783077854210697,1783077854268350
9,2,0,1783077854395444,1783077854411588,1783077854417704,1783077854417713,1783077854619489,1783077854657549,1783077855111862,1783077855169463
9,2,1,1783077855296522,1783077855312661,1783077855318778,1783077855318787,1783077855520978,1783077855559077,1783077856013303,1783077856070916
9,2,2,1783077856198020,1783077856214180,1783077856220302,1783077856220312,1783077856422443,1783077856460492,1783077856914461,1783077856972111
9,2,3,1783077857099360,1783077857115556,1783077857121702,1783077857121713,1783077857323814,1783077857361906,1783077857816202,1783077857874133
9,2,4,1783077858001221,1783077858017350,1783077858023464,1783077858023473,1783077858225353,1783077858263410,1783077858717456,1783077858775085
9,2,5,1783077858902164,1783077858918284,1783077858924415,1783077858924425,1783077859126277,1783077859164309,1783077859618240,1783077859675865
9,2,6,1783077859802930,1783077859819072,1783077859825186,1783077859825196,1783077860027322,1783077860065359,1783077860519380,1783077860577021
9,2,7,1783077860704093,1783077860720248,1783077860726364,1783077860726375,1783077860928458,1783077860966518,1783077861420567,1783077861478213
9,2,8,1783077861605326,1783077861621445,1783077861627573,1783077861627582,1783077861829375,1783077861867427,1783077862321384,1783077862378996
9,2,9,1783077862506058,1783077862522199,1783077862528314,1783077862528325,1783077862730563,1783077862768619,1783077863222786,1783077863280470
9,2,10,1783077863407691,1783077863423900,1783077863430038,1783077863430048,1783077863631645,1783077863669723,1783077864123739,1783077864181377
9,2,11,1783077864308482,1783077864324779,1783077864330902,1783077864330913,1783077864532131,1783077864570190,1783077865024481,1783077865082088
9,2,12,1783077865209169,1783077865225311,1783077865231439,1783077865231447,1783077865433521,1783077865471585,1783077865925547,1783077865983161
9,2,13,1783077866110230,1783077866126391,1783077866132510,1783077866132520,1783077866333943,1783077866368631,1783077866822590,1783077866880219
9,2,14,1783077867007296,1783077867023437,1783077867029551,1783077867029560,1783077867231601,1783077867269633,1783077867723696,1783077867781304
9,2,15,1783077867908361,1783077867924541,1783077867930653,1783077867930661,1783077868132390,1783077868170439,1783077868624415,1783077868682060
9,2,16,1783077868809283,1783077868825429,1783077868831540,1783077868831548,1783077869033284,1783077869071336,1783077869525648,1783077869583300
9,2,17,1783077869710493,1783077869726735,1783077869732876,1783077869732885,1783077869935027,1783077869973126,1783077870427178,1783077870484810
9,2,18,1783077870611909,1783077870628061,1783077870634193,1783077870634201,1783077870836524,1783077870874561,1783077871328573,1783077871386177
9,2,19,1783077871513262,1783077871529405,1783077871535523,1783077871535534,1783077871737482,1783077871775504,1783077872229531,1783077872287162
9,2,20,1783077872414250,1783077872430377,1783077872436490,1783077872436499,1783077872638464,1783077872676508,1783077873130591,1783077873188206
9,2,21,1783077873315268,1783077873331395,1783077873337506,1783077873337516,1783077873539573,1783077873577617,1783077874031887,1783077874089622
9,2,22,1783077874216737,1783077874232877,1783077874238993,1783077874239001,1783077874440514,1783077874478555,1783077874932637,1783077874990275
9,2,23,1783077875117352,1783077875133487,1783077875139607,1783077875139616,1783077875341501,1783077875379623,1783077875834014,1783077875891626
9,2,24,1783077876018719,1783077876034848,1783077876040967,1783077876040976,1783077876242930,1783077876280972,1783077876735236,1783077876792846
9,2,25,1783077876919914,1783077876936065,1783077876942181,1783077876942189,1783077877144323,1783077877182364,1783077877636607,1783077877694214
9,2,26,1783077877821244,1783077877837396,1783077877843519,1783077877843528,1783077878045120,1783077878083163,1783077878537382,1783077878594987
9,2,27,1783077878722055,1783077878738217,1783077878744351,1783077878744363,1783077878946441,1783077878984470,1783077879438319,1783077879495940
9,2,28,1783077879622985,1783077879639124,1783077879645248,1783077879645257,1783077879847135,1783077879885178,1783077880339438,1783077880397043
9,2,29,1783077880524131,1783077880540302,1783077880546413,1783077880546421,1783077880748408,1783077880786446,1783077881240604,1783077881298205
9,2,30,1783077881425271,1783077881441400,1783077881447513,1783077881447523,1783077881649487,1783077881687525,1783077882141625,1783077882199231
9,2,31,1783077882326275,1783077882342400,1783077882348516,1783077882348525,1783077882550571,1783077882588611,1783077883042832,1783077883100444
9,2,32,1783077883227484,1783077883243608,1783077883249724,1783077883249733,1783077883451151,1783077883489215,1783077883943478,1783077884001079
9,2,33,1783077884128152,1783077884144295,1783077884150418,1783077884150427,1783077884352176,1783077884390211,1783077884844441,1783077884902047
9,2,34,1783077885029131,1783077885045262,1783077885051386,1783077885051396,1783077885253177,1783077885291218,1783077885745442,1783077885803048
9,2,35,1783077885930117,1783077885946278,1783077885952404,1783077885952414,1783077886154314,1783077886192352,1783077886646630,1783077886704239
9,2,36,1783077886831292,1783077886847427,1783077886853562,1783077886853570,1783077887055362,1783077887093393,1783077887547562,1783077887605471
9,2,37,1783077887732532,1783077887748664,1783077887754782,1783077887754792,1783077887956761,1783077887994799,1783077888449058,1783077888506664
9,2,38,1783077888633746,1783077888649876,1783077888655996,1783077888656005,1783077888857844,1783077888895889,1783077889349999,1783077889407600
9,2,39,1783077889534670,1783077889550833,1783077889556968,1783077889556978,1783077889759009,1783077889797040,1783077890251196,1783077890308797
9,2,40,1783077890435830,1783077890451989,1783077890458106,1783077890458116,1783077890660287,1783077890698339,1783077891152483,1783077891210084
9,2,41,1783077891337150,1783077891353276,1783077891359386,1783077891359394,1783077891560807,1783077891598849,1783077892053084,1783077892110689
9,2,42,1783077892237739,1783077892253871,1783077892259986,1783077892259994,1783077892461897,1783077892499940,1783077892954136,1783077893011743
9,2,43,1783077893138787,1783077893154927,1783077893161042,1783077893161051,1783077893362364,1783077893400401,1783077893854636,1783077893912239
9,2,44,1783077894039285,1783077894055415,1783077894061531,1783077894061540,1783077894263266,1783077894301306,1783077894755545,1783077894813150
9,2,45,1783077894940195,1783077894956340,1783077894962456,1783077894962465,1783077895163891,1783077895201933,1783077895656088,1783077895713687
9,2,46,1783077895840751,1783077895856885,1783077895863000,1783077895863008,1783077896065063,1783077896103097,1783077896557342,1783077896614946
9,2,47,1783077896741983,1783077896758141,1783077896764261,1783077896764270,1783077896966122,1783077897004149,1783077897458324,1783077897515945
9,2,48,1783077897642990,1783077897659139,1783077897665258,1783077897665267,1783077897867055,1783077897905092,1783077898359302,1783077898416903
9,2,49,1783077898543979,1783077898560130,1783077898566243,1783077898566251,1783077898767947,1783077898805992,1783077899260228,1783077899317839
9,3,0,1783077899444875,1783077899461022,1783077899467153,1783077899467162,1783077899668955,1783077899706994,1783077900161296,1783077900218902
9,3,1,1783077900345975,1783077900362145,1783077900368262,1783077900368270,1783077900570193,1783077900608242,1783077901062401,1783077901120008
9,3,2,1783077901247057,1783077901263194,1783077901269316,1783077901269327,1783077901471264,1783077901509328,1783077901963562,1783077902021173
9,3,3,1783077902148224,1783077902164368,1783077902170482,1783077902170490,1783077902372052,1783077902410089,1783077902864312,1783077902921919
9,3,4,1783077903048980,1783077903065127,1783077903071239,1783077903071248,1783077903273161,1783077903311212,1783077903765440,1783077903823045
9,3,5,1783077903950124,1783077903966268,1783077903972402,1783077903972412,1783077904173888,1783077904211934,1783077904665897,1783077904723517
9,3,6,1783077904850587,1783077904866716,1783077904872830,1783077904872839,1783077905075057,1783077905113101,1783077905567363,1783077905624976
9,3,7,1783077905752026,1783077905768158,1783077905774277,1783077905774286,1783077905976372,1783077906014415,1783077906468781,1783077906526418
9,3,8,1783077906653487,1783077906669617,1783077906675731,1783077906675740,1783077906877466,1783077906915511,1783077907369724,1783077907427330
9,3,9,1783077907554409,1783077907570547,1783077907576679,1783077907576688,1783077907777990,1783077907816031,1783077908270384,1783077908327988
9,3,10,1783077908455049,1783077908471187,1783077908477309,1783077908477318,1783077908679275,1783077908717309,1783077909171586,1783077909229191
9,3,11,1783077909356255,1783077909372381,1783077909378497,1783077909378506,1783077909580021,1783077909618071,1783077910071984,1783077910129588
9,3,12,1783077910256632,1783077910272777,1783077910278905,1783077910278914,1783077910480828,1783077910518884,1783077910973076,1783077911030681
9,3,13,1783077911157748,1783077911173877,1783077911180009,1783077911180019,1783077911381779,1783077911419824,1783077911873950,1783077911931562
9,3,14,1783077912058589,1783077912074725,1783077912080856,1783077912080866,1783077912282478,1783077912320527,1783077912774768,1783077912832370
9,3,15,1783077912959407,1783077912975532,1783077912981647,1783077912981656,1783077913183658,1783077913221697,1783077913675917,1783077913733519
9,3,16,1783077913860574,1783077913876718,1783077913882835,1783077913882843,1783077914084728,1783077914122782,1783077914577005,1783077914634612
9,3,17,1783077914761666,1783077914777806,1783077914783947,1783077914783956,1783077914985341,1783077915023396,1783077915477668,1783077915535296
9,3,18,1783077915662372,1783077915678501,1783077915684617,1783077915684626,1783077915886404,1783077915924448,1783077916378433,1783077916436035
9,3,19,1783077916563113,1783077916579247,1783077916585369,1783077916585377,1783077916787242,1783077916825295,1783077917279577,1783077917337183
9,3,20,1783077917464239,1783077917480361,1783077917486480,1783077917486489,1783077917688485,1783077917726535,1783077918180737,1783077918238353
9,3,21,1783077918365412,1783077918381563,1783077918387697,1783077918387706,1783077918589569,1783077918627607,1783077919081817,1783077919139416
9,3,22,1783077919266477,1783077919282601,1783077919288715,1783077919288724,1783077919490529,1783077919528579,1783077919982875,1783077920040477
9,3,23,1783077920167553,1783077920183691,1783077920189822,1783077920189831,1783077920391149,1783077920429200,1783077920883469,1783077920941073
9,3,24,1783077921068107,1783077921084234,1783077921090365,1783077921090374,1783077921292166,1783077921330206,1783077921784416,1783077921842029
9,3,25,1783077921969079,1783077921985223,1783077921991352,1783077921991361,1783077922193225,1783077922231271,1783077922685553,1783077922743169
9,3,26,1783077922870236,1783077922886368,1783077922892486,1783077922892496,1783077923094266,1783077923132304,1783077923586544,1783077923644156
9,3,27,1783077923771236,1783077923787365,1783077923793502,1783077923793511,1783077923995105,1783077924033137,1783077924487304,1783077924544932
9,3,28,1783077924672018,1783077924688136,1783077924694278,1783077924694287,1783077924895646,1783077924933683,1783077925387800,1783077925445406
9,3,29,1783077925572462,1783077925588593,1783077925594713,1783077925594722,1783077925796679,1783077925834724,1783077926288937,1783077926346539
9,3,30,1783077926473599,1783077926489746,1783077926495884,1783077926495892,1783077926697893,1783077926735929,1783077927190031,1783077927247630
9,3,31,1783077927374675,1783077927390801,1783077927396918,1783077927396926,1783077927598883,1783077927636924,1783077928091173,1783077928148772
9,3,32,1783077928275846,1783077928291981,1783077928298110,1783077928298119,1783077928500172,1783077928538249,1783077928992506,1783077929050122
9,3,33,1783077929177196,1783077929193329,1783077929199461,1783077929199470,1783077929401129,1783077929439168,1783077929893030,1783077929950638
9,3,34,1783077930077680,1783077930093816,1783077930099945,1783077930099954,1783077930301731,1783077930339774,1783077930794010,1783077930851612
9,3,35,1783077930978694,1783077930994828,1783077931000950,1783077931000960,1783077931202919,1783077931240969,1783077931695176,1783077931752788
9,3,36,1783077931879847,1783077931895990,1783077931902122,1783077931902132,1783077932104152,1783077932142187,1783077932596141,1783077932653744
9,3,37,1783077932780805,1783077932796941,1783077932803058,1783077932803067,1783077933005025,1783077933043076,1783077933497291,1783077933554915
9,3,38,1783077933681988,1783077933698116,1783077933704234,1783077933704243,1783077933906345,1783077933944383,1783077934398597,1783077934456205
9,3,39,1783077934583269,1783077934599405,1783077934605527,1783077934605538,1783077934807219,1783077934845250,1783077935299522,1783077935357132
9,3,40,1783077935484199,1783077935500339,1783077935506467,1783077935506477,1783077935708239,1783077935746282,1783077936200440,1783077936258038
9,3,41,1783077936385104,1783077936401232,1783077936407345,1783077936407354,1783077936609263,1783077936647302,1783077937101530,1783077937159131
9,3,42,1783077937286209,1783077937302335,1783077937308455,1783077937308463,1783077937510420,1783077937548475,1783077938002322,1783077938059927
9,3,43,1783077938186987,1783077938203130,1783077938209250,1783077938209259,1783077938411210,1783077938449261,1783077938903181,1783077938960793
9,3,44,1783077939087812,1783077939103933,1783077939110058,1783077939110066,1783077939311810,1783077939349851,1783077939804007,1783077939861616
9,3,45,1783077939988696,1783077940004819,1783077940010942,1783077940010951,1783077940212828,1783077940250876,1783077940704787,1783077940762389
9,3,46,1783077940889447,1783077940905571,1783077940911701,1783077940911710,1783077941113266,1783077941151305,1783077941605532,1783077941663134
9,3,47,1783077941790201,1783077941806328,1783077941812462,1783077941812472,1783077942014397,1783077942052429,1783077942506619,1783077942564539
9,3,48,1783077942691595,1783077942707715,1783077942713828,1783077942713837,1783077942915657,1783077942953707,1783077943407953,1783077943465554
9,3,49,1783077943592616,1783077943608739,1783077943614852,1783077943614861,1783077943816726,1783077943854764,1783077944309032,1783077944366633
9,4,0,1783077944493698,1783077944509826,1783077944515966,1783077944515976,1783077944717952,1783077944756006,1783077945210173,1783077945267779
9,4,1,1783077945394836,1783077945410964,1783077945417100,1783077945417109,1783077945618977,1783077945657026,1783077946111313,1783077946168921
9,4,2,1783077946296007,1783077946312141,1783077946318263,1783077946318272,1783077946520067,1783077946558116,1783077947012269,1783077947069880
9,4,3,1783077947196949,1783077947213082,1783077947219194,1783077947219202,1783077947420857,1783077947458895,1783077947912780,1783077947970385
9,4,4,1783077948097434,1783077948113558,1783077948119699,1783077948119708,1783077948320982,1783077948359013,1783077948813221,1783077948870828
9,4,5,1783077948997887,1783077949014026,1783077949020157,1783077949020166,1783077949221974,1783077949260005,1783077949714238,1783077949771847
9,4,6,1783077949898903,1783077949915026,1783077949921153,1783077949921163,1783077950123000,1783077950161043,1783077950615279,1783077950672885
9,4,7,1783077950799921,1783077950816046,1783077950822176,1783077950822185,1783077951023606,1783077951061668,1783077951516010,1783077951573638
9,4,8,1783077951700710,1783077951716835,1783077951722976,1783077951722985,1783077951924783,1783077951962823,1783077952417039,1783077952474643
9,4,9,1783077952601723,1783077952617868,1783077952623995,1783077952624003,1783077952825651,1783077952863700,1783077953317598,1783077953375205
9,4,10,1783077953502261,1783077953518396,1783077953524518,1783077953524528,1783077953726410,1783077953764448,1783077954218720,1783077954276327
9,4,11,1783077954403373,1783077954419509,1783077954425655,1783077954425665,1783077954627454,1783077954665492,1783077955119663,1783077955177268
9,4,12,1783077955304327,1783077955320455,1783077955326573,1783077955326582,1783077955528395,1783077955566425,1783077956020657,1783077956078265
9,4,13,1783077956205341,1783077956221467,1783077956227602,1783077956227611,1783077956429025,1783077956467061,1783077956920980,1783077956978582
9,4,14,1783077957105611,1783077957121741,1783077957127871,1783077957127880,1783077957329732,1783077957367774,1783077957821959,1783077957879565
9,4,15,1783077958006631,1783077958022775,1783077958028891,1783077958028900,1783077958230818,1783077958268859,1783077958722793,1783077958780404
9,4,16,1783077958907454,1783077958923579,1783077958929692,1783077958929700,1783077959131736,1783077959169777,1783077959623639,1783077959681549
9,4,17,1783077959808617,1783077959824754,1783077959830882,1783077959830890,1783077960032835,1783077960070872,1783077960524767,1783077960582368
9,4,18,1783077960709449,1783077960725592,1783077960731704,1783077960731713,1783077960933673,1783077960971721,1783077961425555,1783077961483160
9,4,19,1783077961610253,1783077961626389,1783077961632503,1783077961632512,1783077961834634,1783077961872690,1783077962326622,1783077962384230
9,4,20,1783077962511311,1783077962527436,1783077962533561,1783077962533570,1783077962735606,1783077962773634,1783077963227764,1783077963285666
9,4,21,1783077963412714,1783077963428853,1783077963434982,1783077963434991,1783077963636608,1783077963674661,1783077964128799,1783077964186404
9,4,22,1783077964313480,1783077964329619,1783077964335753,1783077964335763,1783077964537131,1783077964575174,1783077965029348,1783077965086946
9,4,23,1783077965213996,1783077965230141,1783077965236267,1783077965236277,1783077965438182,1783077965476220,1783077965930143,1783077965987749
9,4,24,1783077966114806,1783077966130944,1783077966137075,1783077966137084,1783077966338477,1783077966376521,1783077966830418,1783077966888020
9,4,25,1783077967015077,1783077967031220,1783077967037334,1783077967037343,1783077967239097,1783077967277138,1783077967731064,1783077967788671
9,4,26,1783077967915733,1783077967931861,1783077967937982,1783077967937990,1783077968139818,1783077968177865,1783077968632066,1783077968689668
9,4,27,1783077968816719,1783077968832847,1783077968838964,1783077968838974,1783077969041030,1783077969079084,1783077969532988,1783077969590598
9,4,28,1783077969717670,1783077969733802,1783077969739922,1783077969739930,1783077969941793,1783077969979843,1783077970433860,1783077970491469
9,4,29,1783077970618578,1783077970634714,1783077970640855,1783077970640865,1783077970842901,1783077970880947,1783077971335151,1783077971392747
9,4,30,1783077971519829,1783077971535959,1783077971542077,1783077971542086,1783077971743992,1783077971782035,1783077972235913,1783077972293515
9,4,31,1783077972420559,1783077972436683,1783077972442812,1783077972442821,1783077972644739,1783077972682791,1783077973137063,1783077973194664
9,4,32,1783077973321708,1783077973337836,1783077973343954,1783077973343963,1783077973545332,1783077973583385,1783077974037358,1783077974094974
9,4,33,1783077974222024,1783077974238158,1783077974244293,1783077974244302,1783077974445928,1783077974483955,1783077974937880,1783077974995486
9,4,34,1783077975122554,1783077975138690,1783077975144814,1783077975144823,1783077975346266,1783077975384314,1783077975838183,1783077975895791
9,4,35,1783077976022849,1783077976039015,1783077976045138,1783077976045147,1783077976247245,1783077976285285,1783077976739517,1783077976797127
9,4,36,1783077976924187,1783077976940321,1783077976946441,1783077976946450,1783077977148387,1783077977186438,1783077977640365,1783077977697967
9,4,37,1783077977825025,1783077977841150,1783077977847271,1783077977847280,1783077978049342,1783077978087394,1783077978541321,1783077978598925
9,4,38,1783077978725979,1783077978742108,1783077978748237,1783077978748247,1783077978949983,1783077978988022,1783077979441886,1783077979499506
9,4,39,1783077979626556,1783077979642692,1783077979648819,1783077979648830,1783077979850329,1783077979888375,1783077980342622,1783077980400220
9,4,40,1783077980527280,1783077980543418,1783077980549537,1783077980549547,1783077980751583,1783077980789636,1783077981243556,1783077981301161
9,4,41,1783077981428230,1783077981444372,1783077981450500,1783077981450509,1783077981652573,1783077981690627,1783077982144783,1783077982202386
9,4,42,1783077982329431,1783077982345575,1783077982351703,1783077982351712,1783077982553379,1783077982591420,1783077983045534,1783077983103137
9,4,43,1783077983230182,1783077983246320,1783077983252450,1783077983252459,1783077983454293,1783077983492369,1783077983946252,1783077984003855
9,4,44,1783077984130933,1783077984147069,1783077984153191,1783077984153202,1783077984354943,1783077984392993,1783077984846825,1783077984904437
9,4,45,1783077985031523,1783077985047647,1783077985053765,1783077985053773,1783077985255778,1783077985293813,1783077985747567,1783077985805166
9,4,46,1783077985932247,1783077985948378,1783077985954493,1783077985954502,1783077986155781,1783077986193828,1783077986647694,1783077986705296
9,4,47,1783077986832342,1783077986848471,1783077986854589,1783077986854599,1783077987056400,1783077987094451,1783077987548245,1783077987605849
9,4,48,1783077987732883,1783077987749003,1783077987755114,1783077987755123,1783077987956531,1783077987994563,1783077988448794,1783077988506394
9,4,49,1783077988633455,1783077988649583,1783077988655715,1783077988655724,1783077988857593,1783077988895640,1783077989349563,1783077989407164
9,5,0,1783077989534270,1783077989550397,1783077989556529,1783077989556539,1783077989758730,1783077989796768,1783077990250650,1783077990308254
9,5,1,1783077990435317,1783077990451446,1783077990457578,1783077990457588,1783077990659669,1783077990697724,1783077991151644,1783077991209246
9,5,2,1783077991336280,1783077991352403,1783077991358535,1783077991358544,1783077991560248,1783077991598292,1783077992052168,1783077992109772
9,5,3,1783077992236850,1783077992252982,1783077992259112,1783077992259121,1783077992461027,1783077992499075,1783077992953259,1783077993010871
9,5,4,1783077993137946,1783077993154096,1783077993160232,1783077993160242,1783077993362057,1783077993400092,1783077993854252,1783077993911852
9,5,5,1783077994038908,1783077994055036,1783077994061154,1783077994061163,1783077994262931,1783077994300972,1783077994754789,1783077994813334
9,5,6,1783077994940310,1783077994956446,1783077994962561,1783077994962570,1783077995164307,1783077995202329,1783077995656592,1783077995714194
9,5,7,1783077995841864,1783077995859458,1783077995865626,1783077995865642,1783077996067591,1783077996105610,1783077996560205,1783077996617912
9,5,8,1783077996745127,1783077996761280,1783077996767431,1783077996767441,1783077996969568,1783077997007612,1783077997462162,1783077997519835
9,5,9,1783077997646987,1783077997663118,1783077997669242,1783077997669251,1783077997870622,1783077997908676,1783077998362689,1783077998420297
9,5,10,1783077998547686,1783077998563927,1783077998570121,1783077998570134,1783077998771898,1783077998809992,1783077999264350,1783077999321972
9,5,11,1783077999449102,1783077999465240,1783077999471402,1783077999471411,1783077999673414,1783077999711466,1783078000165773,1783078000223386
9,5,12,1783078000350474,1783078000366643,1783078000372776,1783078000372785,1783078000574799,1783078000612992,1783078001066956,1783078001124583
9,5,13,1783078001251680,1783078001267826,1783078001273970,1783078001273979,1783078001476207,1783078001514278,1783078001968810,1783078002026434
9,5,14,1783078002153520,1783078002169665,1783078002175797,1783078002175808,1783078002377253,1783078002415306,1783078002869658,1783078002927267
9,5,15,1783078003054338,1783078003070470,1783078003076603,1783078003076612,1783078003278351,1783078003316399,1783078003770871,1783078003828527
9,5,16,1783078003955605,1783078003971743,1783078003977854,1783078003977862,1783078004179176,1783078004217223,1783078004671519,1783078004729172
9,5,17,1783078004856428,1783078004872878,1783078004879050,1783078004879061,1783078005081060,1783078005119111,1783078005573089,1783078005630715
9,5,18,1783078005757784,1783078005773923,1783078005780048,1783078005780060,1783078005981946,1783078006020013,1783078006474048,1783078006531670
9,5,19,1783078006658763,1783078006674898,1783078006681029,1783078006681039,1783078006883049,1783078006917762,1783078007371788,1783078007429406
9,5,20,1783078007556514,1783078007572667,1783078007578785,1783078007578795,1783078007780757,1783078007818798,1783078008273241,1783078008330881
9,5,21,1783078008457976,1783078008474146,1783078008480265,1783078008480275,1783078008682267,1783078008720307,1783078009174548,1783078009232153
9,5,22,1783078009359222,1783078009375359,1783078009381481,1783078009381491,1783078009583596,1783078009621652,1783078010075677,1783078010133290
9,5,23,1783078010260368,1783078010276518,1783078010282677,1783078010282689,1783078010484910,1783078010523001,1783078010977558,1783078011035225
9,5,24,1783078011162432,1783078011178662,1783078011184816,1783078011184826,1783078011386963,1783078011425044,1783078011879297,1783078011936925
9,5,25,1783078012064026,1783078012080184,1783078012086317,1783078012086327,1783078012287813,1783078012325863,1783078012779883,1783078012837511
9,5,26,1783078012964585,1783078012980739,1783078012986861,1783078012986871,1783078013188871,1783078013226916,1783078013681132,1783078013738739
9,5,27,1783078013865823,1783078013881949,1783078013888063,1783078013888073,1783078014090246,1783078014128298,1783078014582674,1783078014640292
9,5,28,1783078014767361,1783078014783489,1783078014789613,1783078014789622,1783078014991270,1783078015029340,1783078015483706,1783078015541354
9,5,29,1783078015668456,1783078015684578,1783078015690713,1783078015690722,1783078015892580,1783078015930615,1783078016384953,1783078016442756
9,5,30,1783078016570046,1783078016586290,1783078016592466,1783078016592479,1783078016794474,1783078016832555,1783078017286875,1783078017344502
9,5,31,1783078017471579,1783078017487720,1783078017493848,1783078017493858,1783078017695755,1783078017733814,1783078018188104,1783078018245722
9,5,32,1783078018372814,1783078018388956,1783078018395074,1783078018395084,1783078018597122,1783078018635173,1783078019089494,1783078019147146
9,5,33,1783078019274256,1783078019290408,1783078019296539,1783078019296548,1783078019497911,1783078019535966,1783078019990291,1783078020047904
9,5,34,1783078020174960,1783078020191131,1783078020197261,1783078020197271,1783078020398797,1783078020436849,1783078020891106,1783078020948714
9,5,35,1783078021075798,1783078021091948,1783078021098072,1783078021098082,1783078021300243,1783078021338309,1783078021792297,1783078021849922
9,5,36,1783078021976985,1783078021993139,1783078021999254,1783078021999263,1783078022201307,1783078022239419,1783078022693593,1783078022751245
9,5,37,1783078022878476,1783078022894714,1783078022900868,1783078022900878,1783078023102592,1783078023140632,1783078023594744,1783078023652399
9,5,38,1783078023779460,1783078023795599,1783078023801737,1783078023801747,1783078024003613,1783078024041679,1783078024495643,1783078024553278
9,5,39,1783078024680405,1783078024696743,1783078024702885,1783078024702897,1783078024905186,1783078024943247,1783078025397258,1783078025454873
9,5,40,1783078025581983,1783078025598122,1783078025604245,1783078025604255,1783078025805581,1783078025843620,1783078026297754,1783078026355419
9,5,41,1783078026482528,1783078026498679,1783078026504810,1783078026504819,1783078026706620,1783078026744668,1783078027199115,1783078027256731
9,5,42,1783078027383802,1783078027399940,1783078027406079,1783078027406089,1783078027608032,1783078027646084,1783078028100452,1783078028158100
9,5,43,1783078028285334,1783078028301541,1783078028307709,1783078028307719,1783078028509619,1783078028547740,1783078029002034,1783078029059659
9,5,44,1783078029186730,1783078029202864,1783078029208981,1783078029208990,1783078029410928,1783078029448976,1783078029903244,1783078029960869
9,5,45,1783078030087950,1783078030104112,1783078030110234,1783078030110244,1783078030312512,1783078030350555,1783078030804880,1783078030862521
9,5,46,1783078030989613,1783078031005763,1783078031011903,1783078031011915,1783078031214032,1783078031252070,1783078031706510,1783078031764123
9,5,47,1783078031891219,1783078031907380,1783078031913504,1783078031913513,1783078032115025,1783078032153088,1783078032607090,1783078032664722
9,5,48,1783078032791815,1783078032807948,1783078032814121,1783078032814132,1783078033016154,1783078033054205,1783078033508486,1783078033566132
9,5,49,1783078033693206,1783078033709368,1783078033715482,1783078033715490,1783078033917616,1783078033955703,1783078034410011,1783078034467661
9,6,0,1783078034594947,1783078034611187,1783078034617334,1783078034617345,1783078034819278,1783078034857342,1783078035311321,1783078035368951
9,6,1,1783078035496046,1783078035512173,1783078035518313,1783078035518321,1783078035720290,1783078035758337,1783078036212725,1783078036270355
9,6,2,1783078036397436,1783078036413611,1783078036419732,1783078036419741,1783078036621316,1783078036659355,1783078037113600,1783078037171223
9,6,3,1783078037298310,1783078037314485,1783078037320600,1783078037320608,1783078037522441,1783078037560557,1783078038014517,1783078038072120
9,6,4,1783078038199215,1783078038215374,1783078038221498,1783078038221510,1783078038423498,1783078038461545,1783078038915580,1783078038973187
9,6,5,1783078039100277,1783078039116410,1783078039122538,1783078039122547,1783078039323838,1783078039361892,1783078039816435,1783078039874152
9,6,6,1783078040001399,1783078040017613,1783078040023791,1783078040023801,1783078040225467,1783078040263719,1783078040718272,1783078040775938
9,6,7,1783078040903039,1783078040919203,1783078040925335,1783078040925344,1783078041126838,1783078041164890,1783078041619000,1783078041676632
9,6,8,1783078041803890,1783078041820022,1783078041826164,1783078041826175,1783078042028385,1783078042066559,1783078042520793,1783078042578510
9,6,9,1783078042705663,1783078042721792,1783078042727925,1783078042727933,1783078042929719,1783078042967763,1783078043421771,1783078043479381
9,6,10,1783078043606469,1783078043622596,1783078043628712,1783078043628721,1783078043830929,1783078043868983,1783078044323014,1783078044380648
9,6,11,1783078044507750,1783078044524071,1783078044530197,1783078044530207,1783078044732164,1783078044770209,1783078045224274,1783078045282179
9,6,12,1783078045409278,1783078045425419,1783078045431558,1783078045431570,1783078045633109,1783078045671169,1783078046125761,1783078046183431
9,6,13,1783078046310674,1783078046326892,1783078046333036,1783078046333045,1783078046535187,1783078046573313,1783078047027800,1783078047085458
9,6,14,1783078047212526,1783078047228677,1783078047234810,1783078047234818,1783078047436862,1783078047474898,1783078047929145,1783078047986761
9,6,15,1783078048113850,1783078048130000,1783078048136121,1783078048136131,1783078048337865,1783078048375903,1783078048829992,1783078048887665
9,6,16,1783078049014751,1783078049030883,1783078049037018,1783078049037028,1783078049238731,1783078049276773,1783078049730958,1783078049788574
9,6,17,1783078049915663,1783078049931790,1783078049937902,1783078049937910,1783078050139862,1783078050177915,1783078050632146,1783078050689768
9,6,18,1783078050816868,1783078050832992,1783078050839105,1783078050839114,1783078051041090,1783078051079169,1783078051533554,1783078051591197
9,6,19,1783078051718280,1783078051734418,1783078051740534,1783078051740543,1783078051942363,1783078051980400,1783078052434736,1783078052492385
9,6,20,1783078052619666,1783078052635922,1783078052642086,1783078052642103,1783078052844008,1783078052882080,1783078053336414,1783078053394032
9,6,21,1783078053521113,1783078053537266,1783078053543384,1783078053543393,1783078053745360,1783078053783417,1783078054237826,1783078054295465
9,6,22,1783078054422582,1783078054438743,1783078054444859,1783078054444869,1783078054647028,1783078054685082,1783078055139337,1783078055196959
9,6,23,1783078055324235,1783078055340369,1783078055346508,1783078055346519,1783078055548274,1783078055586349,1783078056040680,1783078056098293
9,6,24,1783078056225383,1783078056241575,1783078056247704,1783078056247716,1783078056449737,1783078056487817,1783078056941860,1783078056999484
9,6,25,1783078057126559,1783078057142698,1783078057148813,1783078057148822,1783078057350748,1783078057388805,1783078057842754,1783078057900374
9,6,26,1783078058027601,1783078058043859,1783078058050002,1783078058050011,1783078058252121,1783078058290214,1783078058744542,1783078058802161
9,6,27,1783078058929292,1783078058945436,1783078058951557,1783078058951566,1783078059153412,1783078059191455,1783078059645506,1783078059703116
9,6,28,1783078059830179,1783078059846316,1783078059852438,1783078059852450,1783078060053918,1783078060091991,1783078060546028,1783078060603685
9,6,29,1783078060730788,1783078060746930,1783078060753067,1783078060753076,1783078060955122,1783078060993158,1783078061447431,1783078061505064
9,6,30,1783078061632164,1783078061648292,1783078061654407,1783078061654416,1783078061856011,1783078061894055,1783078062348342,1783078062405993
9,6,31,1783078062533065,1783078062549230,1783078062555365,1783078062555375,1783078062757299,1783078062795342,1783078063249658,1783078063307265
9,6,32,1783078063434359,1783078063450540,1783078063456667,1783078063456679,1783078063658713,1783078063696751,1783078064151228,1783078064208911
9,6,33,1783078064336207,1783078064352557,1783078064358735,1783078064358746,1783078064560713,1783078064598797,1783078065053053,1783078065110660
9,6,34,1783078065237736,1783078065253862,1783078065259978,1783078065259987,1783078065461744,1783078065499782,1783078065954142,1783078066011762
9,6,35,1783078066138841,1783078066154988,1783078066161131,1783078066161141,1783078066362697,1783078066400744,1783078066854985,1783078066912600
9,6,36,1783078067039679,1783078067055817,1783078067061957,1783078067061968,1783078067263725,1783078067301768,1783078067755755,1783078067813364
9,6,37,1783078067940455,1783078067956592,1783078067962722,1783078067962733,1783078068164664,1783078068202720,1783078068657077,1783078068714699
9,6,38,1783078068841791,1783078068857943,1783078068864075,1783078068864084,1783078069065650,1783078069103716,1783078069558028,1783078069615648
9,6,39,1783078069742885,1783078069759134,1783078069765292,1783078069765301,1783078069967249,1783078070005317,1783078070459733,1783078070517386
9,6,40,1783078070644508,1783078070660655,1783078070666781,1783078070666791,1783078070868703,1783078070906748,1783078071361267,1783078071418925
9,6,41,1783078071546012,1783078071562188,1783078071568319,1783078071568328,1783078071770254,1783078071808296,1783078072262519,1783078072320137
9,6,42,1783078072447228,1783078072463362,1783078072469484,1783078072469493,1783078072671480,1783078072709520,1783078073163826,1783078073221445
9,6,43,1783078073348529,1783078073364662,1783078073370807,1783078073370816,1783078073572849,1783078073610914,1783078074065222,1783078074122840
9,6,44,1783078074249921,1783078074266084,1783078074272214,1783078074272225,1783078074474279,1783078074512316,1783078074966738,1783078075024380
9,6,45,1783078075151628,1783078075167755,1783078075173872,1783078075173880,1783078075376050,1783078075414110,1783078075868237,1783078075925908
9,6,46,1783078076053132,1783078076069384,1783078076075661,1783078076075673,1783078076277733,1783078076315774,1783078076769954,1783078076827586
9,6,47,1783078076954679,1783078076970847,1783078076976960,1783078076976969,1783078077178831,1783078077216875,1783078077671357,1783078077728972
9,6,48,1783078077856046,1783078077872195,1783078077878359,1783078077878369,1783078078079893,1783078078114601,1783078078568947,1783078078626563
9,6,49,1783078078753906,1783078078770055,1783078078776288,1783078078776300,1783078078977805,1783078079015871,1783078079470163,1783078079528371
9,7,0,1783078079655420,1783078079671548,1783078079677660,1783078079677668,1783078079879662,1783078079917673,1783078080371954,1783078080429559
9,7,1,1783078080556625,1783078080572751,1783078080578882,1783078080578892,1783078080780838,1783078080818868,1783078081273098,1783078081330703
9,7,2,1783078081457754,1783078081473875,1783078081479991,1783078081480001,1783078081681890,1783078081719923,1783078082174076,1783078082231678
9,7,3,1783078082358738,1783078082374868,1783078082380998,1783078082381006,1783078082582450,1783078082620485,1783078083074687,1783078083132293
9,7,4,1783078083259352,1783078083275470,1783078083281587,1783078083281595,1783078083483486,1783078083521552,1783078083975640,1783078084033243
9,7,5,1783078084160321,1783078084176449,1783078084182563,1783078084182573,1783078084384574,1783078084422613,1783078084876896,1783078084934527
9,7,6,1783078085061564,1783078085077703,1783078085083819,1783078085083828,1783078085285750,1783078085323789,1783078085777967,1783078085835572
9,7,7,1783078085962603,1783078085978732,1783078085984844,1783078085984852,1783078086186234,1783078086224261,1783078086678602,1783078086736220
9,7,8,1783078086863275,1783078086879417,1783078086885549,1783078086885558,1783078087086975,1783078087125009,1783078087579293,1783078087636903
9,7,9,1783078087763956,1783078087780079,1783078087786195,1783078087786204,1783078087988016,1783078088026048,1783078088480219,1783078088537824
9,7,10,1783078088664875,1783078088681006,1783078088687122,1783078088687131,1783078088888968,1783078088926988,1783078089381082,1783078089438687
9,7,11,1783078089565763,1783078089581892,1783078089588021,1783078089588031,1783078089789978,1783078089828019,1783078090282181,1783078090339789
9,7,12,1783078090466879,1783078090483018,1783078090489131,1783078090489140,1783078090691085,1783078090729126,1783078091183371,1783078091240978
9,7,13,1783078091368055,1783078091384195,1783078091390313,1783078091390322,1783078091591573,1783078091629609,1783078092083792,1783078092141405
9,7,14,1783078092268433,1783078092284558,1783078092290681,1783078092290692,1783078092492532,1783078092530561,1783078092984802,1783078093042414
9,7,15,1783078093169460,1783078093185592,1783078093191719,1783078093191728,1783078093393432,1783078093431465,1783078093885664,1783078093943265
9,7,16,1783078094070299,1783078094086430,1783078094092566,1783078094092577,1783078094294388,1783078094332423,1783078094786319,1783078094843921
9,7,17,1783078094970970,1783078094987107,1783078094993233,1783078094993243,1783078095195152,1783078095233194,1783078095687181,1783078095744787
9,7,18,1783078095871818,1783078095887945,1783078095894061,1783078095894071,1783078096095953,1783078096133993,1783078096587864,1783078096645479
9,7,19,1783078096772533,1783078096788661,1783078096794777,1783078096794786,1783078096996502,1783078097034532,1783078097488776,1783078097546379
9,7,20,1783078097673434,1783078097689566,1783078097695684,1783078097695693,1783078097897258,1783078097935301,1783078098389537,1783078098447138
9,7,21,1783078098574204,1783078098590330,1783078098596442,1783078098596451,1783078098798346,1783078098836392,1783078099290248,1783078099347845
9,7,22,1783078099474885,1783078099491044,1783078099497161,1783078099497171,1783078099698595,1783078099736633,1783078100190793,1783078100248395
9,7,23,1783078100375422,1783078100391552,1783078100397668,1783078100397676,1783078100599519,1783078100637565,1783078101091512,1783078101149111
9,7,24,1783078101276157,1783078101292278,1783078101298422,1783078101298433,1783078101500348,1783078101538379,1783078101992546,1783078102050450
9,7,25,1783078102177485,1783078102193626,1783078102199747,1783078102199756,1783078102401168,1783078102439198,1783078102893555,1783078102951162
9,7,26,1783078103078202,1783078103094321,1783078103100438,1783078103100447,1783078103302576,1783078103340611,1783078103794743,1783078103852347
9,7,27,1783078103979393,1783078103995525,1783078104001637,1783078104001645,1783078104203631,1783078104241672,1783078104695860,1783078104753477
9,7,28,1783078104880525,1783078104896657,1783078104902794,1783078104902803,1783078105104817,1783078105142838,1783078105596877,1783078105654487
9,7,29,1783078105781548,1783078105797691,1783078105803803,1783078105803812,1783078106005561,1783078106043588,1783078106497743,1783078106555348
9,7,30,1783078106682401,1783078106698535,1783078106704666,1783078106704675,1783078106906610,1783078106944657,1783078107398872,1783078107456469
9,7,31,1783078107583517,1783078107599639,1783078107605753,1783078107605762,1783078107807228,1783078107845255,1783078108299421,1783078108357321
9,7,32,1783078108484365,1783078108500504,1783078108506616,1783078108506625,1783078108708281,1783078108746322,1783078109200558,1783078109258159
9,7,33,1783078109385195,1783078109401317,1783078109407427,1783078109407437,1783078109609306,1783078109647336,1783078110101524,1783078110159130
9,7,34,1783078110286202,1783078110302320,1783078110308455,1783078110308464,1783078110510392,1783078110548421,1783078111002391,1783078111059997
9,7,35,1783078111187044,1783078111203187,1783078111209302,1783078111209312,1783078111411094,1783078111449136,1783078111903419,1783078111961024
9,7,36,1783078112088048,1783078112104174,1783078112110288,1783078112110298,1783078112312123,1783078112350137,1783078112804002,1783078112861605
9,7,37,1783078112988665,1783078113004788,1783078113010904,1783078113010913,1783078113212434,1783078113250467,1783078113704343,1783078113761944
9,7,38,1783078113888998,1783078113905134,1783078113911253,1783078113911261,1783078114112882,1783078114150915,1783078114604738,1783078114662341
9,7,39,1783078114789379,1783078114805515,1783078114811632,1783078114811641,1783078115013296,1783078115051332,1783078115505282,1783078115563184
9,7,40,1783078115690218,1783078115706344,1783078115712476,1783078115712485,1783078115914131,1783078115952173,1783078116405944,1783078116463558
9,7,41,1783078116590594,1783078116606718,1783078116612849,1783078116612858,1783078116814276,1783078116852302,1783078117306497,1783078117364096
9,7,42,1783078117491180,1783078117507308,1783078117513429,1783078117513438,1783078117715307,1783078117753339,1783078118207238,1783078118265143
9,7,43,1783078118392183,1783078118408308,1783078118414427,1783078118414436,1783078118616103,1783078118654145,1783078119108441,1783078119166056
9,7,44,1783078119293115,1783078119309236,1783078119315366,1783078119315374,1783078119516954,1783078119554987,1783078120008861,1783078120066469
9,7,45,1783078120193534,1783078120209652,1783078120215774,1783078120215783,1783078120417673,1783078120455708,1783078120909970,1783078120967577
9,7,46,1783078121094635,1783078121110758,1783078121116871,1783078121116880,1783078121318789,1783078121356828,1783078121810747,1783078121868346
9,7,47,1783078121995375,1783078122011506,1783078122017622,1783078122017631,1783078122219458,1783078122257488,1783078122711575,1783078122769178
9,7,48,1783078122896203,1783078122912329,1783078122918448,1783078122918457,1783078123119917,1783078123157956,1783078123611799,1783078123669402
9,7,49,1783078123796427,1783078123812555,1783078123818673,1783078123818681,1783078124020432,1783078124058464,1783078124512351,1783078124569956
9,8,0,1783078124697000,1783078124713132,1783078124719248,1783078124719257,1783078124920865,1783078124958894,1783078125413113,1783078125470730
9,8,1,1783078125597780,1783078125613905,1783078125620015,1783078125620024,1783078125821630,1783078125859659,1783078126313631,1783078126371237
9,8,2,1783078126498301,1783078126514445,1783078126520557,1783078126520566,1783078126722465,1783078126760494,1783078127214608,1783078127272210
9,8,3,1783078127399245,1783078127415366,1783078127421475,1783078127421484,1783078127622953,1783078127660980,1783078128114894,1783078128172498
9,8,4,1783078128299572,1783078128315694,1783078128321833,1783078128321842,1783078128523725,1783078128561744,1783078129015960,1783078129073561
9,8,5,1783078129200617,1783078129216739,1783078129222860,1783078129222868,1783078129424655,1783078129462683,1783078129916806,1783078129974405
9,8,6,1783078130101422,1783078130117543,1783078130123655,1783078130123664,1783078130325778,1783078130363822,1783078130817711,1783078130875322
9,8,7,1783078131002354,1783078131018489,1783078131024616,1783078131024625,1783078131226464,1783078131264490,1783078131718687,1783078131776293
9,8,8,1783078131903328,1783078131919447,1783078131925557,1783078131925566,1783078132127506,1783078132165535,1783078132619412,1783078132677010
9,8,9,1783078132804050,1783078132820173,1783078132826298,1783078132826306,1783078133027823,1783078133065866,1783078133520110,1783078133577716
9,8,10,1783078133704770,1783078133720917,1783078133727029,1783078133727037,1783078133928955,1783078133966994,1783078134421286,1783078134478905
9,8,11,1783078134605953,1783078134622104,1783078134628242,1783078134628251,1783078134829619,1783078134867647,1783078135321841,1783078135379441
9,8,12,1783078135506489,1783078135522627,1783078135528740,1783078135528749,1783078135730339,1783078135768380,1783078136222613,1783078136280214
9,8,13,1783078136407241,1783078136423365,1783078136429481,1783078136429490,1783078136631624,1783078136669670,1783078137123838,1783078137181439
9,8,14,1783078137308512,1783078137324637,1783078137330754,1783078137330763,1783078137532741,1783078137570781,1783078138025061,1783078138082662
9,8,15,1783078138209690,1783078138225817,1783078138231930,1783078138231938,1783078138433468,1783078138471519,1783078138925528,1783078138983128
9,8,16,1783078139110174,1783078139126300,1783078139132432,1783078139132441,1783078139334418,1783078139372457,1783078139826317,1783078139883925
9,8,17,1783078140010975,1783078140027113,1783078140033244,1783078140033253,1783078140234993,1783078140273012,1783078140726988,1783078140784589
9,8,18,1783078140911636,1783078140927777,1783078140933890,1783078140933899,1783078141135570,1783078141173600,1783078141627542,1783078141685145
9,8,19,1783078141812194,1783078141828330,1783078141834443,1783078141834452,1783078142036265,1783078142074301,1783078142528188,1783078142585803
9,8,20,1783078142712846,1783078142728971,1783078142735091,1783078142735100,1783078142936983,1783078142975013,1783078143428935,1783078143486554
9,8,21,1783078143613596,1783078143629718,1783078143635846,1783078143635855,1783078143837720,1783078143875738,1783078144329630,1783078144387533
9,8,22,1783078144514585,1783078144530719,1783078144536835,1783078144536845,1783078144738274,1783078144776313,1783078145230560,1783078145288164
9,8,23,1783078145415192,1783078145431343,1783078145437467,1783078145437476,1783078145639057,1783078145677098,1783078146130997,1783078146188599
9,8,24,1783078146315650,1783078146331786,1783078146337916,1783078146337926,1783078146539736,1783078146577770,1783078147031662,1783078147089565
9,8,25,1783078147216624,1783078147232741,1783078147238870,1783078147238878,1783078147441169,1783078147479212,1783078147933404,1783078147991010
9,8,26,1783078148118026,1783078148134150,1783078148140268,1783078148140276,1783078148341916,1783078148379940,1783078148834169,1783078148891769
9,8,27,1783078149018811,1783078149034938,1783078149041058,1783078149041067,1783078149242800,1783078149280828,1783078149735033,1783078149792636
9,8,28,1783078149919695,1783078149935831,1783078149941943,1783078149941952,1783078150143698,1783078150181721,1783078150635941,1783078150693542
9,8,29,1783078150820591,1783078150836729,1783078150842845,1783078150842853,1783078151044754,1783078151082778,1783078151536960,1783078151594561
9,8,30,1783078151721588,1783078151737715,1783078151743835,1783078151743843,1783078151945141,1783078151983183,1783078152437457,1783078152495079
9,8,31,1783078152622114,1783078152638254,1783078152644372,1783078152644381,1783078152846380,1783078152884410,1783078153338650,1783078153396254
9,8,32,1783078153523331,1783078153539465,1783078153545581,1783078153545590,1783078153747330,1783078153785371,1783078154239640,1783078154297277
9,8,33,1783078154425507,1783078154441684,1783078154447865,1783078154447874,1783078154649733,1783078154687787,1783078155142051,1783078155199651
9,8,34,1783078155326753,1783078155342905,1783078155349023,1783078155349033,1783078155551037,1783078155589061,1783078156043320,1783078156100936
9,8,35,1783078156228036,1783078156244208,1783078156250335,1783078156250348,1783078156451954,1783078156489979,1783078156944151,1783078157001750
9,8,36,1783078157128822,1783078157144964,1783078157151090,1783078157151098,1783078157353007,1783078157391044,1783078157845214,1783078157902828
9,8,37,1783078158029896,1783078158046053,1783078158052176,1783078158052184,1783078158253996,1783078158292094,1783078158746277,1783078158803914
9,8,38,1783078158931165,1783078158947385,1783078158953550,1783078158953560,1783078159155534,1783078159193593,1783078159647755,1783078159705379
9,8,39,1783078159832481,1783078159848618,1783078159854754,1783078159854764,1783078160056684,1783078160094723,1783078160548980,1783078160606615
9,8,40,1783078160733707,1783078160749829,1783078160755958,1783078160755966,1783078160957995,1783078160996027,1783078161450136,1783078161507802
9,8,41,1783078161634889,1783078161651036,1783078161657154,1783078161657162,1783078161859065,1783078161897103,1783078162351109,1783078162408735
9,8,42,1783078162535834,1783078162551996,1783078162558159,1783078162558168,1783078162759770,1783078162797829,1783078163252081,1783078163309682
9,8,43,1783078163436756,1783078163452903,1783078163459025,1783078163459037,1783078163661140,1783078163699179,1783078164153452,1783078164211058
9,8,44,1783078164338171,1783078164354559,1783078164360714,1783078164360726,1783078164562844,1783078164600944,1783078165054981,1783078165112629
9,8,45,1783078165239831,1783078165256066,1783078165262209,1783078165262219,1783078165463893,1783078165501947,1783078165955906,1783078166013520
9,8,46,1783078166140596,1783078166156774,1783078166162908,1783078166162918,1783078166364840,1783078166402866,1783078166857258,1783078166914906
9,8,47,1783078167041963,1783078167058119,1783078167064243,1783078167064255,1783078167266288,1783078167304327,1783078167758535,1783078167816164
9,8,48,1783078167943257,1783078167959394,1783078167965511,1783078167965519,1783078168167383,1783078168205430,1783078168659404,1783078168717030
9,8,49,1783078168844241,1783078168860418,1783078168866533,1783078168866543,1783078169068500,1783078169106537,1783078169560841,1783078169618484
9,9,0,1783078169745561,1783078169761723,1783078169767835,1783078169767844,1783078169969805,1783078170007841,1783078170462007,1783078170519613
9,9,1,1783078170646853,1783078170663112,1783078170669274,1783078170669286,1783078170871148,1783078170909219,1783078171363231,1783078171420858
9,9,2,1783078171547969,1783078171564111,1783078171570270,1783078171570281,1783078171771941,1783078171810006,1783078172263990,1783078172321598
9,9,3,1783078172448683,1783078172464835,1783078172470945,1783078172470953,1783078172672708,1783078172710728,1783078173164762,1783078173222380
9,9,4,1783078173349462,1783078173365617,1783078173371731,1783078173371739,1783078173573653,1783078173611699,1783078174065995,1783078174123626
9,9,5,1783078174250721,1783078174266878,1783078174273020,1783078174273032,1783078174474066,1783078174512093,1783078174966171,1783078175023793
9,9,6,1783078175150872,1783078175166995,1783078175173203,1783078175173212,1783078175374906,1783078175412955,1783078175867222,1783078175924836
9,9,7,1783078176051893,1783078176068033,1783078176074149,1783078176074158,1783078176276057,1783078176314186,1783078176768532,1783078176826187
9,9,8,1783078176953417,1783078176969629,1783078176975788,1783078176975797,1783078177177867,1783078177215947,1783078177670208,1783078177727832
9,9,9,1783078177854898,1783078177871037,1783078177877160,1783078177877171,1783078178079187,1783078178117235,1783078178571251,1783078178628884
9,9,10,1783078178755951,1783078178772094,1783078178778214,1783078178778224,1783078178979986,1783078179018037,1783078179472403,1783078179530017
9,9,11,1783078179657084,1783078179673224,1783078179679350,1783078179679360,1783078179881273,1783078179919316,1783078180373292,1783078180430900
9,9,12,1783078180558029,1783078180574204,1783078180580348,1783078180580358,1783078180782186,1783078180820242,1783078181274489,1783078181332097
9,9,13,1783078181459189,1783078181475346,1783078181481468,1783078181481479,1783078181683405,1783078181721450,1783078182175737,1783078182233347
9,9,14,1783078182360436,1783078182376583,1783078182382700,1783078182382708,1783078182584417,1783078182622464,1783078183076547,1783078183134189
9,9,15,1783078183261388,1783078183277614,1783078183283776,1783078183283785,1783078183485226,1783078183523307,1783078183977735,1783078184035399
9,9,16,1783078184162487,1783078184178772,1783078184184907,1783078184184919,1783078184386807,1783078184424836,1783078184878798,1783078184936396
9,9,17,1783078185063466,1783078185079597,1783078185085715,1783078185085726,1783078185287212,1783078185325281,1783078185779359,1783078185836970
9,9,18,1783078185964040,1783078185980163,1783078185986291,1783078185986301,1783078186188356,1783078186226407,1783078186680714,1783078186738324
9,9,19,1783078186865399,1783078186881531,1783078186887644,1783078186887653,1783078187088810,1783078187126849,1783078187581215,1783078187638844
9,9,20,1783078187765921,1783078187782074,1783078187788196,1783078187788206,1783078187990058,1783078188028085,1783078188482062,1783078188539671
9,9,21,1783078188666768,1783078188682939,1783078188689054,1783078188689062,1783078188890989,1783078188929031,1783078189383319,1783078189440961
9,9,22,1783078189568219,1783078189584468,1783078189590648,1783078189590660,1783078189792691,1783078189830784,1783078190284777,1783078190342386
9,9,23,1783078190469473,1783078190485652,1783078190491766,1783078190491775,1783078190693323,1783078190731357,1783078191185353,1783078191242973
9,9,24,1783078191370179,1783078191386357,1783078191392494,1783078191392505,1783078191593776,1783078191631818,1783078192085789,1783078192143414
9,9,25,1783078192270505,1783078192286681,1783078192292804,1783078192292815,1783078192494751,1783078192532796,1783078192986815,1783078193044416
9,9,26,1783078193171492,1783078193187631,1783078193193756,1783078193193765,1783078193395560,1783078193433604,1783078193887605,1783078193945209
9,9,27,1783078194072268,1783078194088402,1783078194094526,1783078194094535,1783078194296605,1783078194334677,1783078194788990,1783078194846607
9,9,28,1783078194973811,1783078194990017,1783078194996171,1783078194996181,1783078195197849,1783078195235939,1783078195689863,1783078195747494
9,9,29,1783078195874672,1783078195890830,1783078195896948,1783078195896959,1783078196098783,1783078196136841,1783078196591320,1783078196648977
9,9,30,1783078196776076,1783078196792220,1783078196798356,1783078196798364,1783078197000407,1783078197038578,1783078197493060,1783078197550710
9,9,31,1783078197677776,1783078197693928,1783078197700051,1783078197700059,1783078197901839,1783078197939879,1783078198393829,1783078198451442
9,9,32,1783078198578706,1783078198594913,1783078198601041,1783078198601050,1783078198803222,1783078198841336,1783078199295723,1783078199353348
9,9,33,1783078199480409,1783078199496547,1783078199502664,1783078199502674,1783078199704953,1783078199742994,1783078200197105,1783078200254721
9,9,34,1783078200381839,1783078200397996,1783078200404110,1783078200404119,1783078200605838,1783078200643883,1783078201098261,1783078201155904
9,9,35,1783078201283108,1783078201299348,1783078201305492,1783078201305503,1783078201507512,1783078201545616,1783078201999678,1783078202057402
9,9,36,1783078202184491,1783078202200634,1783078202206755,1783078202206764,1783078202408758,1783078202446810,1783078202901180,1783078202958803
9,9,37,1783078203085910,1783078203102088,1783078203108223,1783078203108233,1783078203309782,1783078203347851,1783078203801827,1783078203859529
9,9,38,1783078203986612,1783078204002864,1783078204008985,1783078204008995,1783078204210730,1783078204248797,1783078204702832,1783078204760448
9,9,39,1783078204887527,1783078204903668,1783078204909789,1783078204909798,1783078205111441,1783078205149479,1783078205603821,1783078205661453
9,9,40,1783078205788529,1783078205804694,1783078205810809,1783078205810818,1783078206012724,1783078206050766,1783078206505164,1783078206562836
9,9,41,1783078206689915,1783078206706096,1783078206712227,1783078206712238,1783078206913997,1783078206952037,1783078207406067,1783078207463705
9,9,42,1783078207590947,1783078207607152,1783078207613305,1783078207613315,1783078207815333,1783078207853435,1783078208307739,1783078208365375
9,9,43,1783078208492453,1783078208508616,1783078208514735,1783078208514744,1783078208716709,1783078208754751,1783078209209046,1783078209266668
9,9,44,1783078209393732,1783078209409877,1783078209415990,1783078209415999,1783078209618001,1783078209656066,1783078210110308,1783078210167943
9,9,45,1783078210295052,1783078210311204,1783078210317325,1783078210317335,1783078210519153,1783078210557203,1783078211011553,1783078211069160
9,9,46,1783078211196231,1783078211212374,1783078211218489,1783078211218498,1783078211420023,1783078211458071,1783078211912065,1783078211969671
9,9,47,1783078212096739,1783078212112901,1783078212119046,1783078212119056,1783078212320951,1783078212359015,1783078212812967,1783078212870591
9,9,48,1783078212997653,1783078213013786,1783078213019914,1783078213019924,1783078213221726,1783078213259772,1783078213713814,1783078213771468
9,9,49,1783078213898853,1783078213915093,1783078213921260,1783078213921271,1783078214123492,1783078214161809,1783078214622015,1783078214679625
10,0,0,1783078232485460,1783078232501630,1783078232508423,1783078232508432,1783078232740656,1783078232780582,1783078233146412,1783078233204040
10,0,1,1783078233358502,1783078233374670,1783078233381462,1783078233381473,1783078233613668,1783078233653596,1783078234019437,1783078234077045
10,0,2,1783078234231504,1783078234247671,1783078234254462,1783078234254471,1783078234486689,1783078234526640,1783078234892487,1783078234950109
10,0,3,1783078235104545,1783078235120725,1783078235127518,1783078235127527,1783078235360163,1783078235400086,1783078235765903,1783078235823507
10,0,4,1783078235977945,1783078235994119,1783078236000919,1783078236000929,1783078236233338,1783078236273260,1783078236639035,1783078236696659
10,0,5,1783078236851089,1783078236867254,1783078236874043,1783078236874052,1783078237106494,1783078237146428,1783078237512178,1783078237569804
10,0,6,1783078237724224,1783078237740405,1783078237747195,1783078237747205,1783078237979497,1783078238019422,1783078238385280,1783078238442888
10,0,7,1783078238597334,1783078238613505,1783078238620291,1783078238620300,1783078238852007,1783078238891942,1783078239257727,1783078239315630
10,0,8,1783078239470068,1783078239486247,1783078239493052,1783078239493061,1783078239725440,1783078239765358,1783078240131263,1783078240188870
10,0,9,1783078240343287,1783078240359454,1783078240366247,1783078240366257,1783078240598627,1783078240638557,1783078241004410,1783078241062029
10,0,10,1783078241216467,1783078241232631,1783078241239420,1783078241239429,1783078241471926,1783078241511859,1783078241877660,1783078241935263
10,0,11,1783078242089703,1783078242105880,1783078242112671,1783078242112681,1783078242345333,1783078242385256,1783078242750952,1783078242808560
10,0,12,1783078242962994,1783078242979161,1783078242985967,1783078242985976,1783078243217962,1783078243257901,1783078243623686,1783078243681309
10,0,13,1783078243835751,1783078243851925,1783078243858721,1783078243858732,1783078244090982,1783078244130908,1783078244496747,1783078244554372
10,0,14,1783078244708802,1783078244724968,1783078244731761,1783078244731770,1783078244963849,1783078245003773,1783078245369617,1783078245427236
10,0,15,1783078245581672,1783078245597845,1783078245604637,1783078245604647,1783078245836950,1783078245876878,1783078246242576,1783078246300196
10,0,16,1783078246454659,1783078246470830,1783078246477628,1783078246477638,1783078246710087,1783078246750013,1783078247115869,1783078247173470
10,0,17,1783078247327898,1783078247344077,1783078247350881,1783078247350891,1783078247582630,1783078247622559,1783078247988367,1783078248045973
10,0,18,1783078248200383,1783078248216556,1783078248223363,1783078248223373,1783078248455450,1783078248495388,1783078248861237,1783078248918837
10,0,19,1783078249073281,1783078249089452,1783078249096244,1783078249096254,1783078249328567,1783078249368491,1783078249734336,1783078249791956
10,0,20,1783078249946395,1783078249962575,1783078249969374,1783078249969384,1783078250201718,1783078250241649,1783078250607385,1783078250664994
10,0,21,1783078250819429,1783078250835608,1783078250842395,1783078250842405,1783078251074618,1783078251114543,1783078251480289,1783078251537918
10,0,22,1783078251692356,1783078251708529,1783078251715323,1783078251715332,1783078251946963,1783078251986887,1783078252352615,1783078252410231
10,0,23,1783078252564694,1783078252580864,1783078252587655,1783078252587666,1783078252820108,1783078252860039,1783078253225817,1783078253283419
10,0,24,1783078253437853,1783078253454020,1783078253460825,1783078253460834,1783078253693367,1783078253733295,1783078254099083,1783078254156704
10,0,25,1783078254311133,1783078254327297,1783078254334098,1783078254334109,1783078254566580,1783078254606522,1783078254972379,1783078255029990
10,0,26,1783078255184450,1783078255200620,1783078255207411,1783078255207420,1783078255439435,1783078255479362,1783078255845146,1783078255902753
10,0,27,1783078256057205,1783078256073381,1783078256080182,1783078256080193,1783078256312533,1783078256352460,1783078256718279,1783078256775883
10,0,28,1783078256930329,1783078256946497,1783078256953299,1783078256953310,1783078257185263,1783078257225190,1783078257591002,1783078257648611
10,0,29,1783078257803044,1783078257819217,1783078257826008,1783078257826018,1783078258058315,1783078258098235,1783078258463907,1783078258521531
10,0,30,1783078258675998,1783078258692169,1783078258698967,1783078258698977,1783078258931206,1783078258971129,1783078259336932,1783078259394539
10,0,31,1783078259548989,1783078259565179,1783078259571968,1783078259571978,1783078259804185,1783078259844106,1783078260209855,1783078260267457
10,0,32,1783078260421887,1783078260438069,1783078260444876,1783078260444888,1783078260677324,1783078260717240,1783078261083053,1783078261140660
10,0,33,1783078261295115,1783078261311281,1783078261318070,1783078261318081,1783078261550240,1783078261590169,1783078261955894,1783078262013499
10,0,34,1783078262167948,1783078262184115,1783078262190910,1783078262190920,1783078262423245,1783078262463161,1783078262828998,1783078262886615
10,0,35,1783078263041047,1783078263057215,1783078263064010,1783078263064022,1783078263296156,1783078263336072,1783078263701886,1783078263759502
10,0,36,1783078263913971,1783078263930154,1783078263936948,1783078263936959,1783078264169407,1783078264209315,1783078264575152,1783078264632760
10,0,37,1783078264787190,1783078264803351,1783078264810145,1783078264810154,1783078265042612,1783078265082538,1783078265448372,1783078265505978
10,0,38,1783078265660431,1783078265676598,1783078265683384,1783078265683394,1783078265915817,1783078265955752,1783078266321477,1783078266379079
10,0,39,1783078266533537,1783078266549706,1783078266556498,1783078266556509,1783078266788808,1783078266828730,1783078267194461,1783078267252081
10,0,40,1783078267406537,1783078267422701,1783078267429492,1783078267429502,1783078267662225,1783078267702154,1783078268067904,1783078268125509
10,0,41,1783078268279978,1783078268296155,1783078268302959,1783078268302969,1783078268534829,1783078268574774,1783078268940511,1783078268998116
10,0,42,1783078269152550,1783078269168719,1783078269175509,1783078269175518,1783078269408006,1783078269447935,1783078269813692,1783078269871297
10,0,43,1783078270025745,1783078270041926,1783078270048716,1783078270048724,1783078270280457,1783078270320383,1783078270686112,1783078270743720
10,0,44,1783078270898189,1783078270914355,1783078270921154,1783078270921165,1783078271153441,1783078271193365,1783078271559105,1783078271616728
10,0,45,1783078271771196,1783078271787370,1783078271794171,1783078271794183,1783078272026542,1783078272066475,1783078272432160,1783078272489761
10,0,46,1783078272644235,1783078272660410,1783078272667201,1783078272667211,1783078272899476,1783078272939400,1783078273305183,1783078273362787
10,0,47,1783078273517237,1783078273533409,1783078273540211,1783078273540221,1783078273772599,1783078273812524,1783078274178375,1783078274235983
10,0,48,1783078274390415,1783078274406583,1783078274413372,1783078274413382,1783078274645814,1783078274685740,1783078275051490,1783078275109095
10,0,49,1783078275263535,1783078275279704,1783078275286508,1783078275286518,1783078275518880,1783078275558804,1783078275924616,1783078275982241
10,1,0,1783078276136690,1783078276152859,1783078276159653,1783078276159662,1783078276391990,1783078276431914,1783078276797755,1783078276855361
10,1,1,1783078277009824,1783078277025998,1783078277032786,1783078277032796,1783078277264871,1783078277304801,1783078277670656,1783078277728260
10,1,2,1783078277882703,1783078277898872,1783078277905662,1783078277905672,1783078278137314,1783078278177236,1783078278542983,1783078278600589
10,1,3,1783078278755026,1783078278771195,1783078278777983,1783078278777994,1783078279010516,1783078279050443,1783078279416233,1783078279473836
10,1,4,1783078279628304,1783078279644477,1783078279651275,1783078279651284,1783078279883348,1783078279923284,1783078280288999,1783078280346618
10,1,5,1783078280501058,1783078280517235,1783078280524035,1783078280524044,1783078280756714,1783078280796634,1783078281162293,1783078281219895
10,1,6,1783078281374359,1783078281390518,1783078281397316,1783078281397327,1783078281629927,1783078281669846,1783078282035671,1783078282093274
10,1,7,1783078282247713,1783078282263887,1783078282270687,1783078282270696,1783078282503114,1783078282543072,1783078282908845,1783078282966462
10,1,8,1783078283120901,1783078283137074,1783078283143865,1783078283143875,1783078283375676,1783078283415598,1783078283781306,1783078283838910
10,1,9,1783078283993342,1783078284009515,1783078284016312,1783078284016323,1783078284248620,1783078284288542,1783078284654283,1783078284711903
10,1,10,1783078284866346,1783078284882508,1783078284889300,1783078284889310,1783078285121638,1783078285161575,1783078285527358,1783078285584989
10,1,11,1783078285739454,1783078285755629,1783078285762430,1783078285762441,1783078285994544,1783078286034464,1783078286400220,1783078286457846
10,1,12,1783078286612289,1783078286628456,1783078286635244,1783078286635253,1783078286867024,1783078286906946,1783078287272751,1783078287330351
10,1,13,1783078287484786,1783078287500960,1783078287507764,1783078287507773,1783078287740217,1783078287780141,1783078288145951,1783078288203559
10,1,14,1783078288358006,1783078288374186,1783078288380978,1783078288380988,1783078288613243,1783078288653157,1783078289018943,1783078289076565
10,1,15,1783078289231011,1783078289247181,1783078289253974,1783078289253984,1783078289485616,1783078289525537,1783078289891353,1783078289948969
10,1,16,1783078290103412,1783078290119582,1783078290126384,1783078290126394,1783078290357994,1783078290397916,1783078290763578,1783078290821183
10,1,17,1783078290975634,1783078290991805,1783078290998599,1783078290998612,1783078291230946,1783078291270884,1783078291636663,1783078291694269
10,1,18,1783078291848702,1783078291864879,1783078291871666,1783078291871675,1783078292104038,1783078292143957,1783078292509691,1783078292567313
10,1,19,1783078292721739,1783078292737900,1783078292744698,1783078292744711,1783078292977161,1783078293017075,1783078293382879,1783078293440498
10,1,20,1783078293594954,1783078293611119,1783078293617909,1783078293617918,1783078293850285,1783078293890208,1783078294255994,1783078294313600
10,1,21,1783078294468061,1783078294484228,1783078294491017,1783078294491027,1783078294723282,1783078294763207,1783078295128930,1783078295186537
10,1,22,1783078295340984,1783078295357156,1783078295363948,1783078295363957,1783078295596336,1783078295636264,1783078296001961,1783078296059580
10,1,23,1783078296214023,1783078296230193,1783078296236988,1783078296236999,1783078296468726,1783078296508648,1783078296874415,1783078296932020
10,1,24,1783078297086452,1783078297102619,1783078297109424,1783078297109434,1783078297341682,1783078297381606,1783078297747449,1783078297805068
10,1,25,1783078297959537,1783078297975703,1783078297982489,1783078297982497,1783078298214849,1783078298254769,1783078298620580,1783078298678202
10,1,26,1783078298832643,1783078298848822,1783078298855626,1783078298855636,1783078299087979,1783078299127900,1783078299493635,1783078299551261
10,1,27,1783078299705704,1783078299721874,1783078299728662,1783078299728673,1783078299961043,1783078300000970,1783078300366645,1783078300424253
10,1,28,1783078300578707,1783078300594879,1783078300601671,1783078300601682,1783078300834086,1783078300874010,1783078301239791,1783078301297396
10,1,29,1783078301451833,1783078301468010,1783078301474799,1783078301474810,1783078301706911,1783078301746845,1783078302112610,1783078302170231
10,1,30,1783078302324686,1783078302340856,1783078302347653,1783078302347663,1783078302580041,1783078302619966,1783078302985714,1783078303043320
10,1,31,1783078303197749,1783078303213946,1783078303220752,1783078303220762,1783078303453499,1783078303493429,1783078303859094,1783078303916705
10,1,32,1783078304071136,1783078304087311,1783078304094110,1783078304094121,1783078304326066,1783078304365981,1783078304731843,1783078304789451
10,1,33,1783078304943887,1783078304960053,1783078304966842,1783078304966854,1783078305198679,1783078305238602,1783078305604409,1783078305662016
10,1,34,1783078305816450,1783078305832623,1783078305839413,1783078305839423,1783078306071799,1783078306111724,1783078306477563,1783078306535213
10,1,35,1783078306689650,1783078306705817,1783078306712612,1783078306712621,1783078306945058,1783078306984984,1783078307350724,1783078307408330
10,1,36,1783078307562803,1783078307578979,1783078307585771,1783078307585781,1783078307817962,1783078307857900,1783078308223691,1783078308281297
10,1,37,1783078308435739,1783078308451907,1783078308458693,1783078308458703,1783078308690427,1783078308730347,1783078309096177,1783078309153790
10,1,38,1783078309308243,1783078309324430,1783078309331216,1783078309331226,1783078309563684,1783078309603608,1783078309969484,1783078310027087
10,1,39,1783078310181539,1783078310197713,1783078310204506,1783078310204517,1783078310436597,1783078310476517,1783078310842251,1783078310899872
10,1,40,1783078311054316,1783078311070489,1783078311077281,1783078311077292,1783078311309706,1783078311349633,1783078311715505,1783078311773117
10,1,41,1783078311927577,1783078311943746,1783078311950539,1783078311950549,1783078312182945,1783078312222863,1783078312588693,1783078312646304
10,1,42,1783078312800721,1783078312816884,1783078312823670,1783078312823679,1783078313055620,1783078313095542,1783078313461259,1783078313518875
10,1,43,1783078313673328,1783078313689491,1783078313696275,1783078313696285,1783078313928401,1783078313968331,1783078314334153,1783078314391757
10,1,44,1783078314546211,1783078314562377,1783078314569181,1783078314569192,1783078314801731,1783078314841653,1783078315207416,1783078315265032
10,1,45,1783078315419472,1783078315435647,1783078315442432,1783078315442443,1783078315674752,1783078315714675,1783078316080390,1783078316137992
10,1,46,1783078316292427,1783078316308592,1783078316315389,1783078316315401,1783078316547971,1783078316587893,1783078316953621,1783078317011224
10,1,47,1783078317165670,1783078317181845,1783078317188643,1783078317188653,1783078317420703,1783078317460632,1783078317826443,1783078317884061
10,1,48,1783078318038528,1783078318054699,1783078318061496,1783078318061506,1783078318293084,1783078318333018,1783078318698756,1783078318756363
10,1,49,1783078318910800,1783078318926979,1783078318933773,1783078318933783,1783078319165781,1783078319205703,1783078319571483,1783078319629102
10,2,0,1783078319783548,1783078319799715,1783078319806503,1783078319806513,1783078320038885,1783078320078808,1783078320444636,1783078320502245
10,2,1,1783078320656712,1783078320672886,1783078320679684,1783078320679695,1783078320912077,1783078320951997,1783078321317789,1783078321375396
10,2,2,1783078321529848,1783078321546036,1783078321552843,1783078321552854,1783078321784800,1783078321824719,1783078322190476,1783078322248084
10,2,3,1783078322402511,1783078322418681,1783078322425472,1783078322425483,1783078322657903,1783078322697823,1783078323063651,1783078323121256
10,2,4,1783078323275687,1783078323291861,1783078323298653,1783078323298663,1783078323530663,1783078323570586,1783078323936388,1783078323994007
10,2,5,1783078324148433,1783078324164604,1783078324171392,1783078324171403,1783078324403316,1783078324443248,1783078324808979,1783078324866584
10,2,6,1783078325021021,1783078325037204,1783078325043996,1783078325044006,1783078325276281,1783078325312560,1783078325678283,1783078325735890
10,2,7,1783078325890336,1783078325906514,1783078325913306,1783078325913316,1783078326145367,1783078326185285,1783078326551013,1783078326608634
10,2,8,1783078326763070,1783078326779261,1783078326786052,1783078326786061,1783078327017979,1783078327057902,1783078327423674,1783078327481282
10,2,9,1783078327635737,1783078327651920,1783078327658712,1783078327658723,1783078327890393,1783078327930317,1783078328296162,1783078328353783
10,2,10,1783078328508238,1783078328524423,1783078328531217,1783078328531227,1783078328762932,1783078328802854,1783078329168644,1783078329226262
10,2,11,1783078329380725,1783078329396904,1783078329403695,1783078329403706,1783078329636234,1783078329676157,1783078330041949,1783078330099556
10,2,12,1783078330253996,1783078330270185,1783078330276995,1783078330277007,1783078330509384,1783078330549317,1783078330915110,1783078330972712
10,2,13,1783078331127150,1783078331143330,1783078331150120,1783078331150130,1783078331382293,1783078331422219,1783078331787992,1783078331845599
10,2,14,1783078332000026,1783078332016194,1783078332022986,1783078332022996,1783078332255532,1783078332295458,1783078332661236,1783078332718859
10,2,15,1783078332873309,1783078332889482,1783078332896273,1783078332896284,1783078333128253,1783078333168177,1783078333533967,1783078333591594
10,2,16,1783078333746045,1783078333762223,1783078333769014,1783078333769024,1783078334001598,1783078334041512,1783078334407289,1783078334464894
10,2,17,1783078334619349,1783078334635513,1783078334642315,1783078334642326,1783078334874065,1783078334913997,1783078335279778,1783078335337406
10,2,18,1783078335491843,1783078335508015,1783078335514816,1783078335514826,1783078335746850,1783078335786778,1783078336152478,1783078336210087
10,2,19,1783078336364508,1783078336380670,1783078336387469,1783078336387481,1783078336619887,1783078336659819,1783078337025580,1783078337083199
10,2,20,1783078337237653,1783078337253822,1783078337260612,1783078337260622,1783078337492477,1783078337532397,1783078337898208,1783078337955814
10,2,21,1783078338110271,1783078338126449,1783078338133251,1783078338133262,1783078338365467,1783078338405386,1783078338771163,1783078338828767
10,2,22,1783078338983196,1783078338999374,1783078339006162,1783078339006172,1783078339238511,1783078339278427,1783078339644231,1783078339701834
10,2,23,1783078339856262,1783078339872451,1783078339879247,1783078339879258,1783078340111310,1783078340151232,1783078340517081,1783078340574708
10,2,24,1783078340729132,1783078340745311,1783078340752100,1783078340752110,1783078340984448,1783078341024366,1783078341390177,1783078341447803
10,2,25,1783078341602268,1783078341618441,1783078341625233,1783078341625243,1783078341857549,1783078341897469,1783078342263262,1783078342320867
10,2,26,1783078342475320,1783078342491500,1783078342498297,1783078342498307,1783078342730720,1783078342770650,1783078343136335,1783078343193940
10,2,27,1783078343348360,1783078343364543,1783078343371338,1783078343371349,1783078343603060,1783078343642982,1783078344008749,1783078344066354
10,2,28,1783078344220804,1783078344236977,1783078344243765,1783078344243775,1783078344476284,1783078344516205,1783078344882006,1783078344939625
10,2,29,1783078345094065,1783078345110248,1783078345117041,1783078345117052,1783078345349500,1783078345389414,1783078345755166,1783078345812786
10,2,30,1783078345967250,1783078345983417,1783078345990203,1783078345990212,1783078346222240,1783078346262168,1783078346627992,1783078346685600
10,2,31,1783078346840041,1783078346856215,1783078346863007,1783078346863017,1783078347095086,1783078347135009,1783078347500793,1783078347558426
10,2,32,1783078347712860,1783078347729034,1783078347735826,1783078347735836,1783078347967771,1783078348007690,1783078348373352,1783078348430958
10,2,33,1783078348585450,1783078348601623,1783078348608414,1783078348608426,1783078348840784,1783078348880706,1783078349246467,1783078349304070
10,2,34,1783078349458508,1783078349474682,1783078349481482,1783078349481491,1783078349713865,1783078349753791,1783078350119613,1783078350177235
10,2,35,1783078350331688,1783078350347869,1783078350354661,1783078350354672,1783078350586426,1783078350626348,1783078350992086,1783078351049692
10,2,36,1783078351204153,1783078351220341,1783078351227129,1783078351227138,1783078351459686,1783078351499602,1783078351865424,1783078351923031
10,2,37,1783078352077471,1783078352093654,1783078352100449,1783078352100459,1783078352333343,1783078352373260,1783078352739047,1783078352796652
10,2,38,1783078352951099,1783078352967276,1783078352974065,1783078352974074,1783078353206423,1783078353246344,1783078353612117,1783078353669721
10,2,39,1783078353824137,1783078353840315,1783078353847107,1783078353847118,1783078354079208,1783078354119128,1783078354484938,1783078354542575
10,2,40,1783078354697004,1783078354713180,1783078354719969,1783078354719979,1783078354951975,1783078354991904,1783078355357666,1783078355415276
10,2,41,1783078355569753,1783078355585938,1783078355592731,1783078355592741,1783078355825009,1783078355864939,1783078356230667,1783078356288272
10,2,42,1783078356442708,1783078356458889,1783078356465694,1783078356465705,1783078356697955,1783078356737880,1783078357103626,1783078357161230
10,2,43,1783078357315677,1783078357331853,1783078357338645,1783078357338655,1783078357570851,1783078357610773,1783078357976613,1783078358034215
10,2,44,1783078358188663,1783078358204837,1783078358211629,1783078358211639,1783078358443190,1783078358483113,1783078358848955,1783078358906583
10,2,45,1783078359061017,1783078359077182,1783078359083973,1783078359083983,1783078359316086,1783078359356006,1783078359721803,1783078359779422
10,2,46,1783078359933839,1783078359950026,1783078359956816,1783078359956827,1783078360189242,1783078360229159,1783078360594975,1783078360652583
10,2,47,1783078360807018,1783078360823186,1783078360829984,1783078360829994,1783078361062299,1783078361102217,1783078361467965,1783078361525572
10,2,48,1783078361680021,1783078361696189,1783078361702978,1783078361702987,1783078361935310,1783078361975244,1783078362340999,1783078362398621
10,2,49,1783078362553087,1783078362569270,1783078362576060,1783078362576070,1783078362808276,1783078362848198,1783078363214002,1783078363271619
10,3,0,1783078363426071,1783078363442261,1783078363449070,1783078363449081,1783078363680711,1783078363720619,1783078364086478,1783078364144085
10,3,1,1783078364298546,1783078364314724,1783078364321509,1783078364321519,1783078364553491,1783078364593417,1783078364959199,1783078365016818
10,3,2,1783078365171259,1783078365187447,1783078365194240,1783078365194250,1783078365426281,1783078365466207,1783078365832084,1783078365889690
10,3,3,1783078366044137,1783078366060314,1783078366067104,1783078366067114,1783078366299568,1783078366339499,1783078366705308,1783078366762917
10,3,4,1783078366917332,1783078366933513,1783078366940313,1783078366940322,1783078367172720,1783078367212649,1783078367578369,1783078367636002
10,3,5,1783078367790470,1783078367806652,1783078367813443,1783078367813455,1783078368045893,1783078368085817,1783078368451588,1783078368509194
10,3,6,1783078368663667,1783078368679844,1783078368686631,1783078368686641,1783078368918838,1783078368955123,1783078369320856,1783078369378465
10,3,7,1783078369532888,1783078369549082,1783078369555908,1783078369555922,1783078369788339,1783078369828262,1783078370194042,1783078370251649
10,3,8,1783078370406113,1783078370422275,1783078370429084,1783078370429094,1783078370661474,1783078370701394,1783078371067139,1783078371124745
10,3,9,1783078371279184,1783078371295348,1783078371302138,1783078371302149,1783078371534451,1783078371574367,1783078371940109,1783078371997733
10,3,10,1783078372152182,1783078372168348,1783078372175147,1783078372175157,1783078372407449,1783078372447369,1783078372813146,1783078372870750
10,3,11,1783078373025194,1783078373041361,1783078373048154,1783078373048164,1783078373280525,1783078373320448,1783078373686256,1783078373743862
10,3,12,1783078373898305,1783078373914477,1783078373921266,1783078373921276,1783078374152846,1783078374192771,1783078374558549,1783078374616166
10,3,13,1783078374770599,1783078374786778,1783078374793567,1783078374793576,1783078375025847,1783078375065772,1783078375431623,1783078375489223
10,3,14,1783078375643668,1783078375659850,1783078375666654,1783078375666664,1783078375898963,1783078375938888,1783078376304718,1783078376362342
10,3,15,1783078376516794,1783078376532972,1783078376539762,1783078376539773,1783078376772218,1783078376812140,1783078377177911,1783078377235513
10,3,16,1783078377389971,1783078377406158,1783078377412956,1783078377412966,1783078377645202,1783078377685119,1783078378050764,1783078378108366
10,3,17,1783078378262791,1783078378278976,1783078378285767,1783078378285777,1783078378518153,1783078378558092,1783078378923789,1783078378981392
10,3,18,1783078379135820,1783078379151995,1783078379158789,1783078379158799,1783078379391189,1783078379431109,1783078379796882,1783078379854486
10,3,19,1783078380008904,1783078380025085,1783078380031874,1783078380031886,1783078380264296,1783078380304214,1783078380669997,1783078380727618
10,3,20,1783078380882051,1783078380898232,1783078380905022,1783078380905031,1783078381136740,1783078381176660,1783078381542499,1783078381600105
10,3,21,1783078381754540,1783078381770725,1783078381777514,1783078381777524,1783078382009883,1783078382049810,1783078382415608,1783078382473228
10,3,22,1783078382627694,1783078382643864,1783078382650654,1783078382650663,1783078382883077,1783078382923006,1783078383288876,1783078383346502
10,3,23,1783078383500951,1783078383517123,1783078383523931,1783078383523942,1783078383756364,1783078383796288,1783078384162126,1783078384219733
10,3,24,1783078384374178,1783078384390350,1783078384397157,1783078384397169,1783078384629089,1783078384669006,1783078385034748,1783078385092367
10,3,25,1783078385246825,1783078385262995,1783078385269785,1783078385269794,1783078385502180,1783078385542137,1783078385907931,1783078385965539
10,3,26,1783078386120009,1783078386136186,1783078386142983,1783078386142993,1783078386375371,1783078386415292,1783078386781158,1783078386838773
10,3,27,1783078386993206,1783078387009392,1783078387016197,1783078387016208,1783078387248435,1783078387288369,1783078387654149,1783078387711753
10,3,28,1783078387866182,1783078387882355,1783078387889146,1783078387889155,1783078388121024,1783078388160947,1783078388526770,1783078388584393
10,3,29,1783078388738809,1783078388754992,1783078388761776,1783078388761785,1783078388994269,1783078389034191,1783078389399977,1783078389457598
10,3,30,1783078389612044,1783078389628226,1783078389635028,1783078389635039,1783078389867303,1783078389907224,1783078390272988,1783078390330591
10,3,31,1783078390484788,1783078390500966,1783078390507752,1783078390507763,1783078390740249,1783078390780176,1783078391145907,1783078391203525
10,3,32,1783078391357959,1783078391374138,1783078391380935,1783078391380945,1783078391613355,1783078391653265,1783078392019065,1783078392076672
10,3,33,1783078392231100,1783078392247273,1783078392254073,1783078392254084,1783078392485611,1783078392525540,1783078392891338,1783078392948942
10,3,34,1783078393103379,1783078393119553,1783078393126341,1783078393126351,1783078393358675,1783078393398601,1783078393764366,1783078393821987
10,3,35,1783078393976417,1783078393992587,1783078393999375,1783078393999386,1783078394231718,1783078394271637,1783078394637396,1783078394695014
10,3,36,1783078394849477,1783078394865639,1783078394872431,1783078394872442,1783078395105230,1783078395145149,1783078395510948,1783078395568572
10,3,37,1783078395723015,1783078395739187,1783078395745988,1783078395745998,1783078395978074,1783078396018006,1783078396383698,1783078396441300
10,3,38,1783078396595757,1783078396611927,1783078396618718,1783078396618728,1783078396850730,1783078396890648,1783078397256280,1783078397313883
10,3,39,1783078397468302,1783078397484472,1783078397491270,1783078397491281,1783078397723103,1783078397763041,1783078398128801,1783078398186422
10,3,40,1783078398340857,1783078398357036,1783078398363837,1783078398363847,1783078398596314,1783078398636234,1783078399002010,1783078399059612
10,3,41,1783078399214061,1783078399230254,1783078399237054,1783078399237067,1783078399468969,1783078399508886,1783078399874721,1783078399932326
10,3,42,1783078400086769,1783078400102947,1783078400109741,1783078400109751,1783078400341872,1783078400381791,1783078400747564,1783078400805172
10,3,43,1783078400959607,1783078400975780,1783078400982567,1783078400982577,1783078401214965,1783078401254887,1783078401620679,1783078401678584
10,3,44,1783078401833022,1783078401849201,1783078401856004,1783078401856014,1783078402088431,1783078402128352,1783078402494024,1783078402551671
10,3,45,1783078402706090,1783078402722285,1783078402729091,1783078402729102,1783078402960735,1783078403000656,1783078403366400,1783078403424003
10,3,46,1783078403578472,1783078403594670,1783078403601455,1783078403601466,1783078403833756,1783078403870031,1783078404235735,1783078404293351
10,3,47,1783078404447786,1783078404463970,1783078404470754,1783078404470764,1783078404703410,1783078404743333,1783078405109129,1783078405166733
10,3,48,1783078405321167,1783078405337342,1783078405344133,1783078405344143,1783078405576065,1783078405615987,1783078405981731,1783078406039336
10,3,49,1783078406193783,1783078406209958,1783078406216753,1783078406216765,1783078406449160,1783078406489077,1783078406854833,1783078406912452
10,4,0,1783078407066880,1783078407083052,1783078407089845,1783078407089855,1783078407322191,1783078407362112,1783078407727935,1783078407785541
10,4,1,1783078407939985,1783078407956153,1783078407962945,1783078407962956,1783078408195295,1783078408235216,1783078408601032,1783078408658637
10,4,2,1783078408813074,1783078408829244,1783078408836030,1783078408836038,1783078409067683,1783078409107613,1783078409473466,1783078409531071
10,4,3,1783078409685533,1783078409701703,1783078409708497,1783078409708507,1783078409940822,1783078409980745,1783078410346538,1783078410404142
10,4,4,1783078410558594,1783078410574762,1783078410581554,1783078410581563,1783078410813956,1783078410853878,1783078411219663,1783078411277284
10,4,5,1783078411431709,1783078411447898,1783078411454701,1783078411454712,1783078411687306,1783078411727230,1783078412092940,1783078412150541
10,4,6,1783078412304982,1783078412321169,1783078412327975,1783078412327986,1783078412559574,1783078412599498,1783078412965287,1783078413022897
10,4,7,1783078413177350,1783078413193536,1783078413200328,1783078413200339,1783078413432625,1783078413472546,1783078413838358,1783078413895961
10,4,8,1783078414050388,1783078414066568,1783078414073372,1783078414073383,1783078414305081,1783078414345014,1783078414710752,1783078414768370
10,4,9,1783078414922796,1783078414938976,1783078414945771,1783078414945781,1783078415178167,1783078415218088,1783078415583895,1783078415641518
10,4,10,1783078415795976,1783078415812161,1783078415818959,1783078415818969,1783078416051362,1783078416091287,1783078416457077,1783078416514680
10,4,11,1783078416669150,1783078416685342,1783078416692141,1783078416692151,1783078416924285,1783078416964206,1783078417330019,1783078417387625
10,4,12,1783078417542081,1783078417558260,1783078417565047,1783078417565057,1783078417797272,1783078417837191,1783078418202994,1783078418260599
10,4,13,1783078418415039,1783078418431205,1783078418437996,1783078418438007,1783078418669854,1783078418709780,1783078419075600,1783078419133209
10,4,14,1783078419287643,1783078419303808,1783078419310597,1783078419310606,1783078419543068,1783078419582993,1783078419948736,1783078420006354
10,4,15,1783078420160771,1783078420176941,1783078420183729,1783078420183739,1783078420415533,1783078420451815,1783078420817617,1783078420875233
10,4,16,1783078421029677,1783078421045847,1783078421052652,1783078421052662,1783078421284969,1783078421324892,1783078421690677,1783078421748280
10,4,17,1783078421902716,1783078421918890,1783078421925677,1783078421925687,1783078422157937,1783078422197853,1783078422563624,1783078422621228
10,4,18,1783078422775653,1783078422791818,1783078422798630,1783078422798642,1783078423030978,1783078423070889,1783078423436658,1783078423494261
10,4,19,1783078423648718,1783078423664900,1783078423671703,1783078423671714,1783078423903825,1783078423943749,1783078424309624,1783078424367250
10,4,20,1783078424521695,1783078424537874,1783078424544689,1783078424544698,1783078424776671,1783078424816593,1783078425182310,1783078425239917
10,4,21,1783078425394392,1783078425410574,1783078425417373,1783078425417384,1783078425649936,1783078425689849,1783078426055640,1783078426113243
10,4,22,1783078426267676,1783078426283851,1783078426290641,1783078426290652,1783078426522281,1783078426562225,1783078426928014,1783078426985619
10,4,23,1783078427140049,1783078427156228,1783078427163017,1783078427163026,1783078427395550,1783078427435480,1783078427801231,1783078427858834
10,4,24,1783078428013273,1783078428029456,1783078428036263,1783078428036273,1783078428268103,1783078428308024,1783078428673815,1783078428731432
10,4,25,1783078428885866,1783078428902056,1783078428908849,1783078428908860,1783078429141403,1783078429181321,1783078429547131,1783078429604739
10,4,26,1783078429759174,1783078429775346,1783078429782135,1783078429782146,1783078430014533,1783078430054456,1783078430420272,1783078430477880
10,4,27,1783078430632332,1783078430648503,1783078430655295,1783078430655305,1783078430887402,1783078430927322,1783078431293183,1783078431350794
10,4,28,1783078431505219,1783078431521406,1783078431528210,1783078431528221,1783078431760343,1783078431800265,1783078432166070,1783078432223676
10,4,29,1783078432378115,1783078432394281,1783078432401093,1783078432401103,1783078432633620,1783078432673540,1783078433039342,1783078433096961
10,4,30,1783078433251382,1783078433267555,1783078433274352,1783078433274363,1783078433507052,1783078433546993,1783078433912796,1783078433970400
10,4,31,1783078434124847,1783078434141021,1783078434147811,1783078434147820,1783078434380170,1783078434420090,1783078434785878,1783078434843480
10,4,32,1783078434997918,1783078435014101,1783078435020914,1783078435020924,1783078435253443,1783078435293356,1783078435659185,1783078435716791
10,4,33,1783078435871223,1783078435887398,1783078435894189,1783078435894199,1783078436126712,1783078436166628,1783078436532409,1783078436590032
10,4,34,1783078436744466,1783078436760641,1783078436767431,1783078436767441,1783078436999242,1783078437039164,1783078437404968,1783078437462588
10,4,35,1783078437617042,1783078437633220,1783078437640007,1783078437640018,1783078437872601,1783078437912529,1783078438278273,1783078438335876
10,4,36,1783078438490339,1783078438506541,1783078438513338,1783078438513350,1783078438745177,1783078438785097,1783078439150826,1783078439208435
10,4,37,1783078439362870,1783078439379047,1783078439385833,1783078439385842,1783078439617775,1783078439657692,1783078440023490,1783078440081107
10,4,38,1783078440235540,1783078440251721,1783078440258512,1783078440258522,1783078440491018,1783078440530934,1783078440896626,1783078440954228
10,4,39,1783078441108682,1783078441124864,1783078441131647,1783078441131657,1783078441364070,1783078441403995,1783078441769743,1783078441827361
10,4,40,1783078441981806,1783078441997988,1783078442004776,1783078442004786,1783078442237079,1783078442277000,1783078442642811,1783078442700417
10,4,41,1783078442854888,1783078442871078,1783078442877869,1783078442877880,1783078443110500,1783078443150421,1783078443516160,1783078443573787
10,4,42,1783078443728218,1783078443744393,1783078443751181,1783078443751190,1783078443983543,1783078444023469,1783078444389242,1783078444446845
10,4,43,1783078444601303,1783078444617481,1783078444624272,1783078444624283,1783078444856590,1783078444896514,1783078445262284,1783078445319890
10,4,44,1783078445474342,1783078445490512,1783078445497314,1783078445497325,1783078445729050,1783078445768968,1783078446134750,1783078446192368
10,4,45,1783078446346790,1783078446362955,1783078446369744,1783078446369756,1783078446601645,1783078446641563,1783078447007375,1783078447064977
10,4,46,1783078447219418,1783078447235591,1783078447242378,1783078447242390,1783078447474608,1783078447514526,1783078447880382,1783078447937985
10,4,47,1783078448092427,1783078448108607,1783078448115400,1783078448115410,1783078448347069,1783078448386984,1783078448752774,1783078448810380
10,4,48,1783078448964806,1783078448980987,1783078448987791,1783078448987801,1783078449219914,1783078449259842,1783078449625598,1783078449683214
10,4,49,1783078449837648,1783078449853824,1783078449860611,1783078449860619,1783078450092923,1783078450132849,1783078450498621,1783078450556257
10,5,0,1783078450710698,1783078450726877,1783078450733683,1783078450733692,1783078450965697,1783078451005624,1783078451371392,1783078451428993
10,5,1,1783078451583476,1783078451599664,1783078451606450,1783078451606460,1783078451838695,1783078451878615,1783078452244341,1783078452301944
10,5,2,1783078452456374,1783078452472553,1783078452479352,1783078452479363,1783078452711682,1783078452751607,1783078453117390,1783078453175012
10,5,3,1783078453329458,1783078453345637,1783078453352449,1783078453352460,1783078453584166,1783078453624090,1783078453989869,1783078454047473
10,5,4,1783078454201894,1783078454218101,1783078454224896,1783078454224906,1783078454457251,1783078454497159,1783078454862860,1783078454920484
10,5,5,1783078455074925,1783078455091097,1783078455097894,1783078455097904,1783078455329509,1783078455369429,1783078455735154,1783078455792756
10,5,6,1783078455947199,1783078455963371,1783078455970162,1783078455970171,1783078456202518,1783078456242446,1783078456608212,1783078456665829
10,5,7,1783078456820250,1783078456836421,1783078456843211,1783078456843222,1783078457075560,1783078457115483,1783078457481221,1783078457538842
10,5,8,1783078457693269,1783078457709449,1783078457716236,1783078457716246,1783078457948546,1783078457988462,1783078458354224,1783078458411827
10,5,9,1783078458566303,1783078458582472,1783078458589273,1783078458589283,1783078458821134,1783078458861050,1783078459226880,1783078459284501
10,5,10,1783078459438929,1783078459455143,1783078459461935,1783078459461945,1783078459694338,1783078459734260,1783078460099948,1783078460157547
10,5,11,1783078460311999,1783078460328180,1783078460334980,1783078460334991,1783078460567260,1783078460607179,1783078460972997,1783078461030598
10,5,12,1783078461185034,1783078461201208,1783078461207996,1783078461208006,1783078461440242,1783078461480161,1783078461845972,1783078461903578
10,5,13,1783078462058006,1783078462074198,1783078462080986,1783078462080996,1783078462313062,1783078462352978,1783078462718796,1783078462776404
10,5,14,1783078462930865,1783078462947046,1783078462953838,1783078462953848,1783078463186206,1783078463226125,1783078463591964,1783078463649584
10,5,15,1783078463804036,1783078463820223,1783078463827018,1783078463827029,1783078464059159,1783078464099080,1783078464464886,1783078464522490
10,5,16,1783078464676951,1783078464693131,1783078464699935,1783078464699945,1783078464932332,1783078464972252,1783078465338039,1783078465395641
10,5,17,1783078465550116,1783078465566299,1783078465573113,1783078465573125,1783078465805376,1783078465845289,1783078466211083,1783078466268687
10,5,18,1783078466423112,1783078466439282,1783078466446084,1783078466446097,1783078466678140,1783078466718051,1783078467083889,1783078467141489
10,5,19,1783078467295919,1783078467312089,1783078467318876,1783078467318886,1783078467551186,1783078467591118,1783078467956941,1783078468014559
10,5,20,1783078468169013,1783078468185181,1783078468191968,1783078468191978,1783078468424007,1783078468463926,1783078468829718,1783078468887331
10,5,21,1783078469041785,1783078469057951,1783078469064749,1783078469064760,1783078469296723,1783078469336638,1783078469702511,1783078469760112
10,5,22,1783078469914553,1783078469930722,1783078469937509,1783078469937517,1783078470169401,1783078470209317,1783078470575137,1783078470632747
10,5,23,1783078470787184,1783078470803354,1783078470810144,1783078470810154,1783078471042505,1783078471082429,1783078471448208,1783078471505816
10,5,24,1783078471660266,1783078471676436,1783078471683224,1783078471683233,1783078471915050,1783078471954974,1783078472320846,1783078472378463
10,5,25,1783078472532897,1783078472549088,1783078472555878,1783078472555888,1783078472788180,1783078472828102,1783078473193826,1783078473251429
10,5,26,1783078473405875,1783078473422082,1783078473428877,1783078473428887,1783078473661080,1783078473700991,1783078474066700,1783078474124304
10,5,27,1783078474278733,1783078474294915,1783078474301707,1783078474301718,1783078474533581,1783078474573497,1783078474939262,1783078474996868
10,5,28,1783078475151303,1783078475167484,1783078475174268,1783078475174278,1783078475406438,1783078475446364,1783078475812185,1783078475869802
10,5,29,1783078476024226,1783078476040404,1783078476047198,1783078476047211,1783078476279000,1783078476318914,1783078476684732,1783078476742362
10,5,30,1783078476896797,1783078476912970,1783078476919755,1783078476919765,1783078477152062,1783078477191979,1783078477557755,1783078477615374
10,5,31,1783078477769816,1783078477785994,1783078477792783,1783078477792793,1783078478024987,1783078478064904,1783078478430664,1783078478488268
10,5,32,1783078478642714,1783078478658885,1783078478665673,1783078478665683,1783078478897462,1783078478937381,1783078479303218,1783078479360821
10,5,33,1783078479515255,1783078479531449,1783078479538248,1783078479538258,1783078479770288,1783078479810221,1783078480175885,1783078480233492
10,5,34,1783078480387917,1783078480404091,1783078480410882,1783078480410892,1783078480642885,1783078480682807,1783078481048571,1783078481106189
10,5,35,1783078481260619,1783078481276784,1783078481283568,1783078481283577,1783078481516104,1783078481556062,1783078481921847,1783078481979458
10,5,36,1783078482133882,1783078482150059,1783078482156856,1783078482156866,1783078482389225,1783078482429147,1783078482795026,1783078482852619
10,5,37,1783078483007059,1783078483023231,1783078483030024,1783078483030036,1783078483262050,1783078483301973,1783078483667812,1783078483725433
10,5,38,1783078483879860,1783078483896033,1783078483902819,1783078483902828,1783078484134593,1783078484174520,1783078484540357,1783078484597978
10,5,39,1783078484752410,1783078484768578,1783078484775369,1783078484775379,1783078485007739,1783078485047653,1783078485413405,1783078485471017
10,5,40,1783078485625465,1783078485641638,1783078485648444,1783078485648454,1783078485880961,1783078485920884,1783078486286636,1783078486344238
10,5,41,1783078486498680,1783078486514860,1783078486521651,1783078486521663,1783078486754010,1783078486793928,1783078487159603,1783078487217209
10,5,42,1783078487371633,1783078487387816,1783078487394606,1783078487394615,1783078487626644,1783078487666567,1783078488032333,1783078488089935
10,5,43,1783078488244374,1783078488260550,1783078488267341,1783078488267352,1783078488499721,1783078488539640,1783078488905460,1783078488963063
10,5,44,1783078489117483,1783078489133658,1783078489140445,1783078489140455,1783078489372789,1783078489412708,1783078489778468,1783078489836091
10,5,45,1783078489990508,1783078490006688,1783078490013482,1783078490013492,1783078490245941,1783078490285870,1783078490651722,1783078490709328
10,5,46,1783078490863764,1783078490879933,1783078490886722,1783078490886733,1783078491118829,1783078491158745,1783078491524478,1783078491582081
10,5,47,1783078491736513,1783078491752679,1783078491759469,1783078491759478,1783078491992005,1783078492031935,1783078492397677,1783078492455283
10,5,48,1783078492609722,1783078492625894,1783078492632683,1783078492632693,1783078492865153,1783078492905069,1783078493270854,1783078493328456
10,5,49,1783078493482878,1783078493499053,1783078493505837,1783078493505847,1783078493738168,1783078493778100,1783078494143887,1783078494201508
10,6,0,1783078494355948,1783078494372119,1783078494378905,1783078494378914,1783078494611236,1783078494651155,1783078495016834,1783078495074435
10,6,1,1783078495228875,1783078495245056,1783078495251857,1783078495251866,1783078495484209,1783078495524145,1783078495889961,1783078495947565
10,6,2,1783078496101992,1783078496118168,1783078496124977,1783078496124988,1783078496357296,1783078496397216,1783078496762982,1783078496820585
10,6,3,1783078496975019,1783078496991193,1783078496997986,1783078496997996,1783078497229807,1783078497269732,1783078497635533,1783078497693148
10,6,4,1783078497847578,1783078497863751,1783078497870541,1783078497870550,1783078498102187,1783078498138475,1783078498504184,1783078498561820
10,6,5,1783078498716242,1783078498732419,1783078498739209,1783078498739220,1783078498971533,1783078499011456,1783078499377217,1783078499434817
10,6,6,1783078499589283,1783078499605461,1783078499612259,1783078499612271,1783078499844551,1783078499884470,1783078500250295,1783078500307914
10,6,7,1783078500462373,1783078500478553,1783078500485346,1783078500485356,1783078500717419,1783078500757347,1783078501123087,1783078501180692
10,6,8,1783078501335113,1783078501351300,1783078501358089,1783078501358102,1783078501590588,1783078501630507,1783078501996232,1783078502053838
10,6,9,1783078502208276,1783078502224450,1783078502231240,1783078502231252,1783078502463256,1783078502503178,1783078502868986,1783078502926606
10,6,10,1783078503081028,1783078503097199,1783078503103999,1783078503104008,1783078503336399,1783078503376332,1783078503742102,1783078503799708
10,6,11,1783078503954161,1783078503970352,1783078503977142,1783078503977154,1783078504208881,1783078504248800,1783078504614625,1783078504672228
10,6,12,1783078504826650,1783078504842855,1783078504849639,1783078504849649,1783078505081772,1783078505121698,1783078505487444,1783078505545063
10,6,13,1783078505699496,1783078505715668,1783078505722469,1783078505722479,1783078505954840,1783078505994754,1783078506360410,1783078506418016
10,6,14,1783078506572477,1783078506588645,1783078506595437,1783078506595447,1783078506827654,1783078506867568,1783078507233294,1783078507290915
10,6,15,1783078507445361,1783078507461533,1783078507468328,1783078507468338,1783078507700882,1783078507740798,1783078508106555,1783078508164159
10,6,16,1783078508318619,1783078508334790,1783078508341594,1783078508341603,1783078508573409,1783078508613335,1783078508979170,1783078509036773
10,6,17,1783078509191209,1783078509207424,1783078509214223,1783078509214232,1783078509446340,1783078509486264,1783078509852010,1783078509909616
10,6,18,1783078510064039,1783078510080219,1783078510087020,1783078510087031,1783078510319262,1783078510359185,1783078510725013,1783078510782623
10,6,19,1783078510937068,1783078510953247,1783078510960032,1783078510960042,1783078511192611,1783078511232525,1783078511598316,1783078511655950
10,6,20,1783078511810407,1783078511826593,1783078511833384,1783078511833393,1783078512065768,1783078512105693,1783078512471507,1783078512529115
10,6,21,1783078512683607,1783078512699783,1783078512706572,1783078512706583,1783078512938879,1783078512978797,1783078513344518,1783078513402121
10,6,22,1783078513556569,1783078513572757,1783078513579547,1783078513579558,1783078513811515,1783078513851441,1783078514217139,1783078514274745
10,6,23,1783078514429186,1783078514445362,1783078514452155,1783078514452165,1783078514684573,1783078514724498,1783078515090240,1783078515147843
10,6,24,1783078515302268,1783078515318435,1783078515325224,1783078515325235,1783078515557189,1783078515597122,1783078515962935,1783078516020571
10,6,25,1783078516175015,1783078516191185,1783078516197969,1783078516197978,1783078516430356,1783078516470272,1783078516836087,1783078516893693
10,6,26,1783078517048137,1783078517064304,1783078517071095,1783078517071105,1783078517303409,1783078517343329,1783078517709110,1783078517766711
10,6,27,1783078517921140,1783078517937320,1783078517944109,1783078517944120,1783078518176327,1783078518216247,1783078518582073,1783078518639684
10,6,28,1783078518794121,1783078518810283,1783078518817078,1783078518817087,1783078519049400,1783078519089319,1783078519455134,1783078519512736
10,6,29,1783078519667176,1783078519683344,1783078519690138,1783078519690149,1783078519922520,1783078519962444,1783078520328289,1783078520385914
10,6,30,1783078520540339,1783078520556520,1783078520563308,1783078520563318,1783078520794981,1783078520834901,1783078521200710,1783078521258313
10,6,31,1783078521412764,1783078521428937,1783078521435732,1783078521435743,1783078521668234,1783078521708149,1783078522073972,1783078522131592
10,6,32,1783078522286022,1783078522302203,1783078522308992,1783078522309002,1783078522541288,1783078522581213,1783078522946933,1783078523004545
10,6,33,1783078523158975,1783078523175153,1783078523181942,1783078523181952,1783078523414409,1783078523454330,1783078523820134,1783078523877738
10,6,34,1783078524032171,1783078524048342,1783078524055127,1783078524055137,1783078524287836,1783078524327757,1783078524693580,1783078524751203
10,6,35,1783078524905648,1783078524921824,1783078524928621,1783078524928631,1783078525161058,1783078525200977,1783078525566722,1783078525624326
10,6,36,1783078525778766,1783078525794940,1783078525801727,1783078525801737,1783078526034084,1783078526074017,1783078526439826,1783078526497431
10,6,37,1783078526651888,1783078526668067,1783078526674859,1783078526674868,1783078526906665,1783078526946594,1783078527312380,1783078527369996
10,6,38,1783078527524454,1783078527540638,1783078527547427,1783078527547437,1783078527779138,1783078527819063,1783078528184766,1783078528242373
10,6,39,1783078528396819,1783078528412995,1783078528419797,1783078528419806,1783078528652176,1783078528692110,1783078529057877,1783078529115494
10,6,40,1783078529269945,1783078529286122,1783078529292921,1783078529292934,1783078529525290,1783078529561588,1783078529927402,1783078529985006
10,6,41,1783078530139434,1783078530155611,1783078530162403,1783078530162414,1783078530393791,1783078530433699,1783078530799439,1783078530857042
10,6,42,1783078531011470,1783078531027639,1783078531034427,1783078531034436,1783078531266492,1783078531306415,1783078531672220,1783078531729822
10,6,43,1783078531884258,1783078531900429,1783078531907218,1783078531907228,1783078532139551,1783078532179475,1783078532545237,1783078532602844
10,6,44,1783078532757278,1783078532773451,1783078532780242,1783078532780252,1783078533012432,1783078533052358,1783078533418133,1783078533475755
10,6,45,1783078533630208,1783078533646390,1783078533653191,1783078533653202,1783078533885616,1783078533925535,1783078534291353,1783078534348964
10,6,46,1783078534503434,1783078534519615,1783078534526419,1783078534526429,1783078534758771,1783078534798688,1783078535164387,1783078535221987
10,6,47,1783078535376423,1783078535392597,1783078535399385,1783078535399394,1783078535630971,1783078535670893,1783078536036607,1783078536094211
10,6,48,1783078536248639,1783078536264813,1783078536271603,1783078536271613,1783078536503433,1783078536543372,1783078536909191,1783078536966809
10,6,49,1783078537121228,1783078537137401,1783078537144191,1783078537144200,1783078537375798,1783078537415719,1783078537781440,1783078537839056
10,7,0,1783078537993490,1783078538009665,1783078538016468,1783078538016478,1783078538248969,1783078538288889,1783078538654696,1783078538712313
10,7,1,1783078538866776,1783078538882963,1783078538889752,1783078538889762,1783078539122113,1783078539162038,1783078539527824,1783078539585432
10,7,2,1783078539739872,1783078539756056,1783078539762843,1783078539762854,1783078539994390,1783078540034316,1783078540400161,1783078540457762
10,7,3,1783078540612238,1783078540628423,1783078540635216,1783078540635228,1783078540867663,1783078540907582,1783078541273381,1783078541330987
10,7,4,1783078541485409,1783078541501586,1783078541508370,1783078541508379,1783078541740602,1783078541780525,1783078542146274,1783078542203894
10,7,5,1783078542358321,1783078542374494,1783078542381287,1783078542381299,1783078542613669,1783078542653588,1783078543019373,1783078543076981
10,7,6,1783078543231413,1783078543247582,1783078543254376,1783078543254386,1783078543486278,1783078543526235,1783078543892024,1783078543949629
10,7,7,1783078544104062,1783078544120241,1783078544127027,1783078544127037,1783078544358937,1783078544398860,1783078544764716,1783078544822317
10,7,8,1783078544976750,1783078544992919,1783078544999711,1783078544999723,1783078545232038,1783078545271971,1783078545637776,1783078545695402
10,7,9,1783078545849835,1783078545866017,1783078545872805,1783078545872815,1783078546104967,1783078546141248,1783078546507080,1783078546564718
10,7,10,1783078546719155,1783078546735334,1783078546742127,1783078546742136,1783078546974626,1783078547014545,1783078547380324,1783078547437925
10,7,11,1783078547592385,1783078547608566,1783078547615365,1783078547615376,1783078547847721,1783078547887645,1783078548253436,1783078548311040
10,7,12,1783078548465464,1783078548481645,1783078548488436,1783078548488446,1783078548720869,1783078548760785,1783078549126584,1783078549184190
10,7,13,1783078549338607,1783078549354789,1783078549361578,1783078549361587,1783078549593272,1783078549633195,1783078549998982,1783078550056588
10,7,14,1783078550211023,1783078550227202,1783078550233994,1783078550234005,1783078550466315,1783078550506239,1783078550872059,1783078550929679
10,7,15,1783078551084100,1783078551100286,1783078551107086,1783078551107096,1783078551338850,1783078551378772,1783078551744572,1783078551802177
10,7,16,1783078551956638,1783078551972817,1783078551979609,1783078551979618,1783078552211922,1783078552251840,1783078552617661,1783078552675268
10,7,17,1783078552829710,1783078552845882,1783078552852677,1783078552852690,1783078553085132,1783078553125055,1783078553490781,1783078553548399
10,7,18,1783078553702842,1783078553719015,1783078553725806,1783078553725815,1783078553957979,1783078553997897,1783078554363715,1783078554421319
10,7,19,1783078554575765,1783078554591927,1783078554598717,1783078554598726,1783078554831168,1783078554871086,1783078555236858,1783078555294478
10,7,20,1783078555448905,1783078555465080,1783078555471870,1783078555471879,1783078555703948,1783078555743868,1783078556109605,1783078556167211
10,7,21,1783078556321658,1783078556337825,1783078556344612,1783078556344622,1783078556576918,1783078556616841,1783078556982574,1783078557040175
10,7,22,1783078557194607,1783078557210777,1783078557217564,1783078557217574,1783078557449771,1783078557489703,1783078557855481,1783078557913088
10,7,23,1783078558067524,1783078558083705,1783078558090496,1783078558090507,1783078558322924,1783078558362852,1783078558728609,1783078558786213
10,7,24,1783078558940647,1783078558956819,1783078558963605,1783078558963614,1783078559195903,1783078559235829,1783078559601606,1783078559659224
10,7,25,1783078559813671,1783078559829857,1783078559836647,1783078559836658,1783078560069130,1783078560109054,1783078560474754,1783078560532361
10,7,26,1783078560686820,1783078560702999,1783078560709791,1783078560709800,1783078560942199,1783078560982118,1783078561347860,1783078561405466
10,7,27,1783078561559915,1783078561576095,1783078561582883,1783078561582894,1783078561814606,1783078561854526,1783078562220283,1783078562277885
10,7,28,1783078562432324,1783078562448505,1783078562455294,1783078562455304,1783078562687959,1783078562727885,1783078563093617,1783078563151220
10,7,29,1783078563305655,1783078563321844,1783078563328633,1783078563328642,1783078563560750,1783078563600671,1783078563966392,1783078564024011
10,7,30,1783078564178442,1783078564194619,1783078564201404,1783078564201413,1783078564433255,1783078564473178,1783078564838966,1783078564896572
10,7,31,1783078565050996,1783078565067188,1783078565073978,1783078565073988,1783078565306342,1783078565346259,1783078565712052,1783078565769666
10,7,32,1783078565924099,1783078565940276,1783078565947066,1783078565947076,1783078566179129,1783078566219050,1783078566584859,1783078566642467
10,7,33,1783078566796945,1783078566813123,1783078566819920,1783078566819929,1783078567052342,1783078567092278,1783078567457999,1783078567515603
10,7,34,1783078567670062,1783078567686234,1783078567693029,1783078567693040,1783078567924894,1783078567964819,1783078568330648,1783078568388268
10,7,35,1783078568542710,1783078568558878,1783078568565668,1783078568565678,1783078568798071,1783078568837989,1783078569203765,1783078569261371
10,7,36,1783078569415819,1783078569431989,1783078569438776,1783078569438786,1783078569671014,1783078569710946,1783078570076806,1783078570134412
10,7,37,1783078570288853,1783078570305040,1783078570311825,1783078570311835,1783078570543901,1783078570583822,1783078570949592,1783078571007199
10,7,38,1783078571161640,1783078571177822,1783078571184615,1783078571184625,1783078571416501,1783078571456420,1783078571822235,1783078571879841
10,7,39,1783078572034288,1783078572050470,1783078572057260,1783078572057270,1783078572289542,1783078572329469,1783078572695218,1783078572752849
10,7,40,1783078572907271,1783078572923451,1783078572930241,1783078572930250,1783078573162449,1783078573202370,1783078573568069,1783078573625972
10,7,41,1783078573780422,1783078573796603,1783078573803408,1783078573803418,1783078574035885,1783078574075812,1783078574441587,1783078574499189
10,7,42,1783078574653632,1783078574669811,1783078574676594,1783078574676604,1783078574908831,1783078574948749,1783078575314563,1783078575372171
10,7,43,1783078575526635,1783078575542816,1783078575549607,1783078575549616,1783078575781878,1783078575821797,1783078576187648,1783078576245259
10,7,44,1783078576399680,1783078576415850,1783078576422642,1783078576422652,1783078576654471,1783078576694397,1783078577060206,1783078577117840
10,7,45,1783078577272291,1783078577288456,1783078577295242,1783078577295252,1783078577527585,1783078577567531,1783078577933343,1783078577990948
10,7,46,1783078578145408,1783078578161580,1783078578168367,1783078578168377,1783078578400563,1783078578440483,1783078578806291,1783078578863896
10,7,47,1783078579018351,1783078579034518,1783078579041312,1783078579041324,1783078579273360,1783078579313292,1783078579679095,1783078579736703
10,7,48,1783078579891128,1783078579907297,1783078579914105,1783078579914115,1783078580146772,1783078580186688,1783078580552368,1783078580609976
10,7,49,1783078580764419,1783078580780594,1783078580787392,1783078580787401,1783078581019603,1783078581059526,1783078581425293,1783078581482912
10,8,0,1783078581637359,1783078581653526,1783078581660312,1783078581660321,1783078581892162,1783078581932090,1783078582297912,1783078582355517
10,8,1,1783078582509958,1783078582526156,1783078582532947,1783078582532957,1783078582765356,1783078582805274,1783078583171094,1783078583228695
10,8,2,1783078583383131,1783078583399314,1783078583406104,1783078583406113,1783078583638462,1783078583678389,1783078584044220,1783078584101821
10,8,3,1783078584256260,1783078584272435,1783078584279221,1783078584279230,1783078584511102,1783078584551061,1783078584916782,1783078584974384
10,8,4,1783078585128810,1783078585144986,1783078585151777,1783078585151786,1783078585383660,1783078585423583,1783078585789368,1783078585846981
10,8,5,1783078586001408,1783078586017583,1783078586024384,1783078586024394,1783078586256765,1783078586296687,1783078586662441,1783078586720044
10,8,6,1783078586874470,1783078586890669,1783078586897458,1783078586897468,1783078587129750,1783078587169670,1783078587535373,1783078587592988
10,8,7,1783078587747419,1783078587763600,1783078587770384,1783078587770393,1783078588002024,1783078588041942,1783078588407740,1783078588465343
10,8,8,1783078588619791,1783078588635969,1783078588642758,1783078588642768,1783078588875023,1783078588914946,1783078589280699,1783078589338302
10,8,9,1783078589492710,1783078589508886,1783078589515677,1783078589515689,1783078589746863,1783078589786786,1783078590152600,1783078590210234
10,8,10,1783078590364651,1783078590380863,1783078590387653,1783078590387663,1783078590619477,1783078590659398,1783078591025201,1783078591082818
10,8,11,1783078591237266,1783078591253434,1783078591260220,1783078591260229,1783078591492460,1783078591532399,1783078591898089,1783078591955689
10,8,12,1783078592110132,1783078592126303,1783078592133091,1783078592133101,1783078592365665,1783078592405592,1783078592771433,1783078592829040
10,8,13,1783078592983463,1783078592999646,1783078593006434,1783078593006444,1783078593238854,1783078593278772,1783078593644584,1783078593702186
10,8,14,1783078593856615,1783078593872795,1783078593879581,1783078593879591,1783078594111964,1783078594151879,1783078594517712,1783078594575348
10,8,15,1783078594729776,1783078594745954,1783078594752755,1783078594752764,1783078594985064,1783078595024977,1783078595390749,1783078595448357
10,8,16,1783078595602830,1783078595619006,1783078595625790,1783078595625798,1783078595857409,1783078595897340,1783078596263024,1783078596320640
10,8,17,1783078596475067,1783078596491240,1783078596498030,1783078596498040,1783078596729990,1783078596769909,1783078597135741,1783078597193360
10,8,18,1783078597347809,1783078597363990,1783078597370777,1783078597370787,1783078597602854,1783078597642781,1783078598008650,1783078598066256
10,8,19,1783078598220711,1783078598236886,1783078598243676,1783078598243687,1783078598475964,1783078598515892,1783078598881685,1783078598939301
10,8,20,1783078599093753,1783078599109928,1783078599116717,1783078599116726,1783078599349252,1783078599389170,1783078599754996,1783078599812610
10,8,21,1783078599967065,1783078599983242,1783078599990041,1783078599990052,1783078600222195,1783078600262115,1783078600627909,1783078600685513
10,8,22,1783078600839945,1783078600856113,1783078600862907,1783078600862918,1783078601094990,1783078601134915,1783078601500659,1783078601558280
10,8,23,1783078601712733,1783078601728899,1783078601735688,1783078601735697,1783078601968016,1783078602007933,1783078602373745,1783078602431361
10,8,24,1783078602585816,1783078602601995,1783078602608783,1783078602608794,1783078602840732,1783078602880651,1783078603246377,1783078603303996
10,8,25,1783078603458439,1783078603474606,1783078603481396,1783078603481406,1783078603713433,1783078603753352,1783078604119138,1783078604176743
10,8,26,1783078604331190,1783078604347372,1783078604354171,1783078604354180,1783078604586375,1783078604626303,1783078604992115,1783078605049721
10,8,27,1783078605204171,1783078605220370,1783078605227155,1783078605227164,1783078605459464,1783078605499380,1783078605865135,1783078605922739
10,8,28,1783078606077181,1783078606093349,1783078606100143,1783078606100155,1783078606332546,1783078606372458,1783078606738276,1783078606795888
10,8,29,1783078606950357,1783078606966533,1783078606973339,1783078606973350,1783078607205794,1783078607245714,1783078607611541,1783078607669158
10,8,30,1783078607823597,1783078607839778,1783078607846577,1783078607846587,1783078608078855,1783078608118775,1783078608484522,1783078608542141
10,8,31,1783078608696592,1783078608712771,1783078608719557,1783078608719567,1783078608951904,1783078608991829,1783078609357545,1783078609415152
10,8,32,1783078609569611,1783078609585788,1783078609592573,1783078609592582,1783078609824236,1783078609864162,1783078610229937,1783078610287539
10,8,33,1783078610441990,1783078610458173,1783078610464962,1783078610464973,1783078610697361,1783078610737271,1783078611102973,1783078611160570
10,8,34,1783078611315025,1783078611331193,1783078611337977,1783078611337987,1783078611570323,1783078611610251,1783078611976012,1783078612033629
10,8,35,1783078612188075,1783078612204254,1783078612211057,1783078612211066,1783078612443301,1783078612483220,1783078612849087,1783078612906696
10,8,36,1783078613061159,1783078613077328,1783078613084117,1783078613084126,1783078613316674,1783078613356594,1783078613722406,1783078613780008
10,8,37,1783078613934437,1783078613950608,1783078613957395,1783078613957403,1783078614189118,1783078614229048,1783078614594801,1783078614652407
10,8,38,1783078614806848,1783078614823017,1783078614829807,1783078614829818,1783078615061835,1783078615101758,1783078615467585,1783078615525210
10,8,39,1783078615679630,1783078615695796,1783078615702587,1783078615702597,1783078615934338,1783078615974259,1783078616340063,1783078616397686
10,8,40,1783078616552134,1783078616568306,1783078616575097,1783078616575108,1783078616807417,1783078616847342,1783078617213121,1783078617270728
10,8,41,1783078617425197,1783078617441378,1783078617448174,1783078617448187,1783078617680569,1783078617720486,1783078618086292,1783078618143896
10,8,42,1783078618298346,1783078618314521,1783078618321322,1783078618321334,1783078618553773,1783078618593699,1783078618959542,1783078619017149
10,8,43,1783078619171576,1783078619187795,1783078619194585,1783078619194595,1783078619426843,1783078619466764,1783078619832588,1783078619890193
10,8,44,1783078620044614,1783078620060792,1783078620067581,1783078620067590,1783078620299445,1783078620339364,1783078620705108,1783078620762733
10,8,45,1783078620917166,1783078620933337,1783078620940143,1783078620940154,1783078621171858,1783078621211780,1783078621577590,1783078621635211
10,8,46,1783078621789630,1783078621805818,1783078621812620,1783078621812631,1783078622044471,1783078622084388,1783078622450177,1783078622507781
10,8,47,1783078622662259,1783078622678441,1783078622685243,1783078622685254,1783078622917450,1783078622957373,1783078623323138,1783078623380739
10,8,48,1783078623535192,1783078623551368,1783078623558156,1783078623558167,1783078623790707,1783078623830626,1783078624196462,1783078624254075
10,8,49,1783078624408494,1783078624424667,1783078624431452,1783078624431462,1783078624663371,1783078624703291,1783078625069097,1783078625126718
10,9,0,1783078625281162,1783078625297335,1783078625304123,1783078625304133,1783078625536158,1783078625576086,1783078625941906,1783078625999510
10,9,1,1783078626153952,1783078626170133,1783078626176931,1783078626176943,1783078626409546,1783078626449460,1783078626815256,1783078626872860
10,9,2,1783078627027298,1783078627043464,1783078627050254,1783078627050265,1783078627281974,1783078627321897,1783078627687694,1783078627745305
10,9,3,1783078627899743,1783078627915912,1783078627922715,1783078627922726,1783078628154971,1783078628194889,1783078628560612,1783078628618222
10,9,4,1783078628772644,1783078628788821,1783078628795608,1783078628795618,1783078629027209,1783078629067127,1783078629432926,1783078629490554
10,9,5,1783078629645004,1783078629661177,1783078629667979,1783078629667990,1783078629900343,1783078629940269,1783078630305976,1783078630363596
10,9,6,1783078630518048,1783078630534243,1783078630541047,1783078630541058,1783078630772779,1783078630812698,1783078631178512,1783078631236112
10,9,7,1783078631390541,1783078631406723,1783078631413522,1783078631413534,1783078631645453,1783078631685377,1783078632051193,1783078632108794
10,9,8,1783078632263239,1783078632279417,1783078632286206,1783078632286216,1783078632518359,1783078632558315,1783078632924113,1783078632981721
10,9,9,1783078633136145,1783078633152364,1783078633159166,1783078633159176,1783078633391334,1783078633431261,1783078633797040,1783078633854671
10,9,10,1783078634009110,1783078634025279,1783078634032078,1783078634032088,1783078634263876,1783078634303802,1783078634669612,1783078634727217
10,9,11,1783078634881668,1783078634897853,1783078634904643,1783078634904654,1783078635136936,1783078635176859,1783078635542651,1783078635600256
10,9,12,1783078635754688,1783078635770866,1783078635777673,1783078635777686,1783078636009707,1783078636049630,1783078636415390,1783078636472996
10,9,13,1783078636627472,1783078636643647,1783078636650443,1783078636650453,1783078636882825,1783078636922746,1783078637288529,1783078637346134
10,9,14,1783078637500569,1783078637516738,1783078637523521,1783078637523531,1783078637755174,1783078637795106,1783078638160885,1783078638218504
10,9,15,1783078638372945,1783078638389112,1783078638395907,1783078638395918,1783078638627757,1783078638667683,1783078639033382,1783078639090988
10,9,16,1783078639245429,1783078639261600,1783078639268388,1783078639268399,1783078639500732,1783078639540675,1783078639906506,1783078639964112
10,9,17,1783078640118532,1783078640134705,1783078640141497,1783078640141508,1783078640373782,1783078640413697,1783078640779410,1783078640837016
10,9,18,1783078640991445,1783078641007627,1783078641014417,1783078641014427,1783078641245976,1783078641285897,1783078641651778,1783078641709380
10,9,19,1783078641863803,1783078641879971,1783078641886765,1783078641886774,1783078642118958,1783078642158879,1783078642524694,1783078642582636
10,9,20,1783078642737068,1783078642753238,1783078642760027,1783078642760037,1783078642992096,1783078643032018,1783078643397776,1783078643455377
10,9,21,1783078643609829,1783078643626026,1783078643632816,1783078643632825,1783078643864963,1783078643904885,1783078644270710,1783078644328314
10,9,22,1783078644482760,1783078644498933,1783078644505721,1783078644505730,1783078644738068,1783078644777985,1783078645143733,1783078645201336
10,9,23,1783078645355770,1783078645371944,1783078645378731,1783078645378741,1783078645610789,1783078645650708,1783078646016399,1783078646074004
10,9,24,1783078646228444,1783078646244623,1783078646251412,1783078646251422,1783078646483751,1783078646523670,1783078646889426,1783078646947042
10,9,25,1783078647101473,1783078647117654,1783078647124443,1783078647124452,1783078647356099,1783078647396019,1783078647761844,1783078647819445
10,9,26,1783078647973881,1783078647990062,1783078647996863,1783078647996875,1783078648228760,1783078648268681,1783078648634559,1783078648692465
10,9,27,1783078648846895,1783078648863073,1783078648869866,1783078648869876,1783078649102272,1783078649142193,1783078649508076,1783078649565705
10,9,28,1783078649720137,1783078649736309,1783078649743096,1783078649743106,1783078649975462,1783078650015379,1783078650381218,1783078650438828
10,9,29,1783078650593289,1783078650609465,1783078650616254,1783078650616264,1783078650848520,1783078650888435,1783078651254252,1783078651311869
10,9,30,1783078651466305,1783078651482470,1783078651489255,1783078651489264,1783078651720910,1783078651760826,1783078652126627,1783078652184236
10,9,31,1783078652338693,1783078652354864,1783078652361652,1783078652361662,1783078652594006,1783078652633924,1783078652999658,1783078653057260
10,9,32,1783078653211677,1783078653227849,1783078653234635,1783078653234646,1783078653466604,1783078653506525,1783078653872341,1783078653929948
10,9,33,1783078654084368,1783078654100536,1783078654107327,1783078654107336,1783078654339505,1783078654379433,1783078654745236,1783078654802843
10,9,34,1783078654957272,1783078654973440,1783078654980226,1783078654980236,1783078655212286,1783078655252204,1783078655618036,1783078655675659
10,9,35,1783078655830111,1783078655846281,1783078655853080,1783078655853090,1783078656085605,1783078656125517,1783078656491306,1783078656548935
10,9,36,1783078656703391,1783078656719569,1783078656726362,1783078656726373,1783078656958688,1783078656998608,1783078657364400,1783078657422017
10,9,37,1783078657576467,1783078657592648,1783078657599437,1783078657599447,1783078657831839,1783078657871755,1783078658237485,1783078658295090
10,9,38,1783078658449550,1783078658465729,1783078658472514,1783078658472525,1783078658704656,1783078658744588,1783078659110343,1783078659167943
10,9,39,1783078659322375,1783078659338553,1783078659345354,1783078659345367,1783078659577596,1783078659617519,1783078659983319,1783078660040934
10,9,40,1783078660195353,1783078660211529,1783078660218319,1783078660218328,1783078660450305,1783078660490225,1783078660856048,1783078660913652
10,9,41,1783078661068118,1783078661084294,1783078661091096,1783078661091106,1783078661323567,1783078661363501,1783078661729244,1783078661786851
10,9,42,1783078661941282,1783078661957455,1783078661964248,1783078661964257,1783078662196241,1783078662236163,1783078662601931,1783078662659548
10,9,43,1783078662813977,1783078662830162,1783078662836957,1783078662836967,1783078663069464,1783078663109380,1783078663475151,1783078663532774
10,9,44,1783078663687212,1783078663703385,1783078663710177,1783078663710187,1783078663942445,1783078663982368,1783078664348214,1783078664405846
10,9,45,1783078664560294,1783078664576461,1783078664583248,1783078664583258,1783078664815531,1783078664855458,1783078665221225,1783078665278826
10,9,46,1783078665433276,1783078665449443,1783078665456237,1783078665456247,1783078665688841,1783078665728764,1783078666094601,1783078666152221
10,9,47,1783078666306662,1783078666322829,1783078666329620,1783078666329630,1783078666562074,1783078666601998,1783078666967792,1783078667025398
10,9,48,1783078667179831,1783078667195998,1783078667202799,1783078667202809,1783078667435025,1783078667474949,1783078667840795,1783078667898404
10,9,49,1783078668052830,1783078668069008,1783078668075807,1783078668075816,1783078668307914,1783078668347844,1783078668713635,1783078668771269
